{
  "type": "FeatureCollection",
  "generator": "overpass-turbo",
  "copyright": "The data included in this document is from www.openstreetmap.org. The data is made available under ODbL.",
  "timestamp": "2026-07-03T16:10:38Z",
  "features": [
    {
      "type": "Feature",
      "properties": {
        "@id": "node/100872452",
        "bicycle:conditional": "yes @ Mo-Th 20:00-23:30; Fr 20:00-24:00; Sa 00:00-01:30, 05:30-24:00; Su 00:00-01:30, 05:30-23:30; PH 05:30-24:00",
        "fixme": "Improve routing to do NOT enter here if your direction is Laurentina, since this entrance is only for Rebibbia https://wiki.openstreetmap.org/wiki/Talk:Tag:railway%3Dsubway_entrance",
        "name": "Circo Massimo",
        "name:en": "Circo Massimo (direction Rebibbia/Jonio)",
        "name:it": "Circo Massimo (direzione Rebibbia/Jonio)",
        "note": "folding bikes always allowed, electric bikes with lead batteries not allowed",
        "railway": "subway_entrance",
        "to": "Rebibbia/Conca d'Oro",
        "wheelchair": "yes"
      },
      "geometry": {
        "type": "Point",
        "coordinates": [
          12.487533,
          41.8835897
        ]
      },
      "id": "node/100872452"
    },
    {
      "type": "Feature",
      "properties": {
        "@id": "node/227995912",
        "amenity": "fuel",
        "brand": "Agip",
        "brand:wikidata": "Q377915",
        "brand:wikipedia": "en:Agip",
        "fuel:diesel": "yes",
        "fuel:octane_95": "yes",
        "name": "Agip",
        "operator": "Trotta Andrea",
        "ref:mise": "19955"
      },
      "geometry": {
        "type": "Point",
        "coordinates": [
          12.4881331,
          41.8932522
        ]
      },
      "id": "node/227995912"
    },
    {
      "type": "Feature",
      "properties": {
        "@id": "node/246574146",
        "amenity": "fountain",
        "architect": "Pietro Lombardi",
        "capacity": "3",
        "description": "Multiple drinking fountain, remarkable historical work sculpted in lime stone",
        "drinking_water": "yes",
        "fountain": "decorative",
        "name": "Fontana dei Monti",
        "name:it": "Fontana dei Monti",
        "start_date": "1927",
        "wikimedia_commons": "File:Roma, Italia Jun 13, 2026 03-24-43 PM.jpeg"
      },
      "geometry": {
        "type": "Point",
        "coordinates": [
          12.5016702,
          41.8957784
        ]
      },
      "id": "node/246574146"
    },
    {
      "type": "Feature",
      "properties": {
        "@id": "node/246574147",
        "bicycle:conditional": "yes @ Mo-Th 20:00-23:30; Fr 20:00-24:00; Sa 00:00-01:30, 05:30-24:00; Su 00:00-01:30, 05:30-23:30; PH 05:30-24:00",
        "name": "Cavour (direzione Laurentina)",
        "name:en": "Cavour (direction Laurentina)",
        "name:it": "Cavour (direzione Laurentina)",
        "network": "Metropolitana di Roma",
        "note": "folding bikes always allowed, electric bikes with lead batteries not allowed",
        "railway": "subway_entrance"
      },
      "geometry": {
        "type": "Point",
        "coordinates": [
          12.493695,
          41.8949189
        ]
      },
      "id": "node/246574147"
    },
    {
      "type": "Feature",
      "properties": {
        "@id": "node/246574149",
        "amenity": "drinking_water",
        "flow": "push-button",
        "fountain": "nasone",
        "wikimedia_commons": "File:Drinking fountain, Via Leonina, Roma, Italia May 03, 2023 07-31-24 PM.jpeg"
      },
      "geometry": {
        "type": "Point",
        "coordinates": [
          12.4919399,
          41.894806
        ]
      },
      "id": "node/246574149"
    },
    {
      "type": "Feature",
      "properties": {
        "@id": "node/246574150",
        "amenity": "drinking_water",
        "check_date": "2026-04-30",
        "fee": "no",
        "fountain": "nasone",
        "wikimedia_commons": "File:Fountain Piazza dei Serpenti, Roma, Italia Oct 05, 2022 04-43-54 PM.jpeg"
      },
      "geometry": {
        "type": "Point",
        "coordinates": [
          12.4909457,
          41.8948869
        ]
      },
      "id": "node/246574150"
    },
    {
      "type": "Feature",
      "properties": {
        "@id": "node/246574151",
        "amenity": "drinking_water",
        "fountain": "nasone",
        "wikimedia_commons": "File:Drinking fountain Via degli Ibernesi, Roma, Italia Jul 08, 2023 05-22-02 PM.jpeg"
      },
      "geometry": {
        "type": "Point",
        "coordinates": [
          12.487739,
          41.8944984
        ]
      },
      "id": "node/246574151"
    },
    {
      "type": "Feature",
      "properties": {
        "@id": "node/246661218",
        "amenity": "drinking_water",
        "created_by": "JOSM"
      },
      "geometry": {
        "type": "Point",
        "coordinates": [
          12.4901207,
          41.897553
        ]
      },
      "id": "node/246661218"
    },
    {
      "type": "Feature",
      "properties": {
        "@id": "node/246661219",
        "amenity": "drinking_water",
        "fountain": "decorative",
        "historic": "fountain",
        "support": "wall_mounted",
        "wikimedia_commons": "File:Drinking fountain in Via Paolina, Roma, Italia Oct 24, 2025 12-54-05 PM.jpeg"
      },
      "geometry": {
        "type": "Point",
        "coordinates": [
          12.4977508,
          41.8972914
        ]
      },
      "id": "node/246661219"
    },
    {
      "type": "Feature",
      "properties": {
        "@id": "node/248743319",
        "amenity": "drinking_water",
        "capacity": "3",
        "fountain": "nasone",
        "name": "Fontana delle tre cannelle",
        "wikidata": "Q76938649",
        "wikimedia_commons": "File:Fontanella delle tre cannelle.jpg"
      },
      "geometry": {
        "type": "Point",
        "coordinates": [
          12.4859132,
          41.8967142
        ]
      },
      "id": "node/248743319"
    },
    {
      "type": "Feature",
      "properties": {
        "@id": "node/248743322",
        "amenity": "drinking_water",
        "fountain": "drinking",
        "wheelchair": "limited",
        "wikimedia_commons": "File:Drinking fountain, Largo Angelicum, Roma, Italia Jul 08, 2023 05-19-02 PM.jpeg"
      },
      "geometry": {
        "type": "Point",
        "coordinates": [
          12.4870372,
          41.8960661
        ]
      },
      "id": "node/248743322"
    },
    {
      "type": "Feature",
      "properties": {
        "@id": "node/248743324",
        "amenity": "drinking_water",
        "check_date": "2021-11-01",
        "fountain": "roman_wolf",
        "wikimedia_commons": "File:Roman wolf fountain, Torre dei Conti, Roma, Italia Oct 05, 2022 04-47-28 PM.jpeg"
      },
      "geometry": {
        "type": "Point",
        "coordinates": [
          12.4877431,
          41.8935288
        ]
      },
      "id": "node/248743324"
    },
    {
      "type": "Feature",
      "properties": {
        "@id": "node/248832679",
        "bicycle:conditional": "yes @ Mo-Th 20:00-23:30; Fr 20:00-24:00; Sa 00:00-01:30, 05:30-24:00; Su 00:00-01:30, 05:30-23:30; PH 05:30-24:00",
        "name": "Cavour (direzione Rebibbia/Jonio)",
        "name:en": "Cavour (direction Rebibbia/Jonio)",
        "name:it": "Cavour (direzione Rebibbia/Jonio)",
        "network": "Metropolitana di Roma",
        "note": "folding bikes always allowed, electric bikes with lead batteries not allowed",
        "railway": "subway_entrance",
        "wheelchair": "yes"
      },
      "geometry": {
        "type": "Point",
        "coordinates": [
          12.4931044,
          41.894923
        ]
      },
      "id": "node/248832679"
    },
    {
      "type": "Feature",
      "properties": {
        "@id": "node/250889642",
        "amenity": "drinking_water",
        "fountain": "nasone",
        "wikimedia_commons": "File:Drinking fountain in via dei Serpenti, Roma, Italia Oct 24, 2025 12-33-07 PM.jpeg"
      },
      "geometry": {
        "type": "Point",
        "coordinates": [
          12.4903891,
          41.8959904
        ]
      },
      "id": "node/250889642"
    },
    {
      "type": "Feature",
      "properties": {
        "@id": "node/251773348",
        "amenity": "drinking_water",
        "fountain": "nasone",
        "wikimedia_commons": "File:Drinking fountain, Belvedere Romolo e Remo, Circo Massimo, Roma, Italia Jun 16, 2023 11-48-14 AM.jpeg"
      },
      "geometry": {
        "type": "Point",
        "coordinates": [
          12.485289,
          41.885391
        ]
      },
      "id": "node/251773348"
    },
    {
      "type": "Feature",
      "properties": {
        "@id": "node/251773349",
        "amenity": "drinking_water",
        "fountain": "nasone",
        "wikimedia_commons": "File:Drinking fountain, via del Circo Massimo, Roma, Italia Jun 16, 2023 12-02-12 PM.jpeg"
      },
      "geometry": {
        "type": "Point",
        "coordinates": [
          12.4827727,
          41.8870009
        ]
      },
      "id": "node/251773349"
    },
    {
      "type": "Feature",
      "properties": {
        "@id": "node/251773551",
        "amenity": "drinking_water",
        "fountain": "drinking",
        "inscription": "Acqua Marcia",
        "wheelchair": "yes",
        "wikimedia_commons": "File:Drinking fountain Campidoglio, Roma, Italia Jul 08, 2023 05-48-27 PM.jpeg"
      },
      "geometry": {
        "type": "Point",
        "coordinates": [
          12.4838554,
          41.8933168
        ]
      },
      "id": "node/251773551"
    },
    {
      "type": "Feature",
      "properties": {
        "@id": "node/251792639",
        "amenity": "drinking_water",
        "fountain": "nasone",
        "tap": "no",
        "wikimedia_commons": "File:Nasone via di San Teodoro, Roma, Italia Sep 08, 2021 06-03-56 PM.jpeg"
      },
      "geometry": {
        "type": "Point",
        "coordinates": [
          12.4836676,
          41.8885804
        ]
      },
      "id": "node/251792639"
    },
    {
      "type": "Feature",
      "properties": {
        "@id": "node/251895414",
        "name": "Cavour",
        "public_transport": "stop_position",
        "railway": "stop",
        "subway": "yes"
      },
      "geometry": {
        "type": "Point",
        "coordinates": [
          12.4934427,
          41.8948733
        ]
      },
      "id": "node/251895414"
    },
    {
      "type": "Feature",
      "properties": {
        "@id": "node/251896684",
        "name": "Circo Massimo",
        "public_transport": "stop_position",
        "railway": "stop",
        "subway": "yes"
      },
      "geometry": {
        "type": "Point",
        "coordinates": [
          12.4881669,
          41.8834322
        ]
      },
      "id": "node/251896684"
    },
    {
      "type": "Feature",
      "properties": {
        "@id": "node/252441820",
        "addr:city": "Roma",
        "addr:housenumber": "82/c",
        "addr:postcode": "00184",
        "addr:street": "Largo Brancaccio",
        "amenity": "post_office",
        "atm": "yes",
        "fax": "+39 06 485728",
        "name": "Poste Italiane – Roma 21",
        "opening_hours": "Mo-Fr 08:20-13:35; Sa 08:20-12:35; PH off",
        "operator": "Poste Italiane",
        "operator:wikidata": "Q495026",
        "operator:wikipedia": "en:Poste italiane",
        "phone": "+39 06 48903635",
        "ref": "55211"
      },
      "geometry": {
        "type": "Point",
        "coordinates": [
          12.4996246,
          41.8948795
        ]
      },
      "id": "node/252441820"
    },
    {
      "type": "Feature",
      "properties": {
        "@id": "node/252601050",
        "addr:city": "Roma",
        "addr:country": "IT",
        "addr:housenumber": "33c",
        "addr:postcode": "00184",
        "addr:street": "Via di San Martino ai Monti",
        "amenity": "restaurant",
        "contact:facebook": "https://www.facebook.com/ristorantecinesesichuan",
        "cuisine": "chinese",
        "diet:vegetarian": "yes",
        "indoor_seating": "yes",
        "name": "Sichuan Haozi",
        "opening_hours": "Mo-Su 11:00-15:00,17:30-23:00",
        "outdoor_seating": "yes",
        "phone": "+39 06 481 4425"
      },
      "geometry": {
        "type": "Point",
        "coordinates": [
          12.4994549,
          41.8958135
        ]
      },
      "id": "node/252601050"
    },
    {
      "type": "Feature",
      "properties": {
        "@id": "node/252602350",
        "amenity": "drinking_water",
        "created_by": "JOSM"
      },
      "geometry": {
        "type": "Point",
        "coordinates": [
          12.4929031,
          41.8961224
        ]
      },
      "id": "node/252602350"
    },
    {
      "type": "Feature",
      "properties": {
        "@id": "node/252609581",
        "amenity": "drinking_water"
      },
      "geometry": {
        "type": "Point",
        "coordinates": [
          12.49709,
          41.8961363
        ]
      },
      "id": "node/252609581"
    },
    {
      "type": "Feature",
      "properties": {
        "@id": "node/252899499",
        "amenity": "drinking_water",
        "fountain": "nasone",
        "wikimedia_commons": "File:Nasone Merulana, Roma, Italia Mar 22, 2022 04-53-33 PM.jpeg"
      },
      "geometry": {
        "type": "Point",
        "coordinates": [
          12.5022052,
          41.8917675
        ]
      },
      "id": "node/252899499"
    },
    {
      "type": "Feature",
      "properties": {
        "@id": "node/256572272",
        "amenity": "drinking_water",
        "fountain": "nasone"
      },
      "geometry": {
        "type": "Point",
        "coordinates": [
          12.4963709,
          41.8947199
        ]
      },
      "id": "node/256572272"
    },
    {
      "type": "Feature",
      "properties": {
        "@id": "node/256572503",
        "amenity": "fountain",
        "drinking_water": "yes"
      },
      "geometry": {
        "type": "Point",
        "coordinates": [
          12.5011245,
          41.8897454
        ]
      },
      "id": "node/256572503"
    },
    {
      "type": "Feature",
      "properties": {
        "@id": "node/259866356",
        "camera:direction": "300",
        "camera:mount": "pole",
        "camera:type": "fixed",
        "man_made": "surveillance",
        "surveillance": "outdoor",
        "surveillance:type": "camera",
        "surveillance:zone": "traffic"
      },
      "geometry": {
        "type": "Point",
        "coordinates": [
          12.4940283,
          41.8905698
        ]
      },
      "id": "node/259866356"
    },
    {
      "type": "Feature",
      "properties": {
        "@id": "node/260540147",
        "bicycle:conditional": "yes @ Mo-Th 20:00-23:30; Fr 20:00-24:00; Sa 00:00-01:30, 05:30-24:00; Su 00:00-01:30, 05:30-23:30; PH 05:30-24:00",
        "name": "Circo Massimo",
        "name:en": "Circo Massimo (direction Laurentina)",
        "name:it": "Circo Massimo (direzione Laurentina)",
        "note": "folding bikes always allowed, electric bikes with lead batteries not allowed",
        "railway": "subway_entrance",
        "to": "Laurentina"
      },
      "geometry": {
        "type": "Point",
        "coordinates": [
          12.4882692,
          41.8833618
        ]
      },
      "id": "node/260540147"
    },
    {
      "type": "Feature",
      "properties": {
        "@id": "node/260770349",
        "created_by": "Potlatch 0.8b",
        "historic": "ruins"
      },
      "geometry": {
        "type": "Point",
        "coordinates": [
          12.4944902,
          41.8856186
        ]
      },
      "id": "node/260770349"
    },
    {
      "type": "Feature",
      "properties": {
        "@id": "node/260770350",
        "alt_name": "Obelisco di Ramsete",
        "description": "Urna cineraria di Augusto",
        "height": "12.23",
        "historic": "monument",
        "historic:civilization": "ancient_egyptian",
        "landmark": "yes",
        "man_made": "obelisk",
        "name": "Obelisco Matteiano",
        "obelisk:size": "monumental",
        "wikidata": "Q3348564",
        "wikimedia_commons": "Category:Matteiano obelisk",
        "wikipedia": "it:Obelisco di Villa Celimontana"
      },
      "geometry": {
        "type": "Point",
        "coordinates": [
          12.495335,
          41.8833893
        ]
      },
      "id": "node/260770350"
    },
    {
      "type": "Feature",
      "properties": {
        "@id": "node/264897051",
        "amenity": "fountain",
        "architect": "Pietro Lombardi",
        "capacity": "4",
        "drinking_water": "yes",
        "fountain": "drinking",
        "name": "Fontana della Pigna",
        "name:ru": "фонтан шишка",
        "start_date": "1927",
        "wikidata": "Q76941879",
        "wikimedia_commons": "File:The British Army on Leave in Italy, June 1944 TR1971.jpg"
      },
      "geometry": {
        "type": "Point",
        "coordinates": [
          12.4815712,
          41.8953658
        ]
      },
      "id": "node/264897051"
    },
    {
      "type": "Feature",
      "properties": {
        "@id": "node/266310817",
        "amenity": "drinking_water",
        "fountain": "nasone",
        "wikimedia_commons": "File:Drinking fountain in Largo della Polveriera, Roma, Italia Sep 22, 2025 01-16-07 PM.jpeg"
      },
      "geometry": {
        "type": "Point",
        "coordinates": [
          12.4931113,
          41.8926848
        ]
      },
      "id": "node/266310817"
    },
    {
      "type": "Feature",
      "properties": {
        "@id": "node/266317282",
        "amenity": "drinking_water",
        "check_date": "2023-10-03",
        "fountain": "drinking"
      },
      "geometry": {
        "type": "Point",
        "coordinates": [
          12.4901658,
          41.8932611
        ]
      },
      "id": "node/266317282"
    },
    {
      "type": "Feature",
      "properties": {
        "@id": "node/266773743",
        "amenity": "drinking_water",
        "fountain": "nasone",
        "wikimedia_commons": "File:Drinking fountain, Aventino, Rome, Italy Oct 08, 2023 06-57-30 PM.jpeg"
      },
      "geometry": {
        "type": "Point",
        "coordinates": [
          12.4840162,
          41.8824798
        ]
      },
      "id": "node/266773743"
    },
    {
      "type": "Feature",
      "properties": {
        "@id": "node/266965232",
        "amenity": "drinking_water",
        "fountain": "nasone",
        "tap": "no",
        "wikimedia_commons": "File:Nasone, Viale Aventino, Roma, Italia Nov 04, 2020 09-28-54 AM.jpeg"
      },
      "geometry": {
        "type": "Point",
        "coordinates": [
          12.4875256,
          41.8833501
        ]
      },
      "id": "node/266965232"
    },
    {
      "type": "Feature",
      "properties": {
        "@id": "node/270198478",
        "amenity": "drinking_water",
        "fountain": "roman_wolf",
        "wikimedia_commons": "File:Roman wolf fountain, Parco del Celio, Roma, Italia Sep 01, 2020 12-32-47 PM.jpeg"
      },
      "geometry": {
        "type": "Point",
        "coordinates": [
          12.494358,
          41.8855249
        ]
      },
      "id": "node/270198478"
    },
    {
      "type": "Feature",
      "properties": {
        "@id": "node/270198479",
        "amenity": "drinking_water",
        "fountain": "roman_wolf",
        "wikimedia_commons": "File:Roman Wolf Fountain, Villa Celimontana, Roma, Italia Sep 01, 2020 12-41-19 PM.jpeg"
      },
      "geometry": {
        "type": "Point",
        "coordinates": [
          12.4947844,
          41.8837598
        ]
      },
      "id": "node/270198479"
    },
    {
      "type": "Feature",
      "properties": {
        "@id": "node/270198480",
        "amenity": "drinking_water",
        "fountain": "roman_wolf",
        "wikimedia_commons": "File:Roman wolf fountain, Celio, Roma, Italia Sep 01, 2020 12-03-35 PM.jpeg"
      },
      "geometry": {
        "type": "Point",
        "coordinates": [
          12.4932314,
          41.8854777
        ]
      },
      "id": "node/270198480"
    },
    {
      "type": "Feature",
      "properties": {
        "@id": "node/280155143",
        "amenity": "drinking_water"
      },
      "geometry": {
        "type": "Point",
        "coordinates": [
          12.5009036,
          41.889461
        ]
      },
      "id": "node/280155143"
    },
    {
      "type": "Feature",
      "properties": {
        "@id": "node/281351519",
        "amenity": "drinking_water",
        "check_date": "2026-04-23",
        "fee": "no",
        "fountain": "nasone"
      },
      "geometry": {
        "type": "Point",
        "coordinates": [
          12.4922226,
          41.8963253
        ]
      },
      "id": "node/281351519"
    },
    {
      "type": "Feature",
      "properties": {
        "@id": "node/281352641",
        "amenity": "drinking_water",
        "bottle": "yes",
        "fountain": "nasone",
        "wheelchair": "yes",
        "wikimedia_commons": "File:Nasone via botta, Roma, Italia Jun 30, 2022 06-23-28 PM.jpeg"
      },
      "geometry": {
        "type": "Point",
        "coordinates": [
          12.5003989,
          41.8915913
        ]
      },
      "id": "node/281352641"
    },
    {
      "type": "Feature",
      "properties": {
        "@id": "node/297376921",
        "name": "Colosseo",
        "public_transport": "stop_position",
        "railway": "stop",
        "subway": "yes",
        "wikimedia_commons": "Category:Metropolitana di Roma linea B - Colosseo"
      },
      "geometry": {
        "type": "Point",
        "coordinates": [
          12.4916082,
          41.8914256
        ]
      },
      "id": "node/297376921"
    },
    {
      "type": "Feature",
      "properties": {
        "@id": "node/307953827",
        "amenity": "toilets",
        "check_date": "2026-04-10",
        "check_date:wheelchair": "2026-04-10",
        "fee": "no",
        "wheelchair": "no"
      },
      "geometry": {
        "type": "Point",
        "coordinates": [
          12.4866937,
          41.8902714
        ]
      },
      "id": "node/307953827"
    },
    {
      "type": "Feature",
      "properties": {
        "@id": "node/307953832",
        "access": "customers",
        "amenity": "toilets",
        "changing_table": "no",
        "fee": "no",
        "wheelchair": "yes"
      },
      "geometry": {
        "type": "Point",
        "coordinates": [
          12.4896423,
          41.8877508
        ]
      },
      "id": "node/307953832"
    },
    {
      "type": "Feature",
      "properties": {
        "@id": "node/307964760",
        "access": "customers",
        "amenity": "toilets",
        "changing_table": "yes",
        "drinking_water": "yes",
        "fee": "no",
        "female": "yes",
        "male": "yes",
        "toilets:position": "seated",
        "wheelchair": "designated"
      },
      "geometry": {
        "type": "Point",
        "coordinates": [
          12.4850259,
          41.8915034
        ]
      },
      "id": "node/307964760"
    },
    {
      "type": "Feature",
      "properties": {
        "@id": "node/327114989",
        "amenity": "drinking_water",
        "fountain": "nasone",
        "wikimedia_commons": "File:Drinking fountain at Via Merulana, Brancaccio, Roma, Italia Sep 12, 2025 10-48-50 AM.jpeg"
      },
      "geometry": {
        "type": "Point",
        "coordinates": [
          12.5010324,
          41.8937726
        ]
      },
      "id": "node/327114989"
    },
    {
      "type": "Feature",
      "properties": {
        "@id": "node/356935276",
        "artist_name": "Michelangelo Buonarroti",
        "artwork_type": "statue",
        "end_date": "1515",
        "height": "2.4",
        "material": "stone",
        "name": "Mosè",
        "name:en": "Moses (Michelangelo)",
        "name:es": "Moisés de Miguel Ángel",
        "name:fr": "Moïse (Michel-Ange)",
        "name:hu": "Mózes",
        "name:ru": "Статуя Моисея (Микеланджело)",
        "start_date": "1513",
        "tourism": "artwork",
        "wikidata": "Q1989744",
        "wikimedia_commons": "Category:Michelangelo's Moses",
        "wikipedia": "it:Mosè (Michelangelo)"
      },
      "geometry": {
        "type": "Point",
        "coordinates": [
          12.4934024,
          41.8938825
        ]
      },
      "id": "node/356935276"
    },
    {
      "type": "Feature",
      "properties": {
        "@id": "node/364860899",
        "name": "Forum Romanum view",
        "name:ru": "Вид на Римский Форум",
        "tourism": "viewpoint",
        "wheelchair": "yes"
      },
      "geometry": {
        "type": "Point",
        "coordinates": [
          12.4836359,
          41.8924641
        ]
      },
      "id": "node/364860899"
    },
    {
      "type": "Feature",
      "properties": {
        "@id": "node/365475871",
        "name": "Colle Palatino",
        "name:ar": "هضبة بالاتين",
        "name:de": "Palatin Gründungshügel Rom",
        "name:en": "Palatine Hill",
        "name:fr": "Palatin",
        "name:he": "גבעת הפאלאטיום",
        "name:it": "Colle Palatino",
        "name:ja": "パラティーノの丘",
        "name:ko": "팔라티노언덕",
        "name:lt": "Palatino kalva",
        "name:nl": "Palatijn",
        "name:pl": "Palatyn",
        "name:ru": "Палатин",
        "name:uk": "Палатин",
        "name:zh": "帕拉提諾之丘",
        "natural": "hill",
        "opening_hours": "Jan 02-Feb 15,Oct 28-Dec 31 08:30-16:30; Jan 16-Mar 15 08:30-17:00; Mar 16-24 08:30-17:30; Mar 25-Aug 31 08:30-19:15; Sep 01-30 08:30-19:00",
        "outdoor_seating": "no",
        "place": "locality",
        "tourism": "attraction",
        "wheelchair": "yes",
        "wikidata": "Q200642",
        "wikimedia_commons": "Category:Palatine Hill",
        "wikipedia": "it:Palatino"
      },
      "geometry": {
        "type": "Point",
        "coordinates": [
          12.4871093,
          41.8893064
        ]
      },
      "id": "node/365475871"
    },
    {
      "type": "Feature",
      "properties": {
        "@id": "node/365475872",
        "amenity": "motorcycle_parking",
        "name:pl": "Celius",
        "name:uk": "Целій"
      },
      "geometry": {
        "type": "Point",
        "coordinates": [
          12.4955764,
          41.8860173
        ]
      },
      "id": "node/365475872"
    },
    {
      "type": "Feature",
      "properties": {
        "@id": "node/366569122",
        "camera:direction": "120",
        "camera:mount": "pole",
        "camera:type": "fixed",
        "man_made": "surveillance",
        "surveillance": "outdoor",
        "surveillance:type": "camera",
        "surveillance:zone": "traffic"
      },
      "geometry": {
        "type": "Point",
        "coordinates": [
          12.4875745,
          41.893054
        ]
      },
      "id": "node/366569122"
    },
    {
      "type": "Feature",
      "properties": {
        "@id": "node/379012827",
        "addr:housenumber": "154",
        "addr:postcode": "00185",
        "addr:street": "Via di Santa Maria Maggiore",
        "email": "desk@hotelveronarome.com",
        "internet_access": "wlan",
        "name": "Hotel Verona",
        "phone": "+39 06 4871244",
        "stars": "3",
        "tourism": "hotel",
        "website": "https://www.hotelveronarome.com/"
      },
      "geometry": {
        "type": "Point",
        "coordinates": [
          12.4970978,
          41.8973968
        ]
      },
      "id": "node/379012827"
    },
    {
      "type": "Feature",
      "properties": {
        "@id": "node/385767729",
        "tourism": "viewpoint",
        "wheelchair": "yes"
      },
      "geometry": {
        "type": "Point",
        "coordinates": [
          12.4858623,
          41.8934447
        ]
      },
      "id": "node/385767729"
    },
    {
      "type": "Feature",
      "properties": {
        "@id": "node/388983995",
        "amenity": "drinking_water"
      },
      "geometry": {
        "type": "Point",
        "coordinates": [
          12.4949446,
          41.8869371
        ]
      },
      "id": "node/388983995"
    },
    {
      "type": "Feature",
      "properties": {
        "@id": "node/388984003",
        "amenity": "drinking_water",
        "fountain": "nasone"
      },
      "geometry": {
        "type": "Point",
        "coordinates": [
          12.494519,
          41.8877413
        ]
      },
      "id": "node/388984003"
    },
    {
      "type": "Feature",
      "properties": {
        "@id": "node/393180368",
        "direction": "45",
        "name": "Belvedere Romolo E Remo",
        "name:fr": "Belvédère Romulus et Rémus",
        "name:it": "Belvedere Romolo E Remo",
        "tourism": "viewpoint",
        "wheelchair": "yes"
      },
      "geometry": {
        "type": "Point",
        "coordinates": [
          12.484964,
          41.8856975
        ]
      },
      "id": "node/393180368"
    },
    {
      "type": "Feature",
      "properties": {
        "@id": "node/410753304",
        "tourism": "viewpoint"
      },
      "geometry": {
        "type": "Point",
        "coordinates": [
          12.4929699,
          41.8894419
        ]
      },
      "id": "node/410753304"
    },
    {
      "type": "Feature",
      "properties": {
        "@id": "node/410779712",
        "bus": "yes",
        "highway": "bus_stop",
        "name": "L.go Amba Aradam",
        "network": "ATAC",
        "network:wikidata": "Q530087",
        "network:wikipedia": "it:ATAC",
        "operator": "ATAC",
        "public_transport": "platform",
        "ref": "70598",
        "shelter": "no"
      },
      "geometry": {
        "type": "Point",
        "coordinates": [
          12.4986038,
          41.8826032
        ]
      },
      "id": "node/410779712"
    },
    {
      "type": "Feature",
      "properties": {
        "@id": "node/448239632",
        "check_date": "2025-08-25",
        "description": "centro storico, monumenti",
        "information": "map",
        "name": "Comune di Roma",
        "tourism": "information"
      },
      "geometry": {
        "type": "Point",
        "coordinates": [
          12.483929,
          41.8956217
        ]
      },
      "id": "node/448239632"
    },
    {
      "type": "Feature",
      "properties": {
        "@id": "node/465627962",
        "amenity": "atm",
        "brand": "Monte dei Paschi di Siena",
        "brand:wikidata": "Q46730",
        "brand:wikipedia": "en:Banca Monte dei Paschi di Siena",
        "name": "Monte dei Paschi di Siena",
        "operator": "Monte dei Paschi di Siena",
        "operator:wikidata": "Q46730",
        "operator:wikipedia": "en:Banca Monte dei Paschi di Siena"
      },
      "geometry": {
        "type": "Point",
        "coordinates": [
          12.4954479,
          41.8898049
        ]
      },
      "id": "node/465627962"
    },
    {
      "type": "Feature",
      "properties": {
        "@id": "node/495113034",
        "amenity": "drinking_water",
        "check_date": "2025-09-22",
        "fountain": "stone_block",
        "wikimedia_commons": "File:Drinking fountain in Parco del Colle Oppio, Roma, Italia Sep 22, 2025 01-18-55 PM.jpeg"
      },
      "geometry": {
        "type": "Point",
        "coordinates": [
          12.4934283,
          41.8913309
        ]
      },
      "id": "node/495113034"
    },
    {
      "type": "Feature",
      "properties": {
        "@id": "node/497186177",
        "artwork_type": "sculpture",
        "name": "Bocca della Verità",
        "name:cs": "Ústa pravdy",
        "name:de": "Mund der Wahrheit",
        "name:en": "The Mouth of Truth",
        "name:es": "Boca de la verdad",
        "name:eu": "Egiaren ahoa",
        "name:fr": "Bouche de la Vérité",
        "name:hu": "Az igazság szája",
        "name:it": "Bocca della Verità",
        "name:ja": "真実の口",
        "name:ko": "진실의입",
        "name:pl": "Usta Prawdy",
        "name:ru": "Уста истины",
        "name:uk": "Вуста Правди",
        "name:zh": "真理之口",
        "opening_hours": "Apr 15-Sep 15 Mo-Su 09:30-17:50; Sep 16-Apr 14 09:30-16:50",
        "tourism": "artwork",
        "website": "https://www.romasegreta.it/ripa/piazza-della-bocca-della-verita.html",
        "wheelchair": "limited",
        "wikidata": "Q729490",
        "wikimedia_commons": "Category:Bocca della Verità",
        "wikipedia": "it:Bocca della Verità"
      },
      "geometry": {
        "type": "Point",
        "coordinates": [
          12.4815441,
          41.8882567
        ]
      },
      "id": "node/497186177"
    },
    {
      "type": "Feature",
      "properties": {
        "@id": "node/500129236",
        "addr:city": "Roma",
        "addr:country": "IT",
        "addr:housenumber": "5",
        "addr:postcode": "00184",
        "addr:street": "Piazza della Madonna dei Monti",
        "amenity": "cafe",
        "name": "La Bottega del Caffè",
        "operator": "Zaro Srl. unipersonale",
        "outdoor_seating": "yes",
        "phone": "+39 06 4741578",
        "ref:vatin": "IT08516811000"
      },
      "geometry": {
        "type": "Point",
        "coordinates": [
          12.4910693,
          41.8949549
        ]
      },
      "id": "node/500129236"
    },
    {
      "type": "Feature",
      "properties": {
        "@id": "node/505058541",
        "amenity": "taxi",
        "check_date": "2023-05-07",
        "odbl": "clean"
      },
      "geometry": {
        "type": "Point",
        "coordinates": [
          12.4937873,
          41.8893725
        ]
      },
      "id": "node/505058541"
    },
    {
      "type": "Feature",
      "properties": {
        "@id": "node/505058887",
        "amenity": "post_office",
        "atm": "yes",
        "name": "Roma 16",
        "operator": "Poste Italiane",
        "operator:wikidata": "Q495026",
        "operator:wikipedia": "en:Poste italiane"
      },
      "geometry": {
        "type": "Point",
        "coordinates": [
          12.4971026,
          41.889153
        ]
      },
      "id": "node/505058887"
    },
    {
      "type": "Feature",
      "properties": {
        "@id": "node/534612091",
        "car_sharing": "yes",
        "disabled": "yes",
        "emergency": "yes",
        "goods": "delivery",
        "hgv": "private",
        "man_made": "surveillance",
        "motorcar:conditional": "private @ (Mo-Fr 06:30-18:00; Sa 14:00-18:00)",
        "motorcycle": "yes",
        "name": "Varco ZTL",
        "psv": "yes",
        "surveillance": "outdoor",
        "taxi": "yes"
      },
      "geometry": {
        "type": "Point",
        "coordinates": [
          12.4902777,
          41.8925372
        ]
      },
      "id": "node/534612091"
    },
    {
      "type": "Feature",
      "properties": {
        "@id": "node/550195443",
        "bus": "yes",
        "highway": "bus_stop",
        "name": "L.go Amba Aradam",
        "network": "ATAC",
        "network:wikidata": "Q530087",
        "network:wikipedia": "it:ATAC",
        "operator": "ATAC",
        "public_transport": "platform",
        "ref": "70673"
      },
      "geometry": {
        "type": "Point",
        "coordinates": [
          12.499408,
          41.8830354
        ]
      },
      "id": "node/550195443"
    },
    {
      "type": "Feature",
      "properties": {
        "@id": "node/551785500",
        "amenity": "drinking_water",
        "fountain": "nasone",
        "wikimedia_commons": "File:Drinking fountain in Via della Ferratella in Laterano, Rome, Italy Mar 30, 2024 12-33-07 PM.jpeg"
      },
      "geometry": {
        "type": "Point",
        "coordinates": [
          12.4997696,
          41.8829156
        ]
      },
      "id": "node/551785500"
    },
    {
      "type": "Feature",
      "properties": {
        "@id": "node/563676185",
        "amenity": "bicycle_parking",
        "bicycle_parking": "stands",
        "capacity": "10",
        "covered": "no"
      },
      "geometry": {
        "type": "Point",
        "coordinates": [
          12.4913493,
          41.8948221
        ]
      },
      "id": "node/563676185"
    },
    {
      "type": "Feature",
      "properties": {
        "@id": "node/566506482",
        "amenity": "telephone"
      },
      "geometry": {
        "type": "Point",
        "coordinates": [
          12.5012058,
          41.8842818
        ]
      },
      "id": "node/566506482"
    },
    {
      "type": "Feature",
      "properties": {
        "@id": "node/574326909",
        "amenity": "cafe",
        "name": "Il Faraone"
      },
      "geometry": {
        "type": "Point",
        "coordinates": [
          12.4910764,
          41.8947982
        ]
      },
      "id": "node/574326909"
    },
    {
      "type": "Feature",
      "properties": {
        "@id": "node/574832971",
        "bench": "no",
        "bin": "yes",
        "bus": "yes",
        "highway": "bus_stop",
        "lit": "yes",
        "name": "Ara Coeli/P.za Venezia",
        "network": "ATAC",
        "network:wikidata": "Q530087",
        "operator": "ATAC",
        "public_transport": "platform",
        "ref": "80237",
        "shelter": "no",
        "tactile_paving": "no"
      },
      "geometry": {
        "type": "Point",
        "coordinates": [
          12.4817776,
          41.893487
        ]
      },
      "id": "node/574832971"
    },
    {
      "type": "Feature",
      "properties": {
        "@id": "node/574832973",
        "bench": "no",
        "bin": "yes",
        "bus": "yes",
        "highway": "bus_stop",
        "lit": "yes",
        "name": "P.za Venezia",
        "network": "ATAC",
        "network:wikidata": "Q530087",
        "network:wikipedia": "it:ATAC",
        "operator": "ATAC",
        "public_transport": "platform",
        "ref": "70038",
        "shelter": "no",
        "tactile_paving": "no"
      },
      "geometry": {
        "type": "Point",
        "coordinates": [
          12.4828172,
          41.8969543
        ]
      },
      "id": "node/574832973"
    },
    {
      "type": "Feature",
      "properties": {
        "@id": "node/623250473",
        "alt_name": "Colosseo",
        "check_date": "2025-12-17",
        "name": "Colosseo – Fori Imperiali",
        "network": "Metro C",
        "old_name": "Fori Imperiali",
        "operator": "ATAC",
        "public_transport": "stop_position",
        "railway": "stop",
        "start_date": "2025-12-16",
        "station": "subway",
        "subway": "yes",
        "wikidata": "Q15644997",
        "wikimedia_commons": "Category:Metropolitana di Roma linea C - Fori Imperiali",
        "wikipedia": "it:Fori Imperiali (metropolitana di Roma)"
      },
      "geometry": {
        "type": "Point",
        "coordinates": [
          12.4902877,
          41.8917087
        ]
      },
      "id": "node/623250473"
    },
    {
      "type": "Feature",
      "properties": {
        "@id": "node/665448449",
        "addr:city": "Roma",
        "addr:country": "IT",
        "addr:housenumber": "37",
        "addr:postcode": "00184",
        "addr:street": "Via Baccina",
        "amenity": "bicycle_repair_station",
        "email": "info@ciclonauti.org",
        "name": "Ciclofficina Centrale Ciclonauti",
        "operator": "Associazione Culturale Ciclonauti",
        "service:bicycle:chaintool": "yes",
        "service:bicycle:diy": "yes",
        "service:bicycle:pump": "yes",
        "source": "www.ciclonauti.org",
        "type:en": "Bike Community Workshop",
        "type:it": "ciclofficina popolare",
        "website": "https://www.ciclonauti.org/"
      },
      "geometry": {
        "type": "Point",
        "coordinates": [
          12.4892571,
          41.8946796
        ]
      },
      "id": "node/665448449"
    },
    {
      "type": "Feature",
      "properties": {
        "@id": "node/685457655",
        "amenity": "drinking_water",
        "check_date": "2024-11-14",
        "fountain": "drinking",
        "man_made": "water_tap",
        "wikimedia_commons": "File:Drinking fountain in the Orti Farnesiani sul Palatino, Roma, Italia Mar 01, 2026 04-32-10 PM.jpeg"
      },
      "geometry": {
        "type": "Point",
        "coordinates": [
          12.4867108,
          41.8902623
        ]
      },
      "id": "node/685457655"
    },
    {
      "type": "Feature",
      "properties": {
        "@id": "node/685457657",
        "tourism": "viewpoint",
        "wheelchair": "yes"
      },
      "geometry": {
        "type": "Point",
        "coordinates": [
          12.4864893,
          41.890915
        ]
      },
      "id": "node/685457657"
    },
    {
      "type": "Feature",
      "properties": {
        "@id": "node/685461877",
        "amenity": "drinking_water",
        "check_date": "2021-11-01"
      },
      "geometry": {
        "type": "Point",
        "coordinates": [
          12.4875779,
          41.8891234
        ]
      },
      "id": "node/685461877"
    },
    {
      "type": "Feature",
      "properties": {
        "@id": "node/685465032",
        "amenity": "drinking_water",
        "fountain": "nasone",
        "wikimedia_commons": "File:Nasone, Viale delle Terme di Caracalla, Roma, Italia Sep 01, 2020 10-57-05 AM.jpeg"
      },
      "geometry": {
        "type": "Point",
        "coordinates": [
          12.4915911,
          41.8829819
        ]
      },
      "id": "node/685465032"
    },
    {
      "type": "Feature",
      "properties": {
        "@id": "node/685494953",
        "amenity": "pharmacy",
        "dispensing": "yes",
        "drive_through": "no",
        "healthcare": "pharmacy",
        "name": "Enorfarm",
        "opening_hours": "Mo-Su 08:30-20:00"
      },
      "geometry": {
        "type": "Point",
        "coordinates": [
          12.4908351,
          41.8941847
        ]
      },
      "id": "node/685494953"
    },
    {
      "type": "Feature",
      "properties": {
        "@id": "node/913384603",
        "railway": "tram_level_crossing"
      },
      "geometry": {
        "type": "Point",
        "coordinates": [
          12.5022831,
          41.8966082
        ]
      },
      "id": "node/913384603"
    },
    {
      "type": "Feature",
      "properties": {
        "@id": "node/929573076",
        "bench": "no",
        "bin": "no",
        "bus": "yes",
        "highway": "bus_stop",
        "lit": "yes",
        "name": "Merulana/Brancaccio",
        "network": "ATAC",
        "network:wikidata": "Q530087",
        "network:wikipedia": "it:ATAC",
        "operator": "ATAC",
        "public_transport": "platform",
        "ref": "70680",
        "shelter": "no",
        "tactile_paving": "no"
      },
      "geometry": {
        "type": "Point",
        "coordinates": [
          12.500353,
          41.894651
        ]
      },
      "id": "node/929573076"
    },
    {
      "type": "Feature",
      "properties": {
        "@id": "node/953890053",
        "amenity": "drinking_water",
        "check_date": "2023-04-30",
        "man_made": "water_tap"
      },
      "geometry": {
        "type": "Point",
        "coordinates": [
          12.4879526,
          41.8887986
        ]
      },
      "id": "node/953890053"
    },
    {
      "type": "Feature",
      "properties": {
        "@id": "node/953890062",
        "amenity": "drinking_water",
        "check_date": "2021-11-01",
        "man_made": "water_tap"
      },
      "geometry": {
        "type": "Point",
        "coordinates": [
          12.4883755,
          41.890985
        ]
      },
      "id": "node/953890062"
    },
    {
      "type": "Feature",
      "properties": {
        "@id": "node/953909049",
        "amenity": "drinking_water",
        "fountain": "roman_wolf",
        "wikimedia_commons": "File:Fountain, Foro Romano, Roma, Italia Mar 15, 2022 10-52-31 PM.jpeg"
      },
      "geometry": {
        "type": "Point",
        "coordinates": [
          12.48238,
          41.8922771
        ]
      },
      "id": "node/953909049"
    },
    {
      "type": "Feature",
      "properties": {
        "@id": "node/953909059",
        "amenity": "drinking_water",
        "fountain": "nasone",
        "wikimedia_commons": "File:Nasone via dei santi Quattro,roma,italy 62022.jpeg"
      },
      "geometry": {
        "type": "Point",
        "coordinates": [
          12.4968765,
          41.8889852
        ]
      },
      "id": "node/953909059"
    },
    {
      "type": "Feature",
      "properties": {
        "@id": "node/962348457",
        "addr:housenumber": "18/19",
        "addr:street": "Via della Madonna dei Monti",
        "amenity": "bar",
        "email": "info@iceclubroma.it",
        "name": "Ice Club",
        "opening_hours": "Mo-Su 17:00-01:00",
        "phone": "+39 06 9784 5581",
        "toilets": "yes",
        "website": "https://www.iceclubroma.it/"
      },
      "geometry": {
        "type": "Point",
        "coordinates": [
          12.4885583,
          41.8940916
        ]
      },
      "id": "node/962348457"
    },
    {
      "type": "Feature",
      "properties": {
        "@id": "node/966364440",
        "addr:city": "Roma",
        "addr:country": "IT",
        "addr:housenumber": "278",
        "addr:postcode": "00184;00185",
        "addr:street": "Via Merulana",
        "check_date": "2023-05-05",
        "fax": "+39 06 4820575",
        "name": "Hotel Amalfi",
        "phone": "+39 06 4744313",
        "stars": "3",
        "tourism": "hotel",
        "website": "https://hotelamalfiroma.it/it/"
      },
      "geometry": {
        "type": "Point",
        "coordinates": [
          12.4993108,
          41.8963331
        ]
      },
      "id": "node/966364440"
    },
    {
      "type": "Feature",
      "properties": {
        "@id": "node/980480340",
        "addr:city": "Roma",
        "addr:country": "IT",
        "addr:housenumber": "12",
        "addr:postcode": "00184",
        "addr:street": "Via Urbana",
        "name": "Guesthouse Urbana",
        "tourism": "hotel"
      },
      "geometry": {
        "type": "Point",
        "coordinates": [
          12.4948638,
          41.8970262
        ]
      },
      "id": "node/980480340"
    },
    {
      "type": "Feature",
      "properties": {
        "@id": "node/1147386907",
        "addr:city": "Roma",
        "addr:country": "IT",
        "addr:housenumber": "63",
        "addr:postcode": "00184",
        "addr:street": "Via dei Santi Quattro",
        "amenity": "restaurant",
        "name": "La Pace del Cervello"
      },
      "geometry": {
        "type": "Point",
        "coordinates": [
          12.4945929,
          41.8894856
        ]
      },
      "id": "node/1147386907"
    },
    {
      "type": "Feature",
      "properties": {
        "@id": "node/1147386908",
        "addr:housenumber": "44",
        "addr:postcode": "00184",
        "addr:street": "Via dei Santi Quattro",
        "amenity": "cafe",
        "name": "Cafè Cafè",
        "website": "https://www.cafecafebistrot.it"
      },
      "geometry": {
        "type": "Point",
        "coordinates": [
          12.4943096,
          41.8893987
        ]
      },
      "id": "node/1147386908"
    },
    {
      "type": "Feature",
      "properties": {
        "@id": "node/1157932638",
        "amenity": "drinking_water",
        "fountain": "nasone",
        "wikimedia_commons": "File:Drinking fountain in Piazza Celimontana, Roma, Italia Jul 12, 2025 04-51-22 PM.jpeg"
      },
      "geometry": {
        "type": "Point",
        "coordinates": [
          12.4954695,
          41.8867552
        ]
      },
      "id": "node/1157932638"
    },
    {
      "type": "Feature",
      "properties": {
        "@id": "node/1159449551",
        "bench": "no",
        "bin": "no",
        "bus": "yes",
        "highway": "bus_stop",
        "lit": "yes",
        "name": "Merulana/Brancaccio",
        "network": "ATAC",
        "network:wikidata": "Q530087",
        "network:wikipedia": "it:ATAC",
        "operator": "ATAC",
        "public_transport": "platform",
        "ref": "70677",
        "shelter": "no",
        "tactile_paving": "no"
      },
      "geometry": {
        "type": "Point",
        "coordinates": [
          12.500986,
          41.8938445
        ]
      },
      "id": "node/1159449551"
    },
    {
      "type": "Feature",
      "properties": {
        "@id": "node/1166982158",
        "addr:city": "Roma",
        "addr:housenumber": "185",
        "addr:postcode": "00185",
        "addr:street": "Via Merulana",
        "amenity": "pharmacy",
        "dispensing": "yes",
        "healthcare": "pharmacy",
        "name": "Farmacia Merulana",
        "operator": "Farmacia Merulana Snc",
        "phone": "+39 06 70453926",
        "ref:vatin": "IT04211761004",
        "shop": "herbalist"
      },
      "geometry": {
        "type": "Point",
        "coordinates": [
          12.5022586,
          41.8910825
        ]
      },
      "id": "node/1166982158"
    },
    {
      "type": "Feature",
      "properties": {
        "@id": "node/1166984396",
        "addr:city": "Roma",
        "addr:country": "IT",
        "addr:housenumber": "33",
        "addr:postcode": "00185",
        "addr:street": "Via dello Statuto",
        "amenity": "pharmacy",
        "dispensing": "yes",
        "email": "amministrazione@farmaciastatuto.com",
        "fax": "+39 06 48 93 02 99",
        "healthcare": "pharmacy",
        "name": "Farmacia Allo Statuto",
        "opening_hours": "24/7",
        "operator": "Dr. Pierluciano Pucci",
        "phone": "+39 06 44 65 788",
        "website": "https://www.farmaciastatuto.com/"
      },
      "geometry": {
        "type": "Point",
        "coordinates": [
          12.5011623,
          41.8950485
        ]
      },
      "id": "node/1166984396"
    },
    {
      "type": "Feature",
      "properties": {
        "@id": "node/1170494282",
        "amenity": "drinking_water",
        "fountain": "nasone",
        "wikimedia_commons": "File:Drinking fountain, Piazza del Colosseo, Rome, Italy Oct 28, 2023 06-05-04 PM.jpeg"
      },
      "geometry": {
        "type": "Point",
        "coordinates": [
          12.4942213,
          41.8900377
        ]
      },
      "id": "node/1170494282"
    },
    {
      "type": "Feature",
      "properties": {
        "@id": "node/1221999837",
        "bus": "yes",
        "highway": "bus_stop",
        "name": "Amba Aradam/Villa Fonseca",
        "network": "ATAC",
        "network:wikidata": "Q530087",
        "network:wikipedia": "it:ATAC",
        "operator": "ATAC",
        "public_transport": "platform",
        "ref": "70674",
        "shelter": "yes"
      },
      "geometry": {
        "type": "Point",
        "coordinates": [
          12.5013459,
          41.8844084
        ]
      },
      "id": "node/1221999837"
    },
    {
      "type": "Feature",
      "properties": {
        "@id": "node/1224062710",
        "amenity": "post_box",
        "operator": "Poste Italiane",
        "operator:wikidata": "Q495026",
        "operator:wikipedia": "en:Poste italiane"
      },
      "geometry": {
        "type": "Point",
        "coordinates": [
          12.4994448,
          41.8832837
        ]
      },
      "id": "node/1224062710"
    },
    {
      "type": "Feature",
      "properties": {
        "@id": "node/1255019490",
        "description": "stazione rilevamento per lavori metro C",
        "man_made": "survey_point"
      },
      "geometry": {
        "type": "Point",
        "coordinates": [
          12.4837612,
          41.895622
        ]
      },
      "id": "node/1255019490"
    },
    {
      "type": "Feature",
      "properties": {
        "@id": "node/1270510176",
        "tourism": "viewpoint",
        "wheelchair": "yes"
      },
      "geometry": {
        "type": "Point",
        "coordinates": [
          12.483957,
          41.8942952
        ]
      },
      "id": "node/1270510176"
    },
    {
      "type": "Feature",
      "properties": {
        "@id": "node/1319026645",
        "amenity": "bicycle_parking",
        "bicycle_parking": "wall_loops",
        "capacity": "8",
        "covered": "no"
      },
      "geometry": {
        "type": "Point",
        "coordinates": [
          12.4935685,
          41.8948256
        ]
      },
      "id": "node/1319026645"
    },
    {
      "type": "Feature",
      "properties": {
        "@id": "node/1319030071",
        "addr:city": "Roma",
        "addr:housenumber": "53-56",
        "addr:street": "Via Madonna dei Monti",
        "amenity": "restaurant",
        "cuisine": "chinese",
        "name": "La Pace",
        "operator": "Wong Chuang Liang & C. s.a.s.",
        "ref:vatin": "IT03799441005"
      },
      "geometry": {
        "type": "Point",
        "coordinates": [
          12.4905606,
          41.8944211
        ]
      },
      "id": "node/1319030071"
    },
    {
      "type": "Feature",
      "properties": {
        "@id": "node/1379490416",
        "artwork_type": "statue",
        "name": "Castore",
        "name:fr": "Castor",
        "name:hu": "Castor",
        "outdoor_seating": "no",
        "subject:wikidata": "Q11294144",
        "tourism": "artwork",
        "wikimedia_commons": "File:Campidoglio,_Roma_-_Dioscuri_(dx)_fronte.jpg"
      },
      "geometry": {
        "type": "Point",
        "coordinates": [
          12.4826017,
          41.8935503
        ]
      },
      "id": "node/1379490416"
    },
    {
      "type": "Feature",
      "properties": {
        "@id": "node/1379490417",
        "artwork_type": "statue",
        "name": "Cola di Rienzo",
        "subject:wikidata": "Q433189",
        "tourism": "artwork",
        "wikidata": "Q105989516",
        "wikimedia_commons": "Category:Monument to Cola di Rienzo (Rome)",
        "wikipedia": "it:Monumento a Cola di Rienzo"
      },
      "geometry": {
        "type": "Point",
        "coordinates": [
          12.482325,
          41.8937198
        ]
      },
      "id": "node/1379490417"
    },
    {
      "type": "Feature",
      "properties": {
        "@id": "node/1379490422",
        "artwork_type": "statue",
        "name": "Polluce",
        "name:fr": "Pollux",
        "name:hu": "Pollux",
        "outdoor_seating": "no",
        "subject:wikidata": "Q12046224",
        "tourism": "artwork",
        "wikimedia_commons": "File:0_Dioscure_monumental_-_Pl._du_Capitole_à_Rome_(2).JPG"
      },
      "geometry": {
        "type": "Point",
        "coordinates": [
          12.4825056,
          41.8934432
        ]
      },
      "id": "node/1379490422"
    },
    {
      "type": "Feature",
      "properties": {
        "@id": "node/1379492229",
        "historic": "memorial",
        "memorial": "statue",
        "name": "Testa di Costantino",
        "name:hu": "Nagy Konstantin feje",
        "subject:wikidata": "Q8413",
        "wikidata": "Q1289781",
        "wikimedia_commons": "Category:Colossus of Constantine",
        "wikipedia": "en:Colossus of Constantine"
      },
      "geometry": {
        "type": "Point",
        "coordinates": [
          12.4824892,
          41.8928946
        ]
      },
      "id": "node/1379492229"
    },
    {
      "type": "Feature",
      "properties": {
        "@id": "node/1387899467",
        "historic": "memorial",
        "image": "https://upload.wikimedia.org/wikipedia/commons/0/05/Vittoriano_altare_Zara_P1000745.jpg",
        "inscription": "ZARA",
        "memorial": "sculpture",
        "name": "Altare di città Zara",
        "name:de": "Altar der Stadt Zadar",
        "subject:wikidata": "Q3370"
      },
      "geometry": {
        "type": "Point",
        "coordinates": [
          12.4829117,
          41.8943436
        ]
      },
      "id": "node/1387899467"
    },
    {
      "type": "Feature",
      "properties": {
        "@id": "node/1387899469",
        "direction": "0-360",
        "tourism": "viewpoint",
        "wheelchair": "yes"
      },
      "geometry": {
        "type": "Point",
        "coordinates": [
          12.4831808,
          41.8943293
        ]
      },
      "id": "node/1387899469"
    },
    {
      "type": "Feature",
      "properties": {
        "@id": "node/1387899470",
        "historic": "memorial",
        "image": "https://upload.wikimedia.org/wikipedia/commons/0/04/Vittoriano_altare_Pola_P1000741.jpg",
        "inscription": "POLA",
        "memorial": "sculpture",
        "name": "Altare di città Pola",
        "name:de": "Altar der Stadt Pula",
        "subject:wikidata": "Q4656"
      },
      "geometry": {
        "type": "Point",
        "coordinates": [
          12.4830046,
          41.8943554
        ]
      },
      "id": "node/1387899470"
    },
    {
      "type": "Feature",
      "properties": {
        "@id": "node/1387899474",
        "historic": "memorial",
        "image": "https://upload.wikimedia.org/wikipedia/commons/6/6a/Vittoriano_altare_Et_Pati_fortia_P1000729.jpg",
        "inscription": "ET PATI FORTIA",
        "memorial": "sculpture",
        "subject:wikidata": "Q3733632"
      },
      "geometry": {
        "type": "Point",
        "coordinates": [
          12.4831079,
          41.8943731
        ]
      },
      "id": "node/1387899474"
    },
    {
      "type": "Feature",
      "properties": {
        "@id": "node/1387899481",
        "historic": "memorial",
        "image": "https://upload.wikimedia.org/wikipedia/commons/8/83/Vittoriano_altare_Et_Facere_fortia_P1000724.jpg",
        "inscription": "ET FACERE FORTIA",
        "memorial": "sculpture",
        "subject:wikidata": "Q3733632"
      },
      "geometry": {
        "type": "Point",
        "coordinates": [
          12.4831946,
          41.8943921
        ]
      },
      "id": "node/1387899481"
    },
    {
      "type": "Feature",
      "properties": {
        "@id": "node/1387899487",
        "historic": "memorial",
        "image": "https://upload.wikimedia.org/wikipedia/commons/9/90/Vittoriano_altare_Gorizia_P1000744.jpg",
        "inscription": "GORIZIA",
        "memorial": "sculpture",
        "name": "Altare di città Gorizia",
        "name:de": "Altar der Stadt Görz",
        "subject:wikidata": "Q6596"
      },
      "geometry": {
        "type": "Point",
        "coordinates": [
          12.4832915,
          41.89442
        ]
      },
      "id": "node/1387899487"
    },
    {
      "type": "Feature",
      "properties": {
        "@id": "node/1387899494",
        "historic": "memorial",
        "image": "https://upload.wikimedia.org/wikipedia/commons/7/7b/Vittoriano_altare_Trento_P1000743.jpg",
        "inscription": "TRENTO",
        "memorial": "sculpture",
        "name": "Altare di città Trento",
        "name:de": "Altar der Stadt Trient",
        "subject:wikidata": "Q3376"
      },
      "geometry": {
        "type": "Point",
        "coordinates": [
          12.4833819,
          41.8944504
        ]
      },
      "id": "node/1387899494"
    },
    {
      "type": "Feature",
      "properties": {
        "@id": "node/1387899502",
        "historic": "memorial",
        "image": "https://upload.wikimedia.org/wikipedia/commons/f/f3/Vittoriano_altare_Trieste_P1000742.jpg",
        "inscription": "TRIESTE",
        "memorial": "sculpture",
        "name": "Altare di città Trieste",
        "name:de": "Altar der Stadt Triest",
        "subject:wikidata": "Q546"
      },
      "geometry": {
        "type": "Point",
        "coordinates": [
          12.4834699,
          41.8944843
        ]
      },
      "id": "node/1387899502"
    },
    {
      "type": "Feature",
      "properties": {
        "@id": "node/1387899682",
        "fee": "no",
        "name": "Sacrario delle Bandiere delle Forze Armate",
        "name:hu": "Hadizászlók Múzeuma",
        "name:zh": "军旗寺庙",
        "tourism": "museum",
        "wheelchair": "yes"
      },
      "geometry": {
        "type": "Point",
        "coordinates": [
          12.4835868,
          41.8949213
        ]
      },
      "id": "node/1387899682"
    },
    {
      "type": "Feature",
      "properties": {
        "@id": "node/1391511097",
        "addr:city": "Roma",
        "addr:country": "IT",
        "addr:housenumber": "3",
        "addr:postcode": "00187",
        "addr:street": "Piazza Venezia",
        "amenity": "library",
        "entrance": "yes",
        "name": "Biblioteca di Archeologia e Storia dell'Arte",
        "operator": "Ministero della Cultura",
        "phone": "+39 06 6977001",
        "website": "http://www.archeologica.librari.beniculturali.it/",
        "wikidata": "Q2901253",
        "wikipedia": "it:Biblioteca di archeologia e storia dell'arte"
      },
      "geometry": {
        "type": "Point",
        "coordinates": [
          12.4817474,
          41.8963542
        ]
      },
      "id": "node/1391511097"
    },
    {
      "type": "Feature",
      "properties": {
        "@id": "node/1407542660",
        "amenity": "drinking_water",
        "fountain": "nasone",
        "wikimedia_commons": "File:Drinking fountain Via degli Zingari, Roma, Italia May 03, 2023 07-35-28 PM.jpeg"
      },
      "geometry": {
        "type": "Point",
        "coordinates": [
          12.4919485,
          41.8952404
        ]
      },
      "id": "node/1407542660"
    },
    {
      "type": "Feature",
      "properties": {
        "@id": "node/1421083044",
        "bench": "no",
        "bin": "no",
        "bus": "yes",
        "check_date:shelter": "2024-01-02",
        "highway": "bus_stop",
        "name": "Cavour/Ricci",
        "network": "ATAC",
        "network:wikidata": "Q530087",
        "network:wikipedia": "it:ATAC",
        "operator": "ATAC",
        "public_transport": "platform",
        "ref": "70364",
        "shelter": "no",
        "tactile_paving": "no"
      },
      "geometry": {
        "type": "Point",
        "coordinates": [
          12.4889872,
          41.8936454
        ]
      },
      "id": "node/1421083044"
    },
    {
      "type": "Feature",
      "properties": {
        "@id": "node/1421083045",
        "bus": "yes",
        "highway": "bus_stop",
        "name": "Claudia/Celio (H)",
        "network": "ATAC",
        "network:wikidata": "Q530087",
        "network:wikipedia": "it:ATAC",
        "operator": "ATAC",
        "public_transport": "platform",
        "ref": "71173"
      },
      "geometry": {
        "type": "Point",
        "coordinates": [
          12.4948075,
          41.8869475
        ]
      },
      "id": "node/1421083045"
    },
    {
      "type": "Feature",
      "properties": {
        "@id": "node/1421083047",
        "bench": "no",
        "bin": "no",
        "bus": "yes",
        "highway": "bus_stop",
        "name": "Claudia/Colosseo",
        "network": "ATAC",
        "network:wikidata": "Q530087",
        "network:wikipedia": "it:ATAC",
        "operator": "ATAC",
        "public_transport": "platform",
        "ref": "71175",
        "shelter": "no",
        "tactile_paving": "no"
      },
      "geometry": {
        "type": "Point",
        "coordinates": [
          12.4939608,
          41.8886464
        ]
      },
      "id": "node/1421083047"
    },
    {
      "type": "Feature",
      "properties": {
        "@id": "node/1421083048",
        "bench": "no",
        "bin": "yes",
        "bus": "yes",
        "check_date:shelter": "2024-01-04",
        "highway": "bus_stop",
        "internet_access": "wlan",
        "internet_access:operator": "RomaWireless",
        "internet_access:ssid": "AtacWiFi",
        "kerb": "raised",
        "kerb:approach_aid": "no",
        "lit": "yes",
        "name": "Colosseo (MB)",
        "network": "ATAC",
        "network:wikidata": "Q530087",
        "network:wikipedia": "it:ATAC",
        "operator": "ATAC",
        "passenger_information_display": "yes",
        "public_transport": "platform",
        "ref": "70479",
        "shelter": "no",
        "tactile_paving": "no",
        "wheelchair": "yes"
      },
      "geometry": {
        "type": "Point",
        "coordinates": [
          12.4921912,
          41.8910614
        ]
      },
      "id": "node/1421083048"
    },
    {
      "type": "Feature",
      "properties": {
        "@id": "node/1421083055",
        "addr:city": "Roma",
        "addr:postcode": "00184",
        "addr:street": "Via dei Fori Imperiali",
        "bench": "no",
        "bin": "yes",
        "bus": "yes",
        "highway": "bus_stop",
        "lit": "yes",
        "name": "Fori Imperiali",
        "name:es": "FORO",
        "network": "ATAC",
        "network:wikidata": "Q530087",
        "network:wikipedia": "it:ATAC",
        "operator": "ATAC",
        "public_transport": "platform",
        "ref": "00162",
        "shelter": "no",
        "tactile_paving": "no",
        "wheelchair": "yes"
      },
      "geometry": {
        "type": "Point",
        "coordinates": [
          12.4863624,
          41.893565
        ]
      },
      "id": "node/1421083055"
    },
    {
      "type": "Feature",
      "properties": {
        "@id": "node/1421083057",
        "bench": "no",
        "bin": "yes",
        "bus": "yes",
        "highway": "bus_stop",
        "lit": "yes",
        "name": "Labicana/Colosseo",
        "network": "ATAC",
        "network:wikidata": "Q530087",
        "network:wikipedia": "it:ATAC",
        "operator": "ATAC",
        "public_transport": "platform",
        "ref": "70367",
        "shelter": "no",
        "tactile_paving": "no"
      },
      "geometry": {
        "type": "Point",
        "coordinates": [
          12.4950085,
          41.8903246
        ]
      },
      "id": "node/1421083057"
    },
    {
      "type": "Feature",
      "properties": {
        "@id": "node/1421083059",
        "bench": "no",
        "bus": "yes",
        "highway": "bus_stop",
        "name": "Milano",
        "network": "ATAC",
        "network:wikidata": "Q530087",
        "network:wikipedia": "it:ATAC",
        "operator": "ATAC",
        "public_transport": "platform",
        "ref": "70280",
        "shelter": "no"
      },
      "geometry": {
        "type": "Point",
        "coordinates": [
          12.4923275,
          41.897209
        ]
      },
      "id": "node/1421083059"
    },
    {
      "type": "Feature",
      "properties": {
        "@id": "node/1421083067",
        "bench": "no",
        "bus": "yes",
        "highway": "bus_stop",
        "internet_access": "wlan",
        "internet_access:operator": "RomaWireless",
        "internet_access:ssid": "AtacWiFi",
        "name": "Nazionale/Quirinale",
        "network": "ATAC",
        "network:wikidata": "Q530087",
        "network:wikipedia": "it:ATAC",
        "operator": "ATAC",
        "public_transport": "platform",
        "ref": "70079",
        "shelter": "no"
      },
      "geometry": {
        "type": "Point",
        "coordinates": [
          12.4876791,
          41.8970069
        ]
      },
      "id": "node/1421083067"
    },
    {
      "type": "Feature",
      "properties": {
        "@id": "node/1421083072",
        "bench": "no",
        "bin": "yes",
        "bus": "yes",
        "highway": "bus_stop",
        "lit": "yes",
        "name": "P.za Venezia",
        "network": "ATAC",
        "network:wikidata": "Q530087",
        "network:wikipedia": "it:ATAC",
        "operator": "ATAC",
        "public_transport": "platform",
        "ref": "70078",
        "shelter": "no",
        "tactile_paving": "no",
        "wheelchair": "yes"
      },
      "geometry": {
        "type": "Point",
        "coordinates": [
          12.4830362,
          41.8967532
        ]
      },
      "id": "node/1421083072"
    },
    {
      "type": "Feature",
      "properties": {
        "@id": "node/1421083074",
        "bench": "no",
        "bin": "no",
        "bus": "yes",
        "highway": "bus_stop",
        "lit": "yes",
        "name": "S. Giovanni in Laterano",
        "network": "ATAC",
        "network:wikidata": "Q530087",
        "network:wikipedia": "it:ATAC",
        "operator": "ATAC",
        "public_transport": "platform",
        "ref": "70390",
        "shelter": "yes",
        "tactile_paving": "no"
      },
      "geometry": {
        "type": "Point",
        "coordinates": [
          12.5001272,
          41.8882745
        ]
      },
      "id": "node/1421083074"
    },
    {
      "type": "Feature",
      "properties": {
        "@id": "node/1421083079",
        "bench": "no",
        "bin": "yes",
        "bus": "yes",
        "check_date:shelter": "2024-01-04",
        "highway": "bus_stop",
        "name": "S. Giovanni in Laterano/S. Clemente",
        "network": "ATAC",
        "network:wikidata": "Q530087",
        "network:wikipedia": "it:ATAC",
        "operator": "ATAC",
        "public_transport": "platform",
        "ref": "70389",
        "shelter": "no",
        "tactile_paving": "no"
      },
      "geometry": {
        "type": "Point",
        "coordinates": [
          12.4984941,
          41.8887576
        ]
      },
      "id": "node/1421083079"
    },
    {
      "type": "Feature",
      "properties": {
        "@id": "node/1421083081",
        "bus": "yes",
        "highway": "bus_stop",
        "name": "S. Stefano Rotondo/Addolorata",
        "network": "ATAC",
        "network:wikidata": "Q530087",
        "network:wikipedia": "it:ATAC",
        "operator": "ATAC",
        "public_transport": "platform",
        "ref": "79593"
      },
      "geometry": {
        "type": "Point",
        "coordinates": [
          12.4992512,
          41.8864031
        ]
      },
      "id": "node/1421083081"
    },
    {
      "type": "Feature",
      "properties": {
        "@id": "node/1421083086",
        "bench": "no",
        "bin": "yes",
        "bus": "yes",
        "highway": "bus_stop",
        "name": "Serpenti",
        "network": "ATAC",
        "network:wikidata": "Q530087",
        "network:wikipedia": "it:ATAC",
        "operator": "ATAC",
        "public_transport": "platform",
        "ref": "77076",
        "shelter": "no",
        "tactile_paving": "no"
      },
      "geometry": {
        "type": "Point",
        "coordinates": [
          12.490286,
          41.8959098
        ]
      },
      "id": "node/1421083086"
    },
    {
      "type": "Feature",
      "properties": {
        "@id": "node/1421083087",
        "bench": "no",
        "bus": "yes",
        "highway": "bus_stop",
        "lit": "no",
        "name": "Serpenti/Cavour",
        "network": "ATAC",
        "network:wikidata": "Q530087",
        "network:wikipedia": "it:ATAC",
        "operator": "ATAC",
        "public_transport": "platform",
        "ref": "77077",
        "shelter": "no",
        "tactile_paving": "no"
      },
      "geometry": {
        "type": "Point",
        "coordinates": [
          12.4908345,
          41.8944263
        ]
      },
      "id": "node/1421083087"
    },
    {
      "type": "Feature",
      "properties": {
        "@id": "node/1429395190",
        "amenity": "car_sharing",
        "opening_hours": "24/7",
        "operator": "Roma Servizi per la Mobilità",
        "operator:wikidata": "Q30284569",
        "operator:wikipedia": "it:Roma Servizi per la Mobilità",
        "website": "https://www.carsharing.roma.it/"
      },
      "geometry": {
        "type": "Point",
        "coordinates": [
          12.5024711,
          41.8974851
        ]
      },
      "id": "node/1429395190"
    },
    {
      "type": "Feature",
      "properties": {
        "@id": "node/1433341410",
        "railway": "tram_level_crossing"
      },
      "geometry": {
        "type": "Point",
        "coordinates": [
          12.4983901,
          41.8897798
        ]
      },
      "id": "node/1433341410"
    },
    {
      "type": "Feature",
      "properties": {
        "@id": "node/1434927222",
        "denotation": "urban",
        "leaf_type": "broadleaved",
        "natural": "tree"
      },
      "geometry": {
        "type": "Point",
        "coordinates": [
          12.4844801,
          41.8950262
        ]
      },
      "id": "node/1434927222"
    },
    {
      "type": "Feature",
      "properties": {
        "@id": "node/1434927225",
        "denotation": "urban",
        "leaf_type": "broadleaved",
        "natural": "tree"
      },
      "geometry": {
        "type": "Point",
        "coordinates": [
          12.4842489,
          41.8950408
        ]
      },
      "id": "node/1434927225"
    },
    {
      "type": "Feature",
      "properties": {
        "@id": "node/1434927228",
        "denotation": "urban",
        "leaf_type": "broadleaved",
        "natural": "tree"
      },
      "geometry": {
        "type": "Point",
        "coordinates": [
          12.4846233,
          41.8950402
        ]
      },
      "id": "node/1434927228"
    },
    {
      "type": "Feature",
      "properties": {
        "@id": "node/1434927232",
        "denotation": "urban",
        "leaf_type": "broadleaved",
        "natural": "tree"
      },
      "geometry": {
        "type": "Point",
        "coordinates": [
          12.4843813,
          41.8950901
        ]
      },
      "id": "node/1434927232"
    },
    {
      "type": "Feature",
      "properties": {
        "@id": "node/1434927237",
        "denotation": "urban",
        "leaf_type": "broadleaved",
        "natural": "tree"
      },
      "geometry": {
        "type": "Point",
        "coordinates": [
          12.4843515,
          41.8951726
        ]
      },
      "id": "node/1434927237"
    },
    {
      "type": "Feature",
      "properties": {
        "@id": "node/1434927242",
        "denotation": "urban",
        "leaf_type": "broadleaved",
        "natural": "tree"
      },
      "geometry": {
        "type": "Point",
        "coordinates": [
          12.4842647,
          41.8951738
        ]
      },
      "id": "node/1434927242"
    },
    {
      "type": "Feature",
      "properties": {
        "@id": "node/1434927244",
        "denotation": "urban",
        "leaf_type": "broadleaved",
        "natural": "tree"
      },
      "geometry": {
        "type": "Point",
        "coordinates": [
          12.4846269,
          41.895241
        ]
      },
      "id": "node/1434927244"
    },
    {
      "type": "Feature",
      "properties": {
        "@id": "node/1434927246",
        "denotation": "urban",
        "leaf_type": "broadleaved",
        "natural": "tree"
      },
      "geometry": {
        "type": "Point",
        "coordinates": [
          12.4842446,
          41.8952824
        ]
      },
      "id": "node/1434927246"
    },
    {
      "type": "Feature",
      "properties": {
        "@id": "node/1434927247",
        "denotation": "urban",
        "leaf_type": "broadleaved",
        "natural": "tree"
      },
      "geometry": {
        "type": "Point",
        "coordinates": [
          12.4843666,
          41.895287
        ]
      },
      "id": "node/1434927247"
    },
    {
      "type": "Feature",
      "properties": {
        "@id": "node/1434927259",
        "denotation": "urban",
        "leaf_type": "broadleaved",
        "natural": "tree"
      },
      "geometry": {
        "type": "Point",
        "coordinates": [
          12.4841939,
          41.8953844
        ]
      },
      "id": "node/1434927259"
    },
    {
      "type": "Feature",
      "properties": {
        "@id": "node/1434927264",
        "denotation": "urban",
        "leaf_type": "broadleaved",
        "natural": "tree"
      },
      "geometry": {
        "type": "Point",
        "coordinates": [
          12.4843133,
          41.8953954
        ]
      },
      "id": "node/1434927264"
    },
    {
      "type": "Feature",
      "properties": {
        "@id": "node/1434927269",
        "denotation": "urban",
        "leaf_type": "broadleaved",
        "natural": "tree"
      },
      "geometry": {
        "type": "Point",
        "coordinates": [
          12.4841289,
          41.8954612
        ]
      },
      "id": "node/1434927269"
    },
    {
      "type": "Feature",
      "properties": {
        "@id": "node/1434927272",
        "denotation": "urban",
        "leaf_type": "broadleaved",
        "natural": "tree"
      },
      "geometry": {
        "type": "Point",
        "coordinates": [
          12.4841772,
          41.8955122
        ]
      },
      "id": "node/1434927272"
    },
    {
      "type": "Feature",
      "properties": {
        "@id": "node/1434927275",
        "denotation": "urban",
        "leaf_type": "broadleaved",
        "natural": "tree"
      },
      "geometry": {
        "type": "Point",
        "coordinates": [
          12.4840773,
          41.8955322
        ]
      },
      "id": "node/1434927275"
    },
    {
      "type": "Feature",
      "properties": {
        "@id": "node/1434927277",
        "denotation": "urban",
        "leaf_type": "broadleaved",
        "natural": "tree"
      },
      "geometry": {
        "type": "Point",
        "coordinates": [
          12.4839975,
          41.8955922
        ]
      },
      "id": "node/1434927277"
    },
    {
      "type": "Feature",
      "properties": {
        "@id": "node/1434927281",
        "denotation": "urban",
        "leaf_type": "broadleaved",
        "natural": "tree"
      },
      "geometry": {
        "type": "Point",
        "coordinates": [
          12.4839022,
          41.895646
        ]
      },
      "id": "node/1434927281"
    },
    {
      "type": "Feature",
      "properties": {
        "@id": "node/1434927285",
        "denotation": "urban",
        "leaf_type": "broadleaved",
        "natural": "tree"
      },
      "geometry": {
        "type": "Point",
        "coordinates": [
          12.4839721,
          41.8956733
        ]
      },
      "id": "node/1434927285"
    },
    {
      "type": "Feature",
      "properties": {
        "@id": "node/1434927289",
        "denotation": "urban",
        "leaf_type": "broadleaved",
        "natural": "tree"
      },
      "geometry": {
        "type": "Point",
        "coordinates": [
          12.4840441,
          41.8956595
        ]
      },
      "id": "node/1434927289"
    },
    {
      "type": "Feature",
      "properties": {
        "@id": "node/1437109762",
        "railway": "tram_level_crossing"
      },
      "geometry": {
        "type": "Point",
        "coordinates": [
          12.4936656,
          41.8891536
        ]
      },
      "id": "node/1437109762"
    },
    {
      "type": "Feature",
      "properties": {
        "@id": "node/1447566608",
        "historic": "temple",
        "historic:civilization": "ancient_roman",
        "name": "Rostra ad Divi Iulii",
        "ruins": "yes"
      },
      "geometry": {
        "type": "Point",
        "coordinates": [
          12.4857606,
          41.8921921
        ]
      },
      "id": "node/1447566608"
    },
    {
      "type": "Feature",
      "properties": {
        "@id": "node/1447566609",
        "historic": "ruins",
        "name": "Tabularium",
        "ruins": "yes"
      },
      "geometry": {
        "type": "Point",
        "coordinates": [
          12.4838503,
          41.8928562
        ]
      },
      "id": "node/1447566609"
    },
    {
      "type": "Feature",
      "properties": {
        "@id": "node/1447566610",
        "alt_name:la": "Templum Novum Divi Augusti",
        "building": "temple",
        "historic": "archaeological_site",
        "historic:civilization": "ancient_roman",
        "name": "Tempio di Augusto",
        "name:fr": "Temple d'Auguste",
        "name:la": "Templum Divi Augusti",
        "official_name:la": "Templum Divi Augusti ad Minervam",
        "ruins": "yes",
        "wikidata": "Q927222",
        "wikimedia_commons": "Category:Temple of Augustus (Rome)",
        "wikipedia": "it:Tempio di Augusto"
      },
      "geometry": {
        "type": "Point",
        "coordinates": [
          12.485294,
          41.8913995
        ]
      },
      "id": "node/1447566610"
    },
    {
      "type": "Feature",
      "properties": {
        "@id": "node/1448531164",
        "historic": "ruins",
        "name": "Portico degli Dei Consenti",
        "ruins": "yes"
      },
      "geometry": {
        "type": "Point",
        "coordinates": [
          12.4837323,
          41.8925351
        ]
      },
      "id": "node/1448531164"
    },
    {
      "type": "Feature",
      "properties": {
        "@id": "node/1468085716",
        "bench": "yes",
        "bin": "no",
        "bus": "yes",
        "highway": "bus_stop",
        "internet_access": "wlan",
        "internet_access:operator": "RomaWireless",
        "internet_access:ssid": "AtacWiFi",
        "name": "Circo Massimo (MB)",
        "network": "ATAC",
        "network:wikidata": "Q530087",
        "operator": "ATAC",
        "panoramax": "a117ee26-c68a-4572-a50e-8fb905994743",
        "public_transport": "platform",
        "ref": "70815",
        "shelter": "yes"
      },
      "geometry": {
        "type": "Point",
        "coordinates": [
          12.487886,
          41.8832146
        ]
      },
      "id": "node/1468085716"
    },
    {
      "type": "Feature",
      "properties": {
        "@id": "node/1468085717",
        "bench": "no",
        "bin": "yes",
        "bus": "yes",
        "highway": "bus_stop",
        "internet_access": "wlan",
        "internet_access:operator": "RomaWireless",
        "internet_access:ssid": "AtacWiFi",
        "lit": "yes",
        "name": "Colosseo (MB)",
        "network": "ATAC",
        "network:wikidata": "Q530087",
        "network:wikipedia": "it:ATAC",
        "operator": "ATAC",
        "public_transport": "platform",
        "ref": "70340",
        "shelter": "no",
        "tactile_paving": "no",
        "wheelchair": "limited"
      },
      "geometry": {
        "type": "Point",
        "coordinates": [
          12.4914758,
          41.8912735
        ]
      },
      "id": "node/1468085717"
    },
    {
      "type": "Feature",
      "properties": {
        "@id": "node/1468085718",
        "bench": "yes",
        "bin": "yes",
        "bus": "yes",
        "highway": "bus_stop",
        "lit": "yes",
        "name": "Fori Imperiali/Campidoglio",
        "network": "ATAC",
        "network:wikidata": "Q530087",
        "network:wikipedia": "it:ATAC",
        "operator": "ATAC",
        "public_transport": "platform",
        "ref": "72104",
        "shelter": "no",
        "tactile_paving": "no",
        "wheelchair": "no"
      },
      "geometry": {
        "type": "Point",
        "coordinates": [
          12.4841187,
          41.8948264
        ]
      },
      "id": "node/1468085718"
    },
    {
      "type": "Feature",
      "properties": {
        "@id": "node/1468085719",
        "bench": "yes",
        "bin": "yes",
        "bus": "yes",
        "highway": "bus_stop",
        "lit": "yes",
        "name": "Fori Imperiali/Campidoglio",
        "network": "ATAC",
        "network:wikidata": "Q530087",
        "network:wikipedia": "it:ATAC",
        "operator": "ATAC",
        "public_transport": "platform",
        "ref": "70342",
        "shelter": "no",
        "tactile_paving": "no"
      },
      "geometry": {
        "type": "Point",
        "coordinates": [
          12.4842321,
          41.8949716
        ]
      },
      "id": "node/1468085719"
    },
    {
      "type": "Feature",
      "properties": {
        "@id": "node/1468085724",
        "bus": "yes",
        "highway": "bus_stop",
        "name": "Nazionale/Quirinale",
        "network": "ATAC",
        "network:wikidata": "Q530087",
        "network:wikipedia": "it:ATAC",
        "operator": "ATAC",
        "public_transport": "platform",
        "ref": "70037",
        "shelter": "no"
      },
      "geometry": {
        "type": "Point",
        "coordinates": [
          12.4875047,
          41.8970287
        ]
      },
      "id": "node/1468085724"
    },
    {
      "type": "Feature",
      "properties": {
        "@id": "node/1479751190",
        "tourism": "viewpoint"
      },
      "geometry": {
        "type": "Point",
        "coordinates": [
          12.4842994,
          41.8930638
        ]
      },
      "id": "node/1479751190"
    },
    {
      "type": "Feature",
      "properties": {
        "@id": "node/1479751219",
        "tourism": "viewpoint"
      },
      "geometry": {
        "type": "Point",
        "coordinates": [
          12.4841847,
          41.8931134
        ]
      },
      "id": "node/1479751219"
    },
    {
      "type": "Feature",
      "properties": {
        "@id": "node/1487297655",
        "bench": "no",
        "bin": "yes",
        "bus": "yes",
        "highway": "bus_stop",
        "lit": "yes",
        "name": "P.za Venezia",
        "network": "ATAC",
        "network:wikidata": "Q530087",
        "network:wikipedia": "it:ATAC",
        "official_name": "Piazza Venezia",
        "operator": "ATAC",
        "public_transport": "platform",
        "ref": "74562",
        "shelter": "no",
        "tactile_paving": "no",
        "wheelchair": "yes"
      },
      "geometry": {
        "type": "Point",
        "coordinates": [
          12.4819018,
          41.8948682
        ]
      },
      "id": "node/1487297655"
    },
    {
      "type": "Feature",
      "properties": {
        "@id": "node/1494267693",
        "amenity": "post_office",
        "name": "Swiss Post",
        "note": "le raccomandate costano meno, ma spediscono solo grandi quantità",
        "operator": "Swiss Post"
      },
      "geometry": {
        "type": "Point",
        "coordinates": [
          12.4987367,
          41.8886612
        ]
      },
      "id": "node/1494267693"
    },
    {
      "type": "Feature",
      "properties": {
        "@id": "node/1499012851",
        "genus:en": "Cypress",
        "natural": "tree",
        "species": "Cupressus sempervirens"
      },
      "geometry": {
        "type": "Point",
        "coordinates": [
          12.4899715,
          41.8902279
        ]
      },
      "id": "node/1499012851"
    },
    {
      "type": "Feature",
      "properties": {
        "@id": "node/1499012872",
        "genus:en": "Cypress",
        "natural": "tree",
        "species": "Cupressus sempervirens"
      },
      "geometry": {
        "type": "Point",
        "coordinates": [
          12.4899193,
          41.8902402
        ]
      },
      "id": "node/1499012872"
    },
    {
      "type": "Feature",
      "properties": {
        "@id": "node/1499012888",
        "genus:en": "Cypress",
        "natural": "tree",
        "species": "Cupressus sempervirens"
      },
      "geometry": {
        "type": "Point",
        "coordinates": [
          12.4898676,
          41.890256
        ]
      },
      "id": "node/1499012888"
    },
    {
      "type": "Feature",
      "properties": {
        "@id": "node/1499012897",
        "genus:en": "Cypress",
        "natural": "tree",
        "species": "Cupressus sempervirens"
      },
      "geometry": {
        "type": "Point",
        "coordinates": [
          12.4898149,
          41.8902704
        ]
      },
      "id": "node/1499012897"
    },
    {
      "type": "Feature",
      "properties": {
        "@id": "node/1499012912",
        "genus:en": "Cypress",
        "natural": "tree",
        "species": "Cupressus sempervirens"
      },
      "geometry": {
        "type": "Point",
        "coordinates": [
          12.4897482,
          41.8902877
        ]
      },
      "id": "node/1499012912"
    },
    {
      "type": "Feature",
      "properties": {
        "@id": "node/1499012918",
        "genus:en": "Cypress",
        "natural": "tree",
        "species": "Cupressus sempervirens"
      },
      "geometry": {
        "type": "Point",
        "coordinates": [
          12.4896935,
          41.8903024
        ]
      },
      "id": "node/1499012918"
    },
    {
      "type": "Feature",
      "properties": {
        "@id": "node/1499012921",
        "genus:en": "Cypress",
        "natural": "tree",
        "species": "Cupressus sempervirens"
      },
      "geometry": {
        "type": "Point",
        "coordinates": [
          12.4896413,
          41.8903176
        ]
      },
      "id": "node/1499012921"
    },
    {
      "type": "Feature",
      "properties": {
        "@id": "node/1499012926",
        "genus:en": "Cypress",
        "natural": "tree",
        "species": "Cupressus sempervirens"
      },
      "geometry": {
        "type": "Point",
        "coordinates": [
          12.4895794,
          41.8903352
        ]
      },
      "id": "node/1499012926"
    },
    {
      "type": "Feature",
      "properties": {
        "@id": "node/1499012947",
        "genus:en": "Cypress",
        "natural": "tree",
        "species": "Cupressus sempervirens"
      },
      "geometry": {
        "type": "Point",
        "coordinates": [
          12.4895417,
          41.8903442
        ]
      },
      "id": "node/1499012947"
    },
    {
      "type": "Feature",
      "properties": {
        "@id": "node/1499012956",
        "genus:en": "Cypress",
        "natural": "tree",
        "species": "Cupressus sempervirens"
      },
      "geometry": {
        "type": "Point",
        "coordinates": [
          12.4894532,
          41.8903723
        ]
      },
      "id": "node/1499012956"
    },
    {
      "type": "Feature",
      "properties": {
        "@id": "node/1499012970",
        "genus:en": "Cypress",
        "natural": "tree",
        "species": "Cupressus sempervirens"
      },
      "geometry": {
        "type": "Point",
        "coordinates": [
          12.4893608,
          41.8904011
        ]
      },
      "id": "node/1499012970"
    },
    {
      "type": "Feature",
      "properties": {
        "@id": "node/1499012980",
        "genus:en": "Cypress",
        "natural": "tree",
        "species": "Cupressus sempervirens"
      },
      "geometry": {
        "type": "Point",
        "coordinates": [
          12.4892956,
          41.8904173
        ]
      },
      "id": "node/1499012980"
    },
    {
      "type": "Feature",
      "properties": {
        "@id": "node/1499013000",
        "genus:en": "Cypress",
        "natural": "tree",
        "species": "Cupressus sempervirens"
      },
      "geometry": {
        "type": "Point",
        "coordinates": [
          12.4892325,
          41.8904392
        ]
      },
      "id": "node/1499013000"
    },
    {
      "type": "Feature",
      "properties": {
        "@id": "node/1504623366",
        "addr:city": "Roma",
        "addr:country": "IT",
        "addr:housenumber": "46",
        "addr:street": "Via di San Giovanni in Laterano",
        "amenity": "fast_food",
        "cuisine": "pizza",
        "fax": "+39 06 70454900",
        "name": "Del Monte's",
        "operator": "Palmina D'Auria",
        "phone": "+39 06 70454900"
      },
      "geometry": {
        "type": "Point",
        "coordinates": [
          12.4955224,
          41.889621
        ]
      },
      "id": "node/1504623366"
    },
    {
      "type": "Feature",
      "properties": {
        "@id": "node/1504642742",
        "amenity": "bench",
        "backrest": "no",
        "check_date": "2024-01-04",
        "colour": "gray",
        "material": "metal",
        "seats": "2"
      },
      "geometry": {
        "type": "Point",
        "coordinates": [
          12.4980941,
          41.8898018
        ]
      },
      "id": "node/1504642742"
    },
    {
      "type": "Feature",
      "properties": {
        "@id": "node/1509369464",
        "genus:en": "Pine",
        "natural": "tree"
      },
      "geometry": {
        "type": "Point",
        "coordinates": [
          12.4873675,
          41.8883676
        ]
      },
      "id": "node/1509369464"
    },
    {
      "type": "Feature",
      "properties": {
        "@id": "node/1509369498",
        "amenity": "waste_basket",
        "check_date": "2026-04-10"
      },
      "geometry": {
        "type": "Point",
        "coordinates": [
          12.488949,
          41.8885126
        ]
      },
      "id": "node/1509369498"
    },
    {
      "type": "Feature",
      "properties": {
        "@id": "node/1509369547",
        "genus:en": "Cypress",
        "natural": "tree"
      },
      "geometry": {
        "type": "Point",
        "coordinates": [
          12.4880956,
          41.8886711
        ]
      },
      "id": "node/1509369547"
    },
    {
      "type": "Feature",
      "properties": {
        "@id": "node/1509369556",
        "genus:en": "Cypress",
        "natural": "tree"
      },
      "geometry": {
        "type": "Point",
        "coordinates": [
          12.4880991,
          41.8886908
        ]
      },
      "id": "node/1509369556"
    },
    {
      "type": "Feature",
      "properties": {
        "@id": "node/1509369561",
        "genus:en": "Cypress",
        "natural": "tree"
      },
      "geometry": {
        "type": "Point",
        "coordinates": [
          12.4881025,
          41.8887125
        ]
      },
      "id": "node/1509369561"
    },
    {
      "type": "Feature",
      "properties": {
        "@id": "node/1509369611",
        "genus:en": "Cypress",
        "natural": "tree"
      },
      "geometry": {
        "type": "Point",
        "coordinates": [
          12.4880419,
          41.8887807
        ]
      },
      "id": "node/1509369611"
    },
    {
      "type": "Feature",
      "properties": {
        "@id": "node/1509369619",
        "genus:en": "Cypress",
        "natural": "tree"
      },
      "geometry": {
        "type": "Point",
        "coordinates": [
          12.4880842,
          41.8887907
        ]
      },
      "id": "node/1509369619"
    },
    {
      "type": "Feature",
      "properties": {
        "@id": "node/1509369639",
        "amenity": "waste_basket",
        "check_date": "2023-06-01"
      },
      "geometry": {
        "type": "Point",
        "coordinates": [
          12.4878623,
          41.8888833
        ]
      },
      "id": "node/1509369639"
    },
    {
      "type": "Feature",
      "properties": {
        "@id": "node/1509369658",
        "genus:en": "Cypress",
        "natural": "tree"
      },
      "geometry": {
        "type": "Point",
        "coordinates": [
          12.487975,
          41.8888687
        ]
      },
      "id": "node/1509369658"
    },
    {
      "type": "Feature",
      "properties": {
        "@id": "node/1509369670",
        "natural": "tree",
        "type": "cypress"
      },
      "geometry": {
        "type": "Point",
        "coordinates": [
          12.4887796,
          41.8888735
        ]
      },
      "id": "node/1509369670"
    },
    {
      "type": "Feature",
      "properties": {
        "@id": "node/1509369673",
        "natural": "tree",
        "type": "cypress"
      },
      "geometry": {
        "type": "Point",
        "coordinates": [
          12.4887054,
          41.8888765
        ]
      },
      "id": "node/1509369673"
    },
    {
      "type": "Feature",
      "properties": {
        "@id": "node/1509369679",
        "natural": "tree",
        "type": "cypress"
      },
      "geometry": {
        "type": "Point",
        "coordinates": [
          12.4886343,
          41.8888794
        ]
      },
      "id": "node/1509369679"
    },
    {
      "type": "Feature",
      "properties": {
        "@id": "node/1509369686",
        "natural": "tree",
        "tree": "olive_tree"
      },
      "geometry": {
        "type": "Point",
        "coordinates": [
          12.4877474,
          41.8888922
        ]
      },
      "id": "node/1509369686"
    },
    {
      "type": "Feature",
      "properties": {
        "@id": "node/1509369689",
        "natural": "tree",
        "tree": "olive_tree"
      },
      "geometry": {
        "type": "Point",
        "coordinates": [
          12.487704,
          41.8889034
        ]
      },
      "id": "node/1509369689"
    },
    {
      "type": "Feature",
      "properties": {
        "@id": "node/1509369693",
        "natural": "tree",
        "tree": "olive_tree"
      },
      "geometry": {
        "type": "Point",
        "coordinates": [
          12.4876632,
          41.8889164
        ]
      },
      "id": "node/1509369693"
    },
    {
      "type": "Feature",
      "properties": {
        "@id": "node/1509369701",
        "genus:en": "Cypress",
        "natural": "tree"
      },
      "geometry": {
        "type": "Point",
        "coordinates": [
          12.4879672,
          41.8889202
        ]
      },
      "id": "node/1509369701"
    },
    {
      "type": "Feature",
      "properties": {
        "@id": "node/1509369703",
        "genus:en": "Cypress",
        "natural": "tree"
      },
      "geometry": {
        "type": "Point",
        "coordinates": [
          12.4879226,
          41.8889243
        ]
      },
      "id": "node/1509369703"
    },
    {
      "type": "Feature",
      "properties": {
        "@id": "node/1509369711",
        "natural": "tree",
        "tree": "olive_tree"
      },
      "geometry": {
        "type": "Point",
        "coordinates": [
          12.4876307,
          41.8889338
        ]
      },
      "id": "node/1509369711"
    },
    {
      "type": "Feature",
      "properties": {
        "@id": "node/1509369719",
        "amenity": "waste_basket"
      },
      "geometry": {
        "type": "Point",
        "coordinates": [
          12.4876548,
          41.8889437
        ]
      },
      "id": "node/1509369719"
    },
    {
      "type": "Feature",
      "properties": {
        "@id": "node/1509369723",
        "genus:en": "Cypress",
        "natural": "tree"
      },
      "geometry": {
        "type": "Point",
        "coordinates": [
          12.487859,
          41.8889492
        ]
      },
      "id": "node/1509369723"
    },
    {
      "type": "Feature",
      "properties": {
        "@id": "node/1509369731",
        "natural": "tree",
        "tree": "olive_tree"
      },
      "geometry": {
        "type": "Point",
        "coordinates": [
          12.4875948,
          41.888958
        ]
      },
      "id": "node/1509369731"
    },
    {
      "type": "Feature",
      "properties": {
        "@id": "node/1509369734",
        "natural": "tree"
      },
      "geometry": {
        "type": "Point",
        "coordinates": [
          12.4887613,
          41.8889584
        ]
      },
      "id": "node/1509369734"
    },
    {
      "type": "Feature",
      "properties": {
        "@id": "node/1509369744",
        "genus:en": "Cypress",
        "natural": "tree"
      },
      "geometry": {
        "type": "Point",
        "coordinates": [
          12.4877553,
          41.8889725
        ]
      },
      "id": "node/1509369744"
    },
    {
      "type": "Feature",
      "properties": {
        "@id": "node/1509369759",
        "genus:en": "Cypress",
        "natural": "tree"
      },
      "geometry": {
        "type": "Point",
        "coordinates": [
          12.48782,
          41.8889833
        ]
      },
      "id": "node/1509369759"
    },
    {
      "type": "Feature",
      "properties": {
        "@id": "node/1509369769",
        "natural": "tree"
      },
      "geometry": {
        "type": "Point",
        "coordinates": [
          12.4884846,
          41.888996
        ]
      },
      "id": "node/1509369769"
    },
    {
      "type": "Feature",
      "properties": {
        "@id": "node/1509369794",
        "amenity": "bench",
        "backrest": "yes"
      },
      "geometry": {
        "type": "Point",
        "coordinates": [
          12.4889448,
          41.8890211
        ]
      },
      "id": "node/1509369794"
    },
    {
      "type": "Feature",
      "properties": {
        "@id": "node/1509369835",
        "amenity": "bench",
        "backrest": "yes"
      },
      "geometry": {
        "type": "Point",
        "coordinates": [
          12.4884501,
          41.889066
        ]
      },
      "id": "node/1509369835"
    },
    {
      "type": "Feature",
      "properties": {
        "@id": "node/1509369856",
        "amenity": "bench",
        "backrest": "yes"
      },
      "geometry": {
        "type": "Point",
        "coordinates": [
          12.4884107,
          41.889088
        ]
      },
      "id": "node/1509369856"
    },
    {
      "type": "Feature",
      "properties": {
        "@id": "node/1509369876",
        "amenity": "waste_basket",
        "check_date": "2021-11-01"
      },
      "geometry": {
        "type": "Point",
        "coordinates": [
          12.4875711,
          41.8891098
        ]
      },
      "id": "node/1509369876"
    },
    {
      "type": "Feature",
      "properties": {
        "@id": "node/1509369904",
        "natural": "tree"
      },
      "geometry": {
        "type": "Point",
        "coordinates": [
          12.4878537,
          41.8891476
        ]
      },
      "id": "node/1509369904"
    },
    {
      "type": "Feature",
      "properties": {
        "@id": "node/1509369917",
        "natural": "tree"
      },
      "geometry": {
        "type": "Point",
        "coordinates": [
          12.4879271,
          41.889167
        ]
      },
      "id": "node/1509369917"
    },
    {
      "type": "Feature",
      "properties": {
        "@id": "node/1509369955",
        "natural": "tree"
      },
      "geometry": {
        "type": "Point",
        "coordinates": [
          12.4878845,
          41.8892656
        ]
      },
      "id": "node/1509369955"
    },
    {
      "type": "Feature",
      "properties": {
        "@id": "node/1509369961",
        "natural": "tree",
        "tree": "olive_tree"
      },
      "geometry": {
        "type": "Point",
        "coordinates": [
          12.4875143,
          41.8892819
        ]
      },
      "id": "node/1509369961"
    },
    {
      "type": "Feature",
      "properties": {
        "@id": "node/1509369969",
        "amenity": "waste_basket",
        "check_date": "2026-05-11"
      },
      "geometry": {
        "type": "Point",
        "coordinates": [
          12.4891204,
          41.8892957
        ]
      },
      "id": "node/1509369969"
    },
    {
      "type": "Feature",
      "properties": {
        "@id": "node/1509369975",
        "natural": "tree",
        "tree": "olive_tree"
      },
      "geometry": {
        "type": "Point",
        "coordinates": [
          12.4875374,
          41.8893177
        ]
      },
      "id": "node/1509369975"
    },
    {
      "type": "Feature",
      "properties": {
        "@id": "node/1509369986",
        "natural": "tree",
        "tree": "olive_tree"
      },
      "geometry": {
        "type": "Point",
        "coordinates": [
          12.487563,
          41.8893573
        ]
      },
      "id": "node/1509369986"
    },
    {
      "type": "Feature",
      "properties": {
        "@id": "node/1509369992",
        "natural": "tree",
        "tree": "olive_tree"
      },
      "geometry": {
        "type": "Point",
        "coordinates": [
          12.4875858,
          41.8893928
        ]
      },
      "id": "node/1509369992"
    },
    {
      "type": "Feature",
      "properties": {
        "@id": "node/1509370000",
        "natural": "tree"
      },
      "geometry": {
        "type": "Point",
        "coordinates": [
          12.4880013,
          41.8894146
        ]
      },
      "id": "node/1509370000"
    },
    {
      "type": "Feature",
      "properties": {
        "@id": "node/1509370018",
        "natural": "tree",
        "tree": "olive_tree"
      },
      "geometry": {
        "type": "Point",
        "coordinates": [
          12.4876095,
          41.8894295
        ]
      },
      "id": "node/1509370018"
    },
    {
      "type": "Feature",
      "properties": {
        "@id": "node/1509370028",
        "natural": "tree"
      },
      "geometry": {
        "type": "Point",
        "coordinates": [
          12.487342,
          41.8894381
        ]
      },
      "id": "node/1509370028"
    },
    {
      "type": "Feature",
      "properties": {
        "@id": "node/1509370033",
        "natural": "tree"
      },
      "geometry": {
        "type": "Point",
        "coordinates": [
          12.4872261,
          41.8894405
        ]
      },
      "id": "node/1509370033"
    },
    {
      "type": "Feature",
      "properties": {
        "@id": "node/1509370045",
        "natural": "tree",
        "tree": "olive_tree"
      },
      "geometry": {
        "type": "Point",
        "coordinates": [
          12.4876285,
          41.8894589
        ]
      },
      "id": "node/1509370045"
    },
    {
      "type": "Feature",
      "properties": {
        "@id": "node/1509370055",
        "natural": "tree",
        "tree": "olive_tree"
      },
      "geometry": {
        "type": "Point",
        "coordinates": [
          12.487651,
          41.8894937
        ]
      },
      "id": "node/1509370055"
    },
    {
      "type": "Feature",
      "properties": {
        "@id": "node/1509370065",
        "natural": "tree"
      },
      "geometry": {
        "type": "Point",
        "coordinates": [
          12.4870771,
          41.8895162
        ]
      },
      "id": "node/1509370065"
    },
    {
      "type": "Feature",
      "properties": {
        "@id": "node/1509370073",
        "natural": "tree",
        "tree": "olive_tree"
      },
      "geometry": {
        "type": "Point",
        "coordinates": [
          12.4876741,
          41.8895294
        ]
      },
      "id": "node/1509370073"
    },
    {
      "type": "Feature",
      "properties": {
        "@id": "node/1509370083",
        "natural": "tree",
        "tree": "olive_tree"
      },
      "geometry": {
        "type": "Point",
        "coordinates": [
          12.4876954,
          41.8895623
        ]
      },
      "id": "node/1509370083"
    },
    {
      "type": "Feature",
      "properties": {
        "@id": "node/1509370092",
        "natural": "tree"
      },
      "geometry": {
        "type": "Point",
        "coordinates": [
          12.487282,
          41.8895626
        ]
      },
      "id": "node/1509370092"
    },
    {
      "type": "Feature",
      "properties": {
        "@id": "node/1509370146",
        "natural": "tree"
      },
      "geometry": {
        "type": "Point",
        "coordinates": [
          12.4863386,
          41.8897781
        ]
      },
      "id": "node/1509370146"
    },
    {
      "type": "Feature",
      "properties": {
        "@id": "node/1509370159",
        "natural": "tree"
      },
      "geometry": {
        "type": "Point",
        "coordinates": [
          12.4862654,
          41.8898236
        ]
      },
      "id": "node/1509370159"
    },
    {
      "type": "Feature",
      "properties": {
        "@id": "node/1509370168",
        "natural": "tree"
      },
      "geometry": {
        "type": "Point",
        "coordinates": [
          12.4862053,
          41.8898683
        ]
      },
      "id": "node/1509370168"
    },
    {
      "type": "Feature",
      "properties": {
        "@id": "node/1509370179",
        "genus:en": "Cypress",
        "natural": "tree"
      },
      "geometry": {
        "type": "Point",
        "coordinates": [
          12.4879031,
          41.8898819
        ]
      },
      "id": "node/1509370179"
    },
    {
      "type": "Feature",
      "properties": {
        "@id": "node/1509370183",
        "genus:en": "Cypress",
        "natural": "tree"
      },
      "geometry": {
        "type": "Point",
        "coordinates": [
          12.4879277,
          41.8899235
        ]
      },
      "id": "node/1509370183"
    },
    {
      "type": "Feature",
      "properties": {
        "@id": "node/1509370196",
        "natural": "tree"
      },
      "geometry": {
        "type": "Point",
        "coordinates": [
          12.4864412,
          41.889961
        ]
      },
      "id": "node/1509370196"
    },
    {
      "type": "Feature",
      "properties": {
        "@id": "node/1509370197",
        "genus:en": "Cypress",
        "natural": "tree"
      },
      "geometry": {
        "type": "Point",
        "coordinates": [
          12.4879486,
          41.8899613
        ]
      },
      "id": "node/1509370197"
    },
    {
      "type": "Feature",
      "properties": {
        "@id": "node/1509370199",
        "genus:en": "Pine",
        "natural": "tree"
      },
      "geometry": {
        "type": "Point",
        "coordinates": [
          12.4865405,
          41.8899624
        ]
      },
      "id": "node/1509370199"
    },
    {
      "type": "Feature",
      "properties": {
        "@id": "node/1509370206",
        "natural": "tree"
      },
      "geometry": {
        "type": "Point",
        "coordinates": [
          12.489285,
          41.8899745
        ]
      },
      "id": "node/1509370206"
    },
    {
      "type": "Feature",
      "properties": {
        "@id": "node/1509370210",
        "natural": "tree"
      },
      "geometry": {
        "type": "Point",
        "coordinates": [
          12.4889647,
          41.8899758
        ]
      },
      "id": "node/1509370210"
    },
    {
      "type": "Feature",
      "properties": {
        "@id": "node/1509370215",
        "genus:en": "Cypress",
        "natural": "tree"
      },
      "geometry": {
        "type": "Point",
        "coordinates": [
          12.4879665,
          41.8899952
        ]
      },
      "id": "node/1509370215"
    },
    {
      "type": "Feature",
      "properties": {
        "@id": "node/1509370222",
        "natural": "tree"
      },
      "geometry": {
        "type": "Point",
        "coordinates": [
          12.4863211,
          41.890013
        ]
      },
      "id": "node/1509370222"
    },
    {
      "type": "Feature",
      "properties": {
        "@id": "node/1509370230",
        "natural": "tree"
      },
      "geometry": {
        "type": "Point",
        "coordinates": [
          12.4887916,
          41.8900431
        ]
      },
      "id": "node/1509370230"
    },
    {
      "type": "Feature",
      "properties": {
        "@id": "node/1509370243",
        "natural": "tree"
      },
      "geometry": {
        "type": "Point",
        "coordinates": [
          12.4890901,
          41.8900503
        ]
      },
      "id": "node/1509370243"
    },
    {
      "type": "Feature",
      "properties": {
        "@id": "node/1509370305",
        "amenity": "bench",
        "backrest": "yes"
      },
      "geometry": {
        "type": "Point",
        "coordinates": [
          12.4869303,
          41.8901285
        ]
      },
      "id": "node/1509370305"
    },
    {
      "type": "Feature",
      "properties": {
        "@id": "node/1509370311",
        "natural": "tree"
      },
      "geometry": {
        "type": "Point",
        "coordinates": [
          12.4863997,
          41.8900902
        ]
      },
      "id": "node/1509370311"
    },
    {
      "type": "Feature",
      "properties": {
        "@id": "node/1509370376",
        "amenity": "bench"
      },
      "geometry": {
        "type": "Point",
        "coordinates": [
          12.4871025,
          41.890192
        ]
      },
      "id": "node/1509370376"
    },
    {
      "type": "Feature",
      "properties": {
        "@id": "node/1509370388",
        "natural": "tree",
        "taxon:family": "Arecaceae"
      },
      "geometry": {
        "type": "Point",
        "coordinates": [
          12.4872236,
          41.8901973
        ]
      },
      "id": "node/1509370388"
    },
    {
      "type": "Feature",
      "properties": {
        "@id": "node/1509370399",
        "amenity": "bench"
      },
      "geometry": {
        "type": "Point",
        "coordinates": [
          12.4870663,
          41.8902146
        ]
      },
      "id": "node/1509370399"
    },
    {
      "type": "Feature",
      "properties": {
        "@id": "node/1509370413",
        "natural": "tree"
      },
      "geometry": {
        "type": "Point",
        "coordinates": [
          12.4877119,
          41.8902294
        ]
      },
      "id": "node/1509370413"
    },
    {
      "type": "Feature",
      "properties": {
        "@id": "node/1509370419",
        "amenity": "bench",
        "backrest": "no"
      },
      "geometry": {
        "type": "Point",
        "coordinates": [
          12.4870321,
          41.890238
        ]
      },
      "id": "node/1509370419"
    },
    {
      "type": "Feature",
      "properties": {
        "@id": "node/1509370431",
        "natural": "tree",
        "taxon:family": "Arecaceae"
      },
      "geometry": {
        "type": "Point",
        "coordinates": [
          12.4870927,
          41.890246
        ]
      },
      "id": "node/1509370431"
    },
    {
      "type": "Feature",
      "properties": {
        "@id": "node/1509370457",
        "natural": "tree"
      },
      "geometry": {
        "type": "Point",
        "coordinates": [
          12.4875843,
          41.8902764
        ]
      },
      "id": "node/1509370457"
    },
    {
      "type": "Feature",
      "properties": {
        "@id": "node/1509370486",
        "natural": "tree"
      },
      "geometry": {
        "type": "Point",
        "coordinates": [
          12.4877867,
          41.8903147
        ]
      },
      "id": "node/1509370486"
    },
    {
      "type": "Feature",
      "properties": {
        "@id": "node/1509370494",
        "natural": "tree"
      },
      "geometry": {
        "type": "Point",
        "coordinates": [
          12.4874334,
          41.8903325
        ]
      },
      "id": "node/1509370494"
    },
    {
      "type": "Feature",
      "properties": {
        "@id": "node/1509370508",
        "amenity": "waste_basket",
        "check_date": "2022-09-06"
      },
      "geometry": {
        "type": "Point",
        "coordinates": [
          12.4879207,
          41.8903414
        ]
      },
      "id": "node/1509370508"
    },
    {
      "type": "Feature",
      "properties": {
        "@id": "node/1509370564",
        "natural": "tree"
      },
      "geometry": {
        "type": "Point",
        "coordinates": [
          12.4877801,
          41.8903811
        ]
      },
      "id": "node/1509370564"
    },
    {
      "type": "Feature",
      "properties": {
        "@id": "node/1509370576",
        "natural": "tree"
      },
      "geometry": {
        "type": "Point",
        "coordinates": [
          12.4874044,
          41.8903898
        ]
      },
      "id": "node/1509370576"
    },
    {
      "type": "Feature",
      "properties": {
        "@id": "node/1509370593",
        "natural": "tree"
      },
      "geometry": {
        "type": "Point",
        "coordinates": [
          12.4875756,
          41.8904135
        ]
      },
      "id": "node/1509370593"
    },
    {
      "type": "Feature",
      "properties": {
        "@id": "node/1509370635",
        "natural": "tree",
        "taxon:family": "Arecaceae"
      },
      "geometry": {
        "type": "Point",
        "coordinates": [
          12.48654,
          41.8905123
        ]
      },
      "id": "node/1509370635"
    },
    {
      "type": "Feature",
      "properties": {
        "@id": "node/1509370758",
        "natural": "tree"
      },
      "geometry": {
        "type": "Point",
        "coordinates": [
          12.4864511,
          41.890627
        ]
      },
      "id": "node/1509370758"
    },
    {
      "type": "Feature",
      "properties": {
        "@id": "node/1510795500",
        "historic": "archaeological_site",
        "historic:civilization": "ancient_roman",
        "name": "Criptoportico Neroniano",
        "name:de": "Kryptoportikus des Nero",
        "wikidata": "Q660398",
        "wikimedia_commons": "Category:Cryptoporticus",
        "wikipedia": "it:Criptoportico"
      },
      "geometry": {
        "type": "Point",
        "coordinates": [
          12.4871741,
          41.890019
        ]
      },
      "id": "node/1510795500"
    },
    {
      "type": "Feature",
      "properties": {
        "@id": "node/1510795607",
        "amenity": "bench",
        "backrest": "yes"
      },
      "geometry": {
        "type": "Point",
        "coordinates": [
          12.4855451,
          41.8896377
        ]
      },
      "id": "node/1510795607"
    },
    {
      "type": "Feature",
      "properties": {
        "@id": "node/1510795609",
        "amenity": "bench",
        "backrest": "yes"
      },
      "geometry": {
        "type": "Point",
        "coordinates": [
          12.4855181,
          41.8896592
        ]
      },
      "id": "node/1510795609"
    },
    {
      "type": "Feature",
      "properties": {
        "@id": "node/1510795612",
        "amenity": "waste_basket"
      },
      "geometry": {
        "type": "Point",
        "coordinates": [
          12.4851932,
          41.8897835
        ]
      },
      "id": "node/1510795612"
    },
    {
      "type": "Feature",
      "properties": {
        "@id": "node/1510795634",
        "amenity": "bench",
        "backrest": "no"
      },
      "geometry": {
        "type": "Point",
        "coordinates": [
          12.4852389,
          41.8898832
        ]
      },
      "id": "node/1510795634"
    },
    {
      "type": "Feature",
      "properties": {
        "@id": "node/1510795635",
        "amenity": "bench",
        "backrest": "no"
      },
      "geometry": {
        "type": "Point",
        "coordinates": [
          12.4852667,
          41.889906
        ]
      },
      "id": "node/1510795635"
    },
    {
      "type": "Feature",
      "properties": {
        "@id": "node/1510795658",
        "amenity": "waste_basket",
        "check_date": "2024-11-14"
      },
      "geometry": {
        "type": "Point",
        "coordinates": [
          12.4867739,
          41.8902271
        ]
      },
      "id": "node/1510795658"
    },
    {
      "type": "Feature",
      "properties": {
        "@id": "node/1510795670",
        "amenity": "bench",
        "backrest": "no"
      },
      "geometry": {
        "type": "Point",
        "coordinates": [
          12.4864874,
          41.8903856
        ]
      },
      "id": "node/1510795670"
    },
    {
      "type": "Feature",
      "properties": {
        "@id": "node/1510795679",
        "amenity": "waste_basket",
        "check_date": "2024-11-14"
      },
      "geometry": {
        "type": "Point",
        "coordinates": [
          12.4863488,
          41.8905003
        ]
      },
      "id": "node/1510795679"
    },
    {
      "type": "Feature",
      "properties": {
        "@id": "node/1510795681",
        "amenity": "bench",
        "backrest": "yes"
      },
      "geometry": {
        "type": "Point",
        "coordinates": [
          12.486292,
          41.8905056
        ]
      },
      "id": "node/1510795681"
    },
    {
      "type": "Feature",
      "properties": {
        "@id": "node/1510795685",
        "natural": "tree"
      },
      "geometry": {
        "type": "Point",
        "coordinates": [
          12.4863565,
          41.8905307
        ]
      },
      "id": "node/1510795685"
    },
    {
      "type": "Feature",
      "properties": {
        "@id": "node/1510795688",
        "natural": "tree"
      },
      "geometry": {
        "type": "Point",
        "coordinates": [
          12.4862426,
          41.8906429
        ]
      },
      "id": "node/1510795688"
    },
    {
      "type": "Feature",
      "properties": {
        "@id": "node/1510795694",
        "natural": "tree"
      },
      "geometry": {
        "type": "Point",
        "coordinates": [
          12.4861706,
          41.8906833
        ]
      },
      "id": "node/1510795694"
    },
    {
      "type": "Feature",
      "properties": {
        "@id": "node/1510795697",
        "natural": "tree"
      },
      "geometry": {
        "type": "Point",
        "coordinates": [
          12.4863607,
          41.8907074
        ]
      },
      "id": "node/1510795697"
    },
    {
      "type": "Feature",
      "properties": {
        "@id": "node/1510795699",
        "natural": "tree"
      },
      "geometry": {
        "type": "Point",
        "coordinates": [
          12.4860824,
          41.8907399
        ]
      },
      "id": "node/1510795699"
    },
    {
      "type": "Feature",
      "properties": {
        "@id": "node/1510795713",
        "leaf_type": "broadleaved",
        "natural": "tree"
      },
      "geometry": {
        "type": "Point",
        "coordinates": [
          12.4864096,
          41.8907793
        ]
      },
      "id": "node/1510795713"
    },
    {
      "type": "Feature",
      "properties": {
        "@id": "node/1510795754",
        "natural": "tree"
      },
      "geometry": {
        "type": "Point",
        "coordinates": [
          12.4862287,
          41.8907574
        ]
      },
      "id": "node/1510795754"
    },
    {
      "type": "Feature",
      "properties": {
        "@id": "node/1510795815",
        "amenity": "bench"
      },
      "geometry": {
        "type": "Point",
        "coordinates": [
          12.4864291,
          41.89098
        ]
      },
      "id": "node/1510795815"
    },
    {
      "type": "Feature",
      "properties": {
        "@id": "node/1512238809",
        "genus": "Pinus",
        "leaf_type": "needleleaved",
        "natural": "tree",
        "species": "Pinus pinea"
      },
      "geometry": {
        "type": "Point",
        "coordinates": [
          12.4863982,
          41.8893408
        ]
      },
      "id": "node/1512238809"
    },
    {
      "type": "Feature",
      "properties": {
        "@id": "node/1512238818",
        "genus": "Pinus",
        "leaf_type": "needleleaved",
        "natural": "tree",
        "species": "Pinus pinea"
      },
      "geometry": {
        "type": "Point",
        "coordinates": [
          12.4864869,
          41.8893928
        ]
      },
      "id": "node/1512238818"
    },
    {
      "type": "Feature",
      "properties": {
        "@id": "node/1512238822",
        "genus": "Pinus",
        "leaf_type": "needleleaved",
        "natural": "tree",
        "species": "Pinus pinea"
      },
      "geometry": {
        "type": "Point",
        "coordinates": [
          12.4865572,
          41.889432
        ]
      },
      "id": "node/1512238822"
    },
    {
      "type": "Feature",
      "properties": {
        "@id": "node/1512238838",
        "genus": "Pinus",
        "leaf_type": "needleleaved",
        "natural": "tree",
        "species": "Pinus pinea"
      },
      "geometry": {
        "type": "Point",
        "coordinates": [
          12.4866505,
          41.889481
        ]
      },
      "id": "node/1512238838"
    },
    {
      "type": "Feature",
      "properties": {
        "@id": "node/1512238845",
        "genus": "Pinus",
        "leaf_type": "needleleaved",
        "natural": "tree",
        "species": "Pinus pinea"
      },
      "geometry": {
        "type": "Point",
        "coordinates": [
          12.4867072,
          41.8895134
        ]
      },
      "id": "node/1512238845"
    },
    {
      "type": "Feature",
      "properties": {
        "@id": "node/1512238847",
        "genus": "Pinus",
        "leaf_type": "needleleaved",
        "natural": "tree",
        "species": "Pinus pinea"
      },
      "geometry": {
        "type": "Point",
        "coordinates": [
          12.4868107,
          41.8895679
        ]
      },
      "id": "node/1512238847"
    },
    {
      "type": "Feature",
      "properties": {
        "@id": "node/1512238858",
        "genus": "Pinus",
        "leaf_type": "needleleaved",
        "natural": "tree",
        "species": "Pinus pinea"
      },
      "geometry": {
        "type": "Point",
        "coordinates": [
          12.4869107,
          41.8896092
        ]
      },
      "id": "node/1512238858"
    },
    {
      "type": "Feature",
      "properties": {
        "@id": "node/1512238860",
        "amenity": "waste_basket",
        "check_date": "2024-07-03"
      },
      "geometry": {
        "type": "Point",
        "coordinates": [
          12.4868078,
          41.8896261
        ]
      },
      "id": "node/1512238860"
    },
    {
      "type": "Feature",
      "properties": {
        "@id": "node/1512238864",
        "genus": "Pinus",
        "leaf_type": "needleleaved",
        "natural": "tree",
        "species": "Pinus pinea"
      },
      "geometry": {
        "type": "Point",
        "coordinates": [
          12.4869841,
          41.8896453
        ]
      },
      "id": "node/1512238864"
    },
    {
      "type": "Feature",
      "properties": {
        "@id": "node/1512238868",
        "genus": "Pinus",
        "leaf_type": "needleleaved",
        "natural": "tree",
        "species": "Pinus pinea"
      },
      "geometry": {
        "type": "Point",
        "coordinates": [
          12.4870724,
          41.8896833
        ]
      },
      "id": "node/1512238868"
    },
    {
      "type": "Feature",
      "properties": {
        "@id": "node/1512238874",
        "genus": "Pinus",
        "leaf_type": "needleleaved",
        "natural": "tree",
        "species": "Pinus pinea"
      },
      "geometry": {
        "type": "Point",
        "coordinates": [
          12.4871495,
          41.8897194
        ]
      },
      "id": "node/1512238874"
    },
    {
      "type": "Feature",
      "properties": {
        "@id": "node/1512238888",
        "amenity": "waste_basket",
        "check_date": "2024-07-03"
      },
      "geometry": {
        "type": "Point",
        "coordinates": [
          12.487102,
          41.8897606
        ]
      },
      "id": "node/1512238888"
    },
    {
      "type": "Feature",
      "properties": {
        "@id": "node/1512238889",
        "genus": "Pinus",
        "leaf_type": "needleleaved",
        "natural": "tree",
        "species": "Pinus pinea"
      },
      "geometry": {
        "type": "Point",
        "coordinates": [
          12.4870963,
          41.8897624
        ]
      },
      "id": "node/1512238889"
    },
    {
      "type": "Feature",
      "properties": {
        "@id": "node/1512238892",
        "genus": "Pinus",
        "leaf_type": "needleleaved",
        "natural": "tree",
        "species": "Pinus pinea"
      },
      "geometry": {
        "type": "Point",
        "coordinates": [
          12.4871312,
          41.889769
        ]
      },
      "id": "node/1512238892"
    },
    {
      "type": "Feature",
      "properties": {
        "@id": "node/1512238895",
        "genus": "Pinus",
        "leaf_type": "needleleaved",
        "natural": "tree",
        "species": "Pinus pinea"
      },
      "geometry": {
        "type": "Point",
        "coordinates": [
          12.4872515,
          41.8897755
        ]
      },
      "id": "node/1512238895"
    },
    {
      "type": "Feature",
      "properties": {
        "@id": "node/1512238898",
        "genus": "Pinus",
        "leaf_type": "needleleaved",
        "natural": "tree",
        "species": "Pinus pinea"
      },
      "geometry": {
        "type": "Point",
        "coordinates": [
          12.4871965,
          41.8898023
        ]
      },
      "id": "node/1512238898"
    },
    {
      "type": "Feature",
      "properties": {
        "@id": "node/1512238902",
        "amenity": "waste_basket",
        "check_date": "2024-07-03"
      },
      "geometry": {
        "type": "Point",
        "coordinates": [
          12.4872157,
          41.8898078
        ]
      },
      "id": "node/1512238902"
    },
    {
      "type": "Feature",
      "properties": {
        "@id": "node/1512238906",
        "genus": "Pinus",
        "leaf_type": "needleleaved",
        "natural": "tree",
        "species": "Pinus pinea"
      },
      "geometry": {
        "type": "Point",
        "coordinates": [
          12.4873614,
          41.8898331
        ]
      },
      "id": "node/1512238906"
    },
    {
      "type": "Feature",
      "properties": {
        "@id": "node/1512238908",
        "genus": "Pinus",
        "leaf_type": "needleleaved",
        "natural": "tree",
        "species": "Pinus pinea"
      },
      "geometry": {
        "type": "Point",
        "coordinates": [
          12.4872754,
          41.8898398
        ]
      },
      "id": "node/1512238908"
    },
    {
      "type": "Feature",
      "properties": {
        "@id": "node/1512238919",
        "amenity": "waste_basket"
      },
      "geometry": {
        "type": "Point",
        "coordinates": [
          12.4873706,
          41.8898713
        ]
      },
      "id": "node/1512238919"
    },
    {
      "type": "Feature",
      "properties": {
        "@id": "node/1512238923",
        "genus": "Pinus",
        "leaf_type": "needleleaved",
        "natural": "tree",
        "species": "Pinus pinea"
      },
      "geometry": {
        "type": "Point",
        "coordinates": [
          12.4874582,
          41.8898789
        ]
      },
      "id": "node/1512238923"
    },
    {
      "type": "Feature",
      "properties": {
        "@id": "node/1512238927",
        "amenity": "bench"
      },
      "geometry": {
        "type": "Point",
        "coordinates": [
          12.4868844,
          41.8898815
        ]
      },
      "id": "node/1512238927"
    },
    {
      "type": "Feature",
      "properties": {
        "@id": "node/1512238932",
        "amenity": "waste_basket"
      },
      "geometry": {
        "type": "Point",
        "coordinates": [
          12.4868636,
          41.8898928
        ]
      },
      "id": "node/1512238932"
    },
    {
      "type": "Feature",
      "properties": {
        "@id": "node/1512238967",
        "genus:en": "Cypress",
        "natural": "tree"
      },
      "geometry": {
        "type": "Point",
        "coordinates": [
          12.4870647,
          41.8900121
        ]
      },
      "id": "node/1512238967"
    },
    {
      "type": "Feature",
      "properties": {
        "@id": "node/1512238977",
        "amenity": "bench"
      },
      "geometry": {
        "type": "Point",
        "coordinates": [
          12.4876318,
          41.8900426
        ]
      },
      "id": "node/1512238977"
    },
    {
      "type": "Feature",
      "properties": {
        "@id": "node/1512238981",
        "amenity": "bench"
      },
      "geometry": {
        "type": "Point",
        "coordinates": [
          12.4876435,
          41.8900574
        ]
      },
      "id": "node/1512238981"
    },
    {
      "type": "Feature",
      "properties": {
        "@id": "node/1512238991",
        "amenity": "waste_basket"
      },
      "geometry": {
        "type": "Point",
        "coordinates": [
          12.4877295,
          41.8902051
        ]
      },
      "id": "node/1512238991"
    },
    {
      "type": "Feature",
      "properties": {
        "@id": "node/1514795957",
        "amenity": "waste_basket",
        "check_date": "2021-11-01"
      },
      "geometry": {
        "type": "Point",
        "coordinates": [
          12.485399,
          41.8892824
        ]
      },
      "id": "node/1514795957"
    },
    {
      "type": "Feature",
      "properties": {
        "@id": "node/1514795964",
        "leaf_type": "broadleaved",
        "natural": "tree"
      },
      "geometry": {
        "type": "Point",
        "coordinates": [
          12.4853928,
          41.8892978
        ]
      },
      "id": "node/1514795964"
    },
    {
      "type": "Feature",
      "properties": {
        "@id": "node/1514796043",
        "amenity": "bench",
        "backrest": "yes"
      },
      "geometry": {
        "type": "Point",
        "coordinates": [
          12.4854721,
          41.8894853
        ]
      },
      "id": "node/1514796043"
    },
    {
      "type": "Feature",
      "properties": {
        "@id": "node/1514796051",
        "amenity": "waste_basket",
        "check_date": "2025-08-24"
      },
      "geometry": {
        "type": "Point",
        "coordinates": [
          12.4855252,
          41.8895044
        ]
      },
      "id": "node/1514796051"
    },
    {
      "type": "Feature",
      "properties": {
        "@id": "node/1516053726",
        "description": "olive",
        "natural": "tree",
        "species": "Olea europaea"
      },
      "geometry": {
        "type": "Point",
        "coordinates": [
          12.4888727,
          41.8852695
        ]
      },
      "id": "node/1516053726"
    },
    {
      "type": "Feature",
      "properties": {
        "@id": "node/1516053728",
        "leaf_cycle": "evergreen",
        "leaf_type": "needleleaved",
        "natural": "tree",
        "species": "Cupressus sempervirens",
        "species:en": "Mediterranean Cypress"
      },
      "geometry": {
        "type": "Point",
        "coordinates": [
          12.4887125,
          41.8852833
        ]
      },
      "id": "node/1516053728"
    },
    {
      "type": "Feature",
      "properties": {
        "@id": "node/1516053730",
        "natural": "tree"
      },
      "geometry": {
        "type": "Point",
        "coordinates": [
          12.4891862,
          41.885315
        ]
      },
      "id": "node/1516053730"
    },
    {
      "type": "Feature",
      "properties": {
        "@id": "node/1516053732",
        "leaf_cycle": "evergreen",
        "leaf_type": "needleleaved",
        "natural": "tree",
        "species": "Cupressus sempervirens",
        "species:en": "Mediterranean cypress"
      },
      "geometry": {
        "type": "Point",
        "coordinates": [
          12.4887418,
          41.8853162
        ]
      },
      "id": "node/1516053732"
    },
    {
      "type": "Feature",
      "properties": {
        "@id": "node/1516053733",
        "leaf_cycle": "evergreen",
        "leaf_type": "needleleaved",
        "natural": "tree",
        "species": "Cupressus sempervirens",
        "species:en": "Mediterranean cypress"
      },
      "geometry": {
        "type": "Point",
        "coordinates": [
          12.4887753,
          41.8853577
        ]
      },
      "id": "node/1516053733"
    },
    {
      "type": "Feature",
      "properties": {
        "@id": "node/1516053736",
        "leaf_cycle": "evergreen",
        "leaf_type": "needleleaved",
        "natural": "tree",
        "species": "Cupressus sempervirens",
        "species:en": "Mediterranean cypress"
      },
      "geometry": {
        "type": "Point",
        "coordinates": [
          12.4888081,
          41.8853959
        ]
      },
      "id": "node/1516053736"
    },
    {
      "type": "Feature",
      "properties": {
        "@id": "node/1516053740",
        "leaf_cycle": "evergreen",
        "leaf_type": "needleleaved",
        "natural": "tree",
        "species": "Cupressus sempervirens",
        "species:en": "Mediterranean cypress"
      },
      "geometry": {
        "type": "Point",
        "coordinates": [
          12.488841,
          41.8854363
        ]
      },
      "id": "node/1516053740"
    },
    {
      "type": "Feature",
      "properties": {
        "@id": "node/1516053742",
        "description": "olive",
        "natural": "tree",
        "species": "Olea europaea"
      },
      "geometry": {
        "type": "Point",
        "coordinates": [
          12.4890083,
          41.8854437
        ]
      },
      "id": "node/1516053742"
    },
    {
      "type": "Feature",
      "properties": {
        "@id": "node/1516053744",
        "leaf_cycle": "evergreen",
        "leaf_type": "needleleaved",
        "natural": "tree",
        "species": "Cupressus sempervirens",
        "species:en": "Mediterranean cypress"
      },
      "geometry": {
        "type": "Point",
        "coordinates": [
          12.488876,
          41.8854783
        ]
      },
      "id": "node/1516053744"
    },
    {
      "type": "Feature",
      "properties": {
        "@id": "node/1516053747",
        "leaf_cycle": "evergreen",
        "leaf_type": "needleleaved",
        "natural": "tree",
        "species": "Cupressus sempervirens",
        "species:en": "Mediterranean cypress"
      },
      "geometry": {
        "type": "Point",
        "coordinates": [
          12.4889074,
          41.8855144
        ]
      },
      "id": "node/1516053747"
    },
    {
      "type": "Feature",
      "properties": {
        "@id": "node/1516053752",
        "leaf_cycle": "evergreen",
        "leaf_type": "needleleaved",
        "natural": "tree",
        "species": "Cupressus sempervirens",
        "species:en": "Mediterranean cypress"
      },
      "geometry": {
        "type": "Point",
        "coordinates": [
          12.4889352,
          41.8855495
        ]
      },
      "id": "node/1516053752"
    },
    {
      "type": "Feature",
      "properties": {
        "@id": "node/1516053758",
        "leaf_cycle": "evergreen",
        "leaf_type": "needleleaved",
        "natural": "tree",
        "species": "Cupressus sempervirens",
        "species:en": "Mediterranean cypress"
      },
      "geometry": {
        "type": "Point",
        "coordinates": [
          12.4889709,
          41.8855957
        ]
      },
      "id": "node/1516053758"
    },
    {
      "type": "Feature",
      "properties": {
        "@id": "node/1516053759",
        "description": "olive",
        "natural": "tree",
        "species": "Olea europaea"
      },
      "geometry": {
        "type": "Point",
        "coordinates": [
          12.4891539,
          41.8856117
        ]
      },
      "id": "node/1516053759"
    },
    {
      "type": "Feature",
      "properties": {
        "@id": "node/1516053761",
        "leaf_cycle": "evergreen",
        "leaf_type": "needleleaved",
        "natural": "tree",
        "species": "Cupressus sempervirens",
        "species:en": "Mediterranean cypress"
      },
      "geometry": {
        "type": "Point",
        "coordinates": [
          12.4890066,
          41.8856319
        ]
      },
      "id": "node/1516053761"
    },
    {
      "type": "Feature",
      "properties": {
        "@id": "node/1516053766",
        "leaf_cycle": "evergreen",
        "leaf_type": "needleleaved",
        "natural": "tree",
        "species": "Cupressus sempervirens",
        "species:en": "Mediterranean cypress"
      },
      "geometry": {
        "type": "Point",
        "coordinates": [
          12.4890351,
          41.8856733
        ]
      },
      "id": "node/1516053766"
    },
    {
      "type": "Feature",
      "properties": {
        "@id": "node/1516053768",
        "leaf_cycle": "evergreen",
        "leaf_type": "needleleaved",
        "natural": "tree",
        "species": "Cupressus sempervirens",
        "species:en": "Mediterranean cypress"
      },
      "geometry": {
        "type": "Point",
        "coordinates": [
          12.4890644,
          41.8857089
        ]
      },
      "id": "node/1516053768"
    },
    {
      "type": "Feature",
      "properties": {
        "@id": "node/1516053771",
        "leaf_cycle": "evergreen",
        "leaf_type": "needleleaved",
        "natural": "tree",
        "species": "Cupressus sempervirens",
        "species:en": "Mediterranean cypress"
      },
      "geometry": {
        "type": "Point",
        "coordinates": [
          12.4890958,
          41.885744
        ]
      },
      "id": "node/1516053771"
    },
    {
      "type": "Feature",
      "properties": {
        "@id": "node/1516053772",
        "natural": "tree"
      },
      "geometry": {
        "type": "Point",
        "coordinates": [
          12.4886357,
          41.8857824
        ]
      },
      "id": "node/1516053772"
    },
    {
      "type": "Feature",
      "properties": {
        "@id": "node/1516053774",
        "natural": "tree"
      },
      "geometry": {
        "type": "Point",
        "coordinates": [
          12.4883537,
          41.8858321
        ]
      },
      "id": "node/1516053774"
    },
    {
      "type": "Feature",
      "properties": {
        "@id": "node/1516053778",
        "natural": "tree"
      },
      "geometry": {
        "type": "Point",
        "coordinates": [
          12.4882453,
          41.8859061
        ]
      },
      "id": "node/1516053778"
    },
    {
      "type": "Feature",
      "properties": {
        "@id": "node/1516053780",
        "natural": "tree"
      },
      "geometry": {
        "type": "Point",
        "coordinates": [
          12.4888646,
          41.8859657
        ]
      },
      "id": "node/1516053780"
    },
    {
      "type": "Feature",
      "properties": {
        "@id": "node/1516053781",
        "natural": "tree"
      },
      "geometry": {
        "type": "Point",
        "coordinates": [
          12.4887473,
          41.8859764
        ]
      },
      "id": "node/1516053781"
    },
    {
      "type": "Feature",
      "properties": {
        "@id": "node/1516053787",
        "natural": "tree"
      },
      "geometry": {
        "type": "Point",
        "coordinates": [
          12.4882538,
          41.886066
        ]
      },
      "id": "node/1516053787"
    },
    {
      "type": "Feature",
      "properties": {
        "@id": "node/1516053823",
        "natural": "tree"
      },
      "geometry": {
        "type": "Point",
        "coordinates": [
          12.4868885,
          41.8875558
        ]
      },
      "id": "node/1516053823"
    },
    {
      "type": "Feature",
      "properties": {
        "@id": "node/1516053825",
        "natural": "tree"
      },
      "geometry": {
        "type": "Point",
        "coordinates": [
          12.4870008,
          41.8875825
        ]
      },
      "id": "node/1516053825"
    },
    {
      "type": "Feature",
      "properties": {
        "@id": "node/1516053826",
        "natural": "tree"
      },
      "geometry": {
        "type": "Point",
        "coordinates": [
          12.4867313,
          41.8876035
        ]
      },
      "id": "node/1516053826"
    },
    {
      "type": "Feature",
      "properties": {
        "@id": "node/1516053827",
        "natural": "tree"
      },
      "geometry": {
        "type": "Point",
        "coordinates": [
          12.4869243,
          41.8876071
        ]
      },
      "id": "node/1516053827"
    },
    {
      "type": "Feature",
      "properties": {
        "@id": "node/1516053829",
        "natural": "tree"
      },
      "geometry": {
        "type": "Point",
        "coordinates": [
          12.486894,
          41.8876477
        ]
      },
      "id": "node/1516053829"
    },
    {
      "type": "Feature",
      "properties": {
        "@id": "node/1520489364",
        "genus:en": "Cypress",
        "natural": "tree",
        "species": "Cupressus sempervirens"
      },
      "geometry": {
        "type": "Point",
        "coordinates": [
          12.4848787,
          41.8902905
        ]
      },
      "id": "node/1520489364"
    },
    {
      "type": "Feature",
      "properties": {
        "@id": "node/1520489367",
        "genus:en": "Cypress",
        "natural": "tree",
        "species": "Cupressus sempervirens"
      },
      "geometry": {
        "type": "Point",
        "coordinates": [
          12.4849277,
          41.8903285
        ]
      },
      "id": "node/1520489367"
    },
    {
      "type": "Feature",
      "properties": {
        "@id": "node/1528690282",
        "natural": "tree"
      },
      "geometry": {
        "type": "Point",
        "coordinates": [
          12.5025524,
          41.8876223
        ]
      },
      "id": "node/1528690282"
    },
    {
      "type": "Feature",
      "properties": {
        "@id": "node/1529025217",
        "amenity": "post_box",
        "check_date:collection_times": "2024-01-04",
        "collection_times": "Mo-Fr 12:00"
      },
      "geometry": {
        "type": "Point",
        "coordinates": [
          12.5010817,
          41.887945
        ]
      },
      "id": "node/1529025217"
    },
    {
      "type": "Feature",
      "properties": {
        "@id": "node/1529025409",
        "amenity": "vending_machine",
        "check_date": "2024-01-04",
        "vending": "parking_tickets"
      },
      "geometry": {
        "type": "Point",
        "coordinates": [
          12.5004499,
          41.8882569
        ]
      },
      "id": "node/1529025409"
    },
    {
      "type": "Feature",
      "properties": {
        "@id": "node/1530298836",
        "addr:city": "Roma",
        "addr:country": "IT",
        "addr:housenumber": "73",
        "addr:street": "Via di San Giovanni in Laterano",
        "entrance": "yes",
        "name": "Convitto Pio IX",
        "operator": "Suore Adoratrici del Sangue di Cristo",
        "tourism": "guest_house"
      },
      "geometry": {
        "type": "Point",
        "coordinates": [
          12.4994749,
          41.8885678
        ]
      },
      "id": "node/1530298836"
    },
    {
      "type": "Feature",
      "properties": {
        "@id": "node/1530298843",
        "amenity": "restaurant",
        "indoor_seating": "yes",
        "name": "Hostaria Isidoro Al Colosseo",
        "outdoor_seating": "yes"
      },
      "geometry": {
        "type": "Point",
        "coordinates": [
          12.4986526,
          41.8888384
        ]
      },
      "id": "node/1530298843"
    },
    {
      "type": "Feature",
      "properties": {
        "@id": "node/1530298917",
        "natural": "tree"
      },
      "geometry": {
        "type": "Point",
        "coordinates": [
          12.5000108,
          41.8884394
        ]
      },
      "id": "node/1530298917"
    },
    {
      "type": "Feature",
      "properties": {
        "@id": "node/1530298923",
        "natural": "tree"
      },
      "geometry": {
        "type": "Point",
        "coordinates": [
          12.4999603,
          41.8884582
        ]
      },
      "id": "node/1530298923"
    },
    {
      "type": "Feature",
      "properties": {
        "@id": "node/1530298928",
        "natural": "tree"
      },
      "geometry": {
        "type": "Point",
        "coordinates": [
          12.4998592,
          41.8884931
        ]
      },
      "id": "node/1530298928"
    },
    {
      "type": "Feature",
      "properties": {
        "@id": "node/1530298936",
        "amenity": "recycling",
        "location": "overground",
        "recycling:cans": "yes",
        "recycling:food_waste": "yes",
        "recycling:green_waste": "yes",
        "recycling:paper": "yes",
        "recycling:plastic": "yes",
        "recycling:scrap_metal": "yes",
        "recycling_type": "container"
      },
      "geometry": {
        "type": "Point",
        "coordinates": [
          12.4993113,
          41.8885105
        ]
      },
      "id": "node/1530298936"
    },
    {
      "type": "Feature",
      "properties": {
        "@id": "node/1530298939",
        "natural": "tree"
      },
      "geometry": {
        "type": "Point",
        "coordinates": [
          12.4997847,
          41.8885146
        ]
      },
      "id": "node/1530298939"
    },
    {
      "type": "Feature",
      "properties": {
        "@id": "node/1530299015",
        "amenity": "vending_machine",
        "check_date": "2024-01-04",
        "vending": "parking_tickets"
      },
      "geometry": {
        "type": "Point",
        "coordinates": [
          12.4988345,
          41.8887461
        ]
      },
      "id": "node/1530299015"
    },
    {
      "type": "Feature",
      "properties": {
        "@id": "node/1530299479",
        "amenity": "vending_machine",
        "vending": "parking_tickets"
      },
      "geometry": {
        "type": "Point",
        "coordinates": [
          12.4995475,
          41.8894083
        ]
      },
      "id": "node/1530299479"
    },
    {
      "type": "Feature",
      "properties": {
        "@id": "node/1531981367",
        "natural": "tree"
      },
      "geometry": {
        "type": "Point",
        "coordinates": [
          12.4980064,
          41.8890066
        ]
      },
      "id": "node/1531981367"
    },
    {
      "type": "Feature",
      "properties": {
        "@id": "node/1531981374",
        "natural": "tree"
      },
      "geometry": {
        "type": "Point",
        "coordinates": [
          12.4978474,
          41.8890581
        ]
      },
      "id": "node/1531981374"
    },
    {
      "type": "Feature",
      "properties": {
        "@id": "node/1531981376",
        "amenity": "bench",
        "backrest": "no"
      },
      "geometry": {
        "type": "Point",
        "coordinates": [
          12.4979114,
          41.8890792
        ]
      },
      "id": "node/1531981376"
    },
    {
      "type": "Feature",
      "properties": {
        "@id": "node/1531981379",
        "natural": "tree"
      },
      "geometry": {
        "type": "Point",
        "coordinates": [
          12.4977688,
          41.8890795
        ]
      },
      "id": "node/1531981379"
    },
    {
      "type": "Feature",
      "properties": {
        "@id": "node/1531981383",
        "amenity": "waste_basket"
      },
      "geometry": {
        "type": "Point",
        "coordinates": [
          12.4977135,
          41.8890876
        ]
      },
      "id": "node/1531981383"
    },
    {
      "type": "Feature",
      "properties": {
        "@id": "node/1531981386",
        "natural": "tree"
      },
      "geometry": {
        "type": "Point",
        "coordinates": [
          12.4976985,
          41.8890999
        ]
      },
      "id": "node/1531981386"
    },
    {
      "type": "Feature",
      "properties": {
        "@id": "node/1531981397",
        "natural": "tree"
      },
      "geometry": {
        "type": "Point",
        "coordinates": [
          12.4976231,
          41.8891209
        ]
      },
      "id": "node/1531981397"
    },
    {
      "type": "Feature",
      "properties": {
        "@id": "node/1531981398",
        "amenity": "bench"
      },
      "geometry": {
        "type": "Point",
        "coordinates": [
          12.4977632,
          41.8891233
        ]
      },
      "id": "node/1531981398"
    },
    {
      "type": "Feature",
      "properties": {
        "@id": "node/1531981409",
        "natural": "tree"
      },
      "geometry": {
        "type": "Point",
        "coordinates": [
          12.4975381,
          41.889148
        ]
      },
      "id": "node/1531981409"
    },
    {
      "type": "Feature",
      "properties": {
        "@id": "node/1531981413",
        "amenity": "waste_basket",
        "check_date": "2026-03-18"
      },
      "geometry": {
        "type": "Point",
        "coordinates": [
          12.4974536,
          41.8891684
        ]
      },
      "id": "node/1531981413"
    },
    {
      "type": "Feature",
      "properties": {
        "@id": "node/1531981418",
        "natural": "tree"
      },
      "geometry": {
        "type": "Point",
        "coordinates": [
          12.4974639,
          41.8891723
        ]
      },
      "id": "node/1531981418"
    },
    {
      "type": "Feature",
      "properties": {
        "@id": "node/1531981565",
        "amenity": "vending_machine",
        "vending": "parking_tickets"
      },
      "geometry": {
        "type": "Point",
        "coordinates": [
          12.4970238,
          41.889481
        ]
      },
      "id": "node/1531981565"
    },
    {
      "type": "Feature",
      "properties": {
        "@id": "node/1531981608",
        "amenity": "vending_machine",
        "check_date": "2024-01-04",
        "vending": "parking_tickets"
      },
      "geometry": {
        "type": "Point",
        "coordinates": [
          12.4981845,
          41.8896427
        ]
      },
      "id": "node/1531981608"
    },
    {
      "type": "Feature",
      "properties": {
        "@id": "node/1531981615",
        "amenity": "waste_basket"
      },
      "geometry": {
        "type": "Point",
        "coordinates": [
          12.498251,
          41.8896506
        ]
      },
      "id": "node/1531981615"
    },
    {
      "type": "Feature",
      "properties": {
        "@id": "node/1531981652",
        "natural": "tree"
      },
      "geometry": {
        "type": "Point",
        "coordinates": [
          12.4981047,
          41.8897401
        ]
      },
      "id": "node/1531981652"
    },
    {
      "type": "Feature",
      "properties": {
        "@id": "node/1531981654",
        "natural": "tree"
      },
      "geometry": {
        "type": "Point",
        "coordinates": [
          12.4980079,
          41.8897582
        ]
      },
      "id": "node/1531981654"
    },
    {
      "type": "Feature",
      "properties": {
        "@id": "node/1531981655",
        "natural": "tree"
      },
      "geometry": {
        "type": "Point",
        "coordinates": [
          12.4979175,
          41.8897757
        ]
      },
      "id": "node/1531981655"
    },
    {
      "type": "Feature",
      "properties": {
        "@id": "node/1531981664",
        "natural": "tree"
      },
      "geometry": {
        "type": "Point",
        "coordinates": [
          12.4978244,
          41.8897932
        ]
      },
      "id": "node/1531981664"
    },
    {
      "type": "Feature",
      "properties": {
        "@id": "node/1531981671",
        "natural": "tree"
      },
      "geometry": {
        "type": "Point",
        "coordinates": [
          12.4976373,
          41.8898269
        ]
      },
      "id": "node/1531981671"
    },
    {
      "type": "Feature",
      "properties": {
        "@id": "node/1531981678",
        "natural": "tree"
      },
      "geometry": {
        "type": "Point",
        "coordinates": [
          12.4974574,
          41.8898612
        ]
      },
      "id": "node/1531981678"
    },
    {
      "type": "Feature",
      "properties": {
        "@id": "node/1531981681",
        "natural": "tree"
      },
      "geometry": {
        "type": "Point",
        "coordinates": [
          12.4973643,
          41.8898773
        ]
      },
      "id": "node/1531981681"
    },
    {
      "type": "Feature",
      "properties": {
        "@id": "node/1531981685",
        "natural": "tree"
      },
      "geometry": {
        "type": "Point",
        "coordinates": [
          12.497273,
          41.8898948
        ]
      },
      "id": "node/1531981685"
    },
    {
      "type": "Feature",
      "properties": {
        "@id": "node/1534324871",
        "amenity": "atm",
        "check_date": "2025-08-25",
        "operator": "Cassa di Risparmio di Ferrara"
      },
      "geometry": {
        "type": "Point",
        "coordinates": [
          12.4832698,
          41.8961616
        ]
      },
      "id": "node/1534324871"
    },
    {
      "type": "Feature",
      "properties": {
        "@id": "node/1534818796",
        "amenity": "waste_basket"
      },
      "geometry": {
        "type": "Point",
        "coordinates": [
          12.4967715,
          41.8895994
        ]
      },
      "id": "node/1534818796"
    },
    {
      "type": "Feature",
      "properties": {
        "@id": "node/1534818862",
        "access": "private",
        "amenity": "parking"
      },
      "geometry": {
        "type": "Point",
        "coordinates": [
          12.4959829,
          41.8898942
        ]
      },
      "id": "node/1534818862"
    },
    {
      "type": "Feature",
      "properties": {
        "@id": "node/1534819020",
        "amenity": "recycling",
        "recycling:cans": "yes",
        "recycling:food_waste": "yes",
        "recycling:green_waste": "yes",
        "recycling:paper": "yes",
        "recycling:plastic": "yes",
        "recycling:scrap_metal": "yes",
        "recycling_type": "container"
      },
      "geometry": {
        "type": "Point",
        "coordinates": [
          12.4961785,
          41.8901162
        ]
      },
      "id": "node/1534819020"
    },
    {
      "type": "Feature",
      "properties": {
        "@id": "node/1535947374",
        "amenity": "post_box"
      },
      "geometry": {
        "type": "Point",
        "coordinates": [
          12.4821701,
          41.8956036
        ]
      },
      "id": "node/1535947374"
    },
    {
      "type": "Feature",
      "properties": {
        "@id": "node/1535947380",
        "amenity": "waste_basket"
      },
      "geometry": {
        "type": "Point",
        "coordinates": [
          12.4821651,
          41.8956263
        ]
      },
      "id": "node/1535947380"
    },
    {
      "type": "Feature",
      "properties": {
        "@id": "node/1535947441",
        "amenity": "waste_basket",
        "check_date": "2021-02-15"
      },
      "geometry": {
        "type": "Point",
        "coordinates": [
          12.4820405,
          41.8959201
        ]
      },
      "id": "node/1535947441"
    },
    {
      "type": "Feature",
      "properties": {
        "@id": "node/1536870110",
        "addr:housenumber": "40",
        "addr:street": "Largo Corrado Ricci",
        "amenity": "restaurant",
        "check_date": "2024-07-24",
        "cuisine": "pizza;italian;regional",
        "indoor_seating": "yes",
        "name": "Angelino ai Fori",
        "outdoor_seating": "yes",
        "payment:cash": "yes",
        "payment:maestro": "yes",
        "payment:mastercard": "yes",
        "payment:visa": "yes",
        "wheelchair": "limited"
      },
      "geometry": {
        "type": "Point",
        "coordinates": [
          12.4880406,
          41.8930172
        ]
      },
      "id": "node/1536870110"
    },
    {
      "type": "Feature",
      "properties": {
        "@id": "node/1536870111",
        "addr:housenumber": "36",
        "addr:street": "Largo Corrado Ricci",
        "name": "Hotel Richmond",
        "tourism": "hotel",
        "wheelchair": "no"
      },
      "geometry": {
        "type": "Point",
        "coordinates": [
          12.4882784,
          41.8931412
        ]
      },
      "id": "node/1536870111"
    },
    {
      "type": "Feature",
      "properties": {
        "@id": "node/1536870112",
        "addr:housenumber": "32",
        "addr:street": "Largo Corrado Ricci",
        "internet_access": "no",
        "name": "Hotel Romano",
        "tourism": "hotel",
        "wheelchair": "limited"
      },
      "geometry": {
        "type": "Point",
        "coordinates": [
          12.4883829,
          41.8931964
        ]
      },
      "id": "node/1536870112"
    },
    {
      "type": "Feature",
      "properties": {
        "@id": "node/1536870121",
        "addr:housenumber": "37",
        "addr:street": "Largo Corrado Ricci",
        "amenity": "restaurant",
        "cuisine": "pizza",
        "name": "Pizzeria Imperiale",
        "wheelchair": "yes"
      },
      "geometry": {
        "type": "Point",
        "coordinates": [
          12.4882373,
          41.8931257
        ]
      },
      "id": "node/1536870121"
    },
    {
      "type": "Feature",
      "properties": {
        "@id": "node/1536870124",
        "alt_name": "PIT",
        "contact:website": "https://turismoroma.it/",
        "description": "Punto Informazioni Turistiche",
        "information": "office",
        "name": "Visitor Center Fori Imperiali",
        "opening_hours": "09:30-19:00",
        "operator": "Comune di Roma",
        "tourism": "information"
      },
      "geometry": {
        "type": "Point",
        "coordinates": [
          12.4886479,
          41.8928745
        ]
      },
      "id": "node/1536870124"
    },
    {
      "type": "Feature",
      "properties": {
        "@id": "node/1536870145",
        "amenity": "waste_basket",
        "check_date": "2023-02-22"
      },
      "geometry": {
        "type": "Point",
        "coordinates": [
          12.4884553,
          41.8926196
        ]
      },
      "id": "node/1536870145"
    },
    {
      "type": "Feature",
      "properties": {
        "@id": "node/1536870329",
        "genus": "Pinus",
        "leaf_type": "needleleaved",
        "natural": "tree",
        "species": "Pinus pinea"
      },
      "geometry": {
        "type": "Point",
        "coordinates": [
          12.4879353,
          41.8930779
        ]
      },
      "id": "node/1536870329"
    },
    {
      "type": "Feature",
      "properties": {
        "@id": "node/1536870339",
        "genus": "Pinus",
        "leaf_type": "needleleaved",
        "natural": "tree",
        "species": "Pinus pinea"
      },
      "geometry": {
        "type": "Point",
        "coordinates": [
          12.4878399,
          41.8931098
        ]
      },
      "id": "node/1536870339"
    },
    {
      "type": "Feature",
      "properties": {
        "@id": "node/1536870388",
        "genus": "Pinus",
        "leaf_type": "needleleaved",
        "natural": "tree",
        "species": "Pinus pinea"
      },
      "geometry": {
        "type": "Point",
        "coordinates": [
          12.4879157,
          41.8931813
        ]
      },
      "id": "node/1536870388"
    },
    {
      "type": "Feature",
      "properties": {
        "@id": "node/1536870390",
        "genus": "Pinus",
        "leaf_type": "needleleaved",
        "natural": "tree",
        "species": "Pinus pinea"
      },
      "geometry": {
        "type": "Point",
        "coordinates": [
          12.488159,
          41.8931819
        ]
      },
      "id": "node/1536870390"
    },
    {
      "type": "Feature",
      "properties": {
        "@id": "node/1536870442",
        "amenity": "waste_basket",
        "check_date": "2021-11-01"
      },
      "geometry": {
        "type": "Point",
        "coordinates": [
          12.4879533,
          41.89324
        ]
      },
      "id": "node/1536870442"
    },
    {
      "type": "Feature",
      "properties": {
        "@id": "node/1536870444",
        "amenity": "cafe"
      },
      "geometry": {
        "type": "Point",
        "coordinates": [
          12.4884336,
          41.8932216
        ]
      },
      "id": "node/1536870444"
    },
    {
      "type": "Feature",
      "properties": {
        "@id": "node/1536870449",
        "genus": "Pinus",
        "leaf_type": "needleleaved",
        "natural": "tree",
        "species": "Pinus pinea"
      },
      "geometry": {
        "type": "Point",
        "coordinates": [
          12.4881853,
          41.8932528
        ]
      },
      "id": "node/1536870449"
    },
    {
      "type": "Feature",
      "properties": {
        "@id": "node/1536870463",
        "addr:housenumber": "29",
        "addr:street": "Largo Corrado Ricci",
        "amenity": "cafe",
        "name": "Gustando Roma"
      },
      "geometry": {
        "type": "Point",
        "coordinates": [
          12.4885037,
          41.8932589
        ]
      },
      "id": "node/1536870463"
    },
    {
      "type": "Feature",
      "properties": {
        "@id": "node/1536870468",
        "genus": "Pinus",
        "leaf_type": "needleleaved",
        "natural": "tree",
        "species": "Pinus pinea"
      },
      "geometry": {
        "type": "Point",
        "coordinates": [
          12.4883655,
          41.8932909
        ]
      },
      "id": "node/1536870468"
    },
    {
      "type": "Feature",
      "properties": {
        "@id": "node/1536870470",
        "amenity": "waste_basket",
        "check_date": "2021-11-01"
      },
      "geometry": {
        "type": "Point",
        "coordinates": [
          12.4884143,
          41.8932937
        ]
      },
      "id": "node/1536870470"
    },
    {
      "type": "Feature",
      "properties": {
        "@id": "node/1536870484",
        "genus": "Pinus",
        "leaf_type": "needleleaved",
        "natural": "tree",
        "species": "Pinus pinea"
      },
      "geometry": {
        "type": "Point",
        "coordinates": [
          12.4882724,
          41.8933032
        ]
      },
      "id": "node/1536870484"
    },
    {
      "type": "Feature",
      "properties": {
        "@id": "node/1536870504",
        "amenity": "recycling",
        "check_date": "2021-11-01",
        "recycling:paper": "yes",
        "recycling:plastic": "yes",
        "recycling:waste": "yes",
        "recycling_type": "container"
      },
      "geometry": {
        "type": "Point",
        "coordinates": [
          12.4883062,
          41.8933445
        ]
      },
      "id": "node/1536870504"
    },
    {
      "type": "Feature",
      "properties": {
        "@id": "node/1536870509",
        "genus": "Pinus",
        "leaf_type": "needleleaved",
        "natural": "tree",
        "species": "Pinus pinea"
      },
      "geometry": {
        "type": "Point",
        "coordinates": [
          12.4874413,
          41.8933483
        ]
      },
      "id": "node/1536870509"
    },
    {
      "type": "Feature",
      "properties": {
        "@id": "node/1536870536",
        "genus": "Pinus",
        "leaf_type": "needleleaved",
        "natural": "tree",
        "species": "Pinus pinea"
      },
      "geometry": {
        "type": "Point",
        "coordinates": [
          12.4873124,
          41.8933931
        ]
      },
      "id": "node/1536870536"
    },
    {
      "type": "Feature",
      "properties": {
        "@id": "node/1536870539",
        "amenity": "waste_basket"
      },
      "geometry": {
        "type": "Point",
        "coordinates": [
          12.4877953,
          41.8934081
        ]
      },
      "id": "node/1536870539"
    },
    {
      "type": "Feature",
      "properties": {
        "@id": "node/1536870558",
        "genus": "Pinus",
        "leaf_type": "needleleaved",
        "natural": "tree",
        "species": "Pinus pinea"
      },
      "geometry": {
        "type": "Point",
        "coordinates": [
          12.4877131,
          41.8934759
        ]
      },
      "id": "node/1536870558"
    },
    {
      "type": "Feature",
      "properties": {
        "@id": "node/1536870566",
        "genus": "Pinus",
        "leaf_type": "needleleaved",
        "natural": "tree",
        "species": "Pinus pinea"
      },
      "geometry": {
        "type": "Point",
        "coordinates": [
          12.4874367,
          41.8934995
        ]
      },
      "id": "node/1536870566"
    },
    {
      "type": "Feature",
      "properties": {
        "@id": "node/1536870573",
        "amenity": "bench",
        "backrest": "yes"
      },
      "geometry": {
        "type": "Point",
        "coordinates": [
          12.4877175,
          41.8935524
        ]
      },
      "id": "node/1536870573"
    },
    {
      "type": "Feature",
      "properties": {
        "@id": "node/1536870574",
        "genus": "Pinus",
        "leaf_type": "needleleaved",
        "natural": "tree",
        "species": "Pinus pinea"
      },
      "geometry": {
        "type": "Point",
        "coordinates": [
          12.4876289,
          41.8935357
        ]
      },
      "id": "node/1536870574"
    },
    {
      "type": "Feature",
      "properties": {
        "@id": "node/1536870595",
        "amenity": "bench",
        "backrest": "yes"
      },
      "geometry": {
        "type": "Point",
        "coordinates": [
          12.4876837,
          41.8935798
        ]
      },
      "id": "node/1536870595"
    },
    {
      "type": "Feature",
      "properties": {
        "@id": "node/1536870598",
        "genus": "Pinus",
        "leaf_type": "needleleaved",
        "natural": "tree",
        "species": "Pinus pinea"
      },
      "geometry": {
        "type": "Point",
        "coordinates": [
          12.4875355,
          41.8935696
        ]
      },
      "id": "node/1536870598"
    },
    {
      "type": "Feature",
      "properties": {
        "@id": "node/1536870617",
        "amenity": "bench",
        "backrest": "yes"
      },
      "geometry": {
        "type": "Point",
        "coordinates": [
          12.4876505,
          41.8936052
        ]
      },
      "id": "node/1536870617"
    },
    {
      "type": "Feature",
      "properties": {
        "@id": "node/1537641822",
        "leaf_cycle": "evergreen",
        "leaf_type": "needleleaved",
        "natural": "tree",
        "species": "Pinus pinea",
        "species:en": "Stone Pine"
      },
      "geometry": {
        "type": "Point",
        "coordinates": [
          12.4909395,
          41.8864897
        ]
      },
      "id": "node/1537641822"
    },
    {
      "type": "Feature",
      "properties": {
        "@id": "node/1537641834",
        "genus": "Pinus",
        "leaf_type": "needleleaved",
        "natural": "tree",
        "species": "Pinus pinea"
      },
      "geometry": {
        "type": "Point",
        "coordinates": [
          12.4907839,
          41.8865063
        ]
      },
      "id": "node/1537641834"
    },
    {
      "type": "Feature",
      "properties": {
        "@id": "node/1537641837",
        "leaf_cycle": "evergreen",
        "leaf_type": "needleleaved",
        "natural": "tree",
        "species": "Cupressus sempervirens",
        "species:en": "Mediterranean cypress"
      },
      "geometry": {
        "type": "Point",
        "coordinates": [
          12.4906943,
          41.8865104
        ]
      },
      "id": "node/1537641837"
    },
    {
      "type": "Feature",
      "properties": {
        "@id": "node/1537641842",
        "leaf_cycle": "evergreen",
        "leaf_type": "needleleaved",
        "natural": "tree",
        "species": "Cupressus sempervirens",
        "species:en": "Mediterranean cypress"
      },
      "geometry": {
        "type": "Point",
        "coordinates": [
          12.4906324,
          41.8865214
        ]
      },
      "id": "node/1537641842"
    },
    {
      "type": "Feature",
      "properties": {
        "@id": "node/1537641848",
        "leaf_cycle": "evergreen",
        "leaf_type": "needleleaved",
        "natural": "tree",
        "species": "Cupressus sempervirens",
        "species:en": "Mediterranean cypress"
      },
      "geometry": {
        "type": "Point",
        "coordinates": [
          12.4905778,
          41.8865318
        ]
      },
      "id": "node/1537641848"
    },
    {
      "type": "Feature",
      "properties": {
        "@id": "node/1537641855",
        "leaf_cycle": "evergreen",
        "leaf_type": "needleleaved",
        "natural": "tree",
        "species": "Cupressus sempervirens",
        "species:en": "Mediterranean cypress"
      },
      "geometry": {
        "type": "Point",
        "coordinates": [
          12.4905214,
          41.8865373
        ]
      },
      "id": "node/1537641855"
    },
    {
      "type": "Feature",
      "properties": {
        "@id": "node/1537641862",
        "leaf_cycle": "evergreen",
        "leaf_type": "needleleaved",
        "natural": "tree",
        "species": "Cupressus sempervirens",
        "species:en": "Mediterranean cypress"
      },
      "geometry": {
        "type": "Point",
        "coordinates": [
          12.4904696,
          41.8865455
        ]
      },
      "id": "node/1537641862"
    },
    {
      "type": "Feature",
      "properties": {
        "@id": "node/1537641864",
        "leaf_cycle": "evergreen",
        "leaf_type": "needleleaved",
        "natural": "tree",
        "species": "Cupressus sempervirens",
        "species:en": "Mediterranean cypress"
      },
      "geometry": {
        "type": "Point",
        "coordinates": [
          12.4904141,
          41.8865538
        ]
      },
      "id": "node/1537641864"
    },
    {
      "type": "Feature",
      "properties": {
        "@id": "node/1537641868",
        "leaf_cycle": "evergreen",
        "leaf_type": "needleleaved",
        "natural": "tree",
        "species": "Cupressus sempervirens",
        "species:en": "Mediterranean cypress"
      },
      "geometry": {
        "type": "Point",
        "coordinates": [
          12.4903337,
          41.8865648
        ]
      },
      "id": "node/1537641868"
    },
    {
      "type": "Feature",
      "properties": {
        "@id": "node/1537641920",
        "railway": "crossing"
      },
      "geometry": {
        "type": "Point",
        "coordinates": [
          12.4902577,
          41.8868026
        ]
      },
      "id": "node/1537641920"
    },
    {
      "type": "Feature",
      "properties": {
        "@id": "node/1541346172",
        "addr:city": "Roma",
        "addr:country": "IT",
        "addr:housenumber": "18",
        "addr:postcode": "00184",
        "addr:street": "Via Leonina",
        "amenity": "ice_cream",
        "check_date": "2025-08-27",
        "cuisine": "sicilian",
        "name": "Ciuri Ciuri",
        "operator": "Ciuri Ciuri s.r.l.",
        "phone": "+39 06 45444548",
        "ref:vatin": "IT09108461006",
        "shop": "pastry"
      },
      "geometry": {
        "type": "Point",
        "coordinates": [
          12.4919805,
          41.8948136
        ]
      },
      "id": "node/1541346172"
    },
    {
      "type": "Feature",
      "properties": {
        "@id": "node/1542593183",
        "addr:city": "Roma",
        "addr:country": "IT",
        "addr:housenumber": "107",
        "addr:postcode": "00184",
        "addr:street": "Via Urbana",
        "amenity": "cinema",
        "description": "Film indipendenti nella piccola sala cinematografica di un'associazione culturale con spazio espositivo e bar.",
        "email": "detourcinema@gmail.com",
        "name": "Cineclub Detour",
        "name:zh": "Detour电影院",
        "phone": "+39 06 4871579",
        "ref:vatin": "IT96331750586",
        "website": "https://www.cinedetour.it/"
      },
      "geometry": {
        "type": "Point",
        "coordinates": [
          12.493962,
          41.8962008
        ]
      },
      "id": "node/1542593183"
    },
    {
      "type": "Feature",
      "properties": {
        "@id": "node/1542758952",
        "amenity": "bureau_de_change",
        "check_date": "2024-01-04",
        "name": "Change"
      },
      "geometry": {
        "type": "Point",
        "coordinates": [
          12.4939673,
          41.8892718
        ]
      },
      "id": "node/1542758952"
    },
    {
      "type": "Feature",
      "properties": {
        "@id": "node/1547676383",
        "denotation": "avenue",
        "natural": "tree"
      },
      "geometry": {
        "type": "Point",
        "coordinates": [
          12.5025611,
          41.8956243
        ]
      },
      "id": "node/1547676383"
    },
    {
      "type": "Feature",
      "properties": {
        "@id": "node/1547676403",
        "denotation": "avenue",
        "natural": "tree"
      },
      "geometry": {
        "type": "Point",
        "coordinates": [
          12.5021558,
          41.8958606
        ]
      },
      "id": "node/1547676403"
    },
    {
      "type": "Feature",
      "properties": {
        "@id": "node/1547676418",
        "denotation": "avenue",
        "natural": "tree"
      },
      "geometry": {
        "type": "Point",
        "coordinates": [
          12.5020223,
          41.8959272
        ]
      },
      "id": "node/1547676418"
    },
    {
      "type": "Feature",
      "properties": {
        "@id": "node/1547676431",
        "denotation": "avenue",
        "natural": "tree"
      },
      "geometry": {
        "type": "Point",
        "coordinates": [
          12.5017014,
          41.8959898
        ]
      },
      "id": "node/1547676431"
    },
    {
      "type": "Feature",
      "properties": {
        "@id": "node/1572583515",
        "addr:housenumber": "8",
        "addr:postcode": "00187",
        "addr:street": "Via delle Tre Cannelle",
        "amenity": "cafe",
        "internet_access": "wlan",
        "name": "The Public House",
        "opening_hours": "Mo-Su 12:00-02:00",
        "phone": "+39 06 6797591",
        "website": "http://www.thepublichouserome.com/"
      },
      "geometry": {
        "type": "Point",
        "coordinates": [
          12.4860016,
          41.8966226
        ]
      },
      "id": "node/1572583515"
    },
    {
      "type": "Feature",
      "properties": {
        "@id": "node/1633926281",
        "amenity": "taxi",
        "note": "temporaneamente non disponibile"
      },
      "geometry": {
        "type": "Point",
        "coordinates": [
          12.4830072,
          41.8960334
        ]
      },
      "id": "node/1633926281"
    },
    {
      "type": "Feature",
      "properties": {
        "@id": "node/1649776329",
        "addr:city": "Roma",
        "addr:country": "IT",
        "addr:housenumber": "17",
        "addr:street": "Via della Pilotta",
        "name": "Galleria Colonna",
        "name:ja": "コロンナ宮殿",
        "opening_hours": "Sa 09:00-13:15",
        "tourism": "gallery",
        "website": "https://www.galleriacolonna.it/",
        "wheelchair": "limited",
        "wikidata": "Q1971299",
        "wikimedia_commons": "Category:Palazzo Colonna (Rome)",
        "wikipedia": "it:Palazzo Colonna"
      },
      "geometry": {
        "type": "Point",
        "coordinates": [
          12.484845,
          41.8974483
        ]
      },
      "id": "node/1649776329"
    },
    {
      "type": "Feature",
      "properties": {
        "@id": "node/1649776529",
        "natural": "tree"
      },
      "geometry": {
        "type": "Point",
        "coordinates": [
          12.4844052,
          41.8974841
        ]
      },
      "id": "node/1649776529"
    },
    {
      "type": "Feature",
      "properties": {
        "@id": "node/1656861982",
        "amenity": "drinking_water",
        "check_date": "2021-11-01",
        "fountain": "drinking",
        "man_made": "water_tap",
        "wikimedia_commons": "File:Drinking fountain on the Foro Romano, Roma, Italia Mar 01, 2026 04-11-51 PM.jpeg"
      },
      "geometry": {
        "type": "Point",
        "coordinates": [
          12.4883955,
          41.8907173
        ]
      },
      "id": "node/1656861982"
    },
    {
      "type": "Feature",
      "properties": {
        "@id": "node/1660404815",
        "amenity": "restaurant",
        "cuisine": "regional",
        "name": "Al Vino al Vino",
        "restaurant:type": "enoteca"
      },
      "geometry": {
        "type": "Point",
        "coordinates": [
          12.4903691,
          41.8955158
        ]
      },
      "id": "node/1660404815"
    },
    {
      "type": "Feature",
      "properties": {
        "@id": "node/1660404822",
        "addr:city": "Roma",
        "addr:country": "IT",
        "addr:housenumber": "9",
        "addr:postcode": "00184",
        "addr:street": "Via Clementina",
        "amenity": "cafe",
        "cuisine": "regional",
        "fixme": "Sembra di non esistere",
        "name": "Apt",
        "operator": "Flexy Soc. Coop Arl.",
        "phone": "+39 06 48913254",
        "ref:vatin": "IT09253451000",
        "restaurant:type": "enoteca"
      },
      "geometry": {
        "type": "Point",
        "coordinates": [
          12.492714,
          41.8959687
        ]
      },
      "id": "node/1660404822"
    },
    {
      "type": "Feature",
      "properties": {
        "@id": "node/1660404843",
        "amenity": "restaurant",
        "cuisine": "regional",
        "name": "Taverna Romana"
      },
      "geometry": {
        "type": "Point",
        "coordinates": [
          12.4894514,
          41.8940973
        ]
      },
      "id": "node/1660404843"
    },
    {
      "type": "Feature",
      "properties": {
        "@id": "node/1660412593",
        "addr:housenumber": "313",
        "addr:postcode": "00184",
        "addr:street": "Via Cavour",
        "amenity": "restaurant",
        "cuisine": "regional",
        "email": "cavour313@libero.it",
        "fax": "+39 06 6785496",
        "name": "Enoteca Cavour 313",
        "operator": "Enoteca Cavour 313 s.r.l.",
        "phone": "+39 06 6785496",
        "ref:vatin": "IT01238481004",
        "restaurant:type": "enoteca",
        "website": "https://www.cavour313.it/"
      },
      "geometry": {
        "type": "Point",
        "coordinates": [
          12.489126,
          41.8937195
        ]
      },
      "id": "node/1660412593"
    },
    {
      "type": "Feature",
      "properties": {
        "@id": "node/1660412603",
        "amenity": "atm",
        "brand": "Postamat",
        "brand:wikidata": "Q3909447",
        "brand:wikipedia": "it:Postamat",
        "check_date": "2024-01-02",
        "name": "Postamat",
        "operator": "Poste Italiane",
        "operator:wikidata": "Q495026",
        "operator:wikipedia": "it:Poste italiane"
      },
      "geometry": {
        "type": "Point",
        "coordinates": [
          12.4900911,
          41.8939638
        ]
      },
      "id": "node/1660412603"
    },
    {
      "type": "Feature",
      "properties": {
        "@id": "node/1660432215",
        "button_operated": "yes",
        "crossing": "traffic_signals",
        "crossing_ref": "zebra",
        "railway": "tram_crossing",
        "traffic_signals:direction": "both"
      },
      "geometry": {
        "type": "Point",
        "coordinates": [
          12.4943462,
          41.8904017
        ]
      },
      "id": "node/1660432215"
    },
    {
      "type": "Feature",
      "properties": {
        "@id": "node/1665775258",
        "amenity": "waste_basket",
        "check_date": "2023-12-31"
      },
      "geometry": {
        "type": "Point",
        "coordinates": [
          12.5024081,
          41.8955483
        ]
      },
      "id": "node/1665775258"
    },
    {
      "type": "Feature",
      "properties": {
        "@id": "node/1672413303",
        "bench": "no",
        "bin": "yes",
        "bus": "yes",
        "highway": "bus_stop",
        "lit": "yes",
        "name": "Fori Imperiali",
        "network": "ATAC",
        "network:wikidata": "Q530087",
        "network:wikipedia": "it:ATAC",
        "operator": "ATAC",
        "public_transport": "platform",
        "ref": "70341",
        "shelter": "no",
        "tactile_paving": "no",
        "wheelchair": "yes"
      },
      "geometry": {
        "type": "Point",
        "coordinates": [
          12.4862348,
          41.8938092
        ]
      },
      "id": "node/1672413303"
    },
    {
      "type": "Feature",
      "properties": {
        "@id": "node/1672413307",
        "bus": "yes",
        "highway": "bus_stop",
        "name": "Labicana",
        "network": "ATAC",
        "network:wikidata": "Q530087",
        "network:wikipedia": "it:ATAC",
        "operator": "ATAC",
        "public_transport": "stop_position"
      },
      "geometry": {
        "type": "Point",
        "coordinates": [
          12.4987354,
          41.8897272
        ]
      },
      "id": "node/1672413307"
    },
    {
      "type": "Feature",
      "properties": {
        "@id": "node/1675888301",
        "name": "Aventino/Circo Massimo (MB)",
        "network": "ATAC",
        "network:wikidata": "Q530087",
        "network:wikipedia": "it:ATAC",
        "operator": "ATAC",
        "public_transport": "stop_position",
        "railway": "tram_stop",
        "tram": "yes"
      },
      "geometry": {
        "type": "Point",
        "coordinates": [
          12.4876985,
          41.8832883
        ]
      },
      "id": "node/1675888301"
    },
    {
      "type": "Feature",
      "properties": {
        "@id": "node/1675888348",
        "name": "Colosseo",
        "network": "ATAC",
        "network:wikidata": "Q530087",
        "network:wikipedia": "it:ATAC",
        "operator": "ATAC",
        "public_transport": "stop_position",
        "railway": "tram_stop",
        "ref": "70940",
        "tram": "yes"
      },
      "geometry": {
        "type": "Point",
        "coordinates": [
          12.4941169,
          41.8899029
        ]
      },
      "id": "node/1675888348"
    },
    {
      "type": "Feature",
      "properties": {
        "@id": "node/1675888356",
        "name": "Colosseo/Salvi N.",
        "network": "ATAC",
        "network:wikidata": "Q530087",
        "network:wikipedia": "it:ATAC",
        "operator": "ATAC",
        "public_transport": "stop_position",
        "railway": "tram_stop",
        "tram": "yes"
      },
      "geometry": {
        "type": "Point",
        "coordinates": [
          12.4940402,
          41.8898072
        ]
      },
      "id": "node/1675888356"
    },
    {
      "type": "Feature",
      "properties": {
        "@id": "node/1675888414",
        "bus": "yes",
        "highway": "bus_stop",
        "name": "Labicana",
        "network": "ATAC",
        "network:wikidata": "Q530087",
        "network:wikipedia": "it:ATAC",
        "operator": "ATAC",
        "public_transport": "stop_position"
      },
      "geometry": {
        "type": "Point",
        "coordinates": [
          12.4980177,
          41.8898625
        ]
      },
      "id": "node/1675888414"
    },
    {
      "type": "Feature",
      "properties": {
        "@id": "node/1675888493",
        "name": "Parco Celio",
        "network": "ATAC",
        "network:wikidata": "Q530087",
        "network:wikipedia": "it:ATAC",
        "operator": "ATAC",
        "public_transport": "stop_position",
        "railway": "tram_stop",
        "tram": "yes"
      },
      "geometry": {
        "type": "Point",
        "coordinates": [
          12.4911752,
          41.8875175
        ]
      },
      "id": "node/1675888493"
    },
    {
      "type": "Feature",
      "properties": {
        "@id": "node/1675888494",
        "name": "Parco Celio",
        "network": "ATAC",
        "network:wikidata": "Q530087",
        "network:wikipedia": "it:ATAC",
        "operator": "ATAC",
        "public_transport": "stop_position",
        "railway": "tram_stop",
        "tram": "yes"
      },
      "geometry": {
        "type": "Point",
        "coordinates": [
          12.4914336,
          41.8880886
        ]
      },
      "id": "node/1675888494"
    },
    {
      "type": "Feature",
      "properties": {
        "@id": "node/1676196747",
        "bench": "yes",
        "bin": "no",
        "bus": "yes",
        "highway": "bus_stop",
        "lit": "yes",
        "name": "Labicana/Merulana",
        "network": "ATAC",
        "network:wikidata": "Q530087",
        "network:wikipedia": "it:ATAC",
        "operator": "ATAC",
        "public_transport": "platform",
        "ref": "70863",
        "shelter": "yes",
        "tactile_paving": "yes"
      },
      "geometry": {
        "type": "Point",
        "coordinates": [
          12.5024511,
          41.8890836
        ]
      },
      "id": "node/1676196747"
    },
    {
      "type": "Feature",
      "properties": {
        "@id": "node/1684931467",
        "bench": "no",
        "bin": "no",
        "bus": "yes",
        "highway": "bus_stop",
        "name": "Bocca della Verità",
        "network": "ATAC",
        "network:wikidata": "Q530087",
        "network:wikipedia": "it:ATAC",
        "operator": "ATAC",
        "public_transport": "platform",
        "ref": "70646",
        "shelter": "no",
        "tactile_paving": "no"
      },
      "geometry": {
        "type": "Point",
        "coordinates": [
          12.4815317,
          41.8884862
        ]
      },
      "id": "node/1684931467"
    },
    {
      "type": "Feature",
      "properties": {
        "@id": "node/1685192728",
        "bench": "yes",
        "bus": "yes",
        "highway": "bus_stop",
        "name": "Merulana/Mecenate",
        "network": "ATAC",
        "network:wikidata": "Q530087",
        "network:wikipedia": "it:ATAC",
        "operator": "ATAC",
        "public_transport": "platform",
        "ref": "70681",
        "shelter": "yes"
      },
      "geometry": {
        "type": "Point",
        "coordinates": [
          12.501221,
          41.8931099
        ]
      },
      "id": "node/1685192728"
    },
    {
      "type": "Feature",
      "properties": {
        "@id": "node/1685192730",
        "bench": "no",
        "bin": "yes",
        "bus": "yes",
        "highway": "bus_stop",
        "name": "S. Maria Maggiore",
        "network": "ATAC",
        "network:wikidata": "Q530087",
        "network:wikipedia": "it:ATAC",
        "operator": "ATAC",
        "public_transport": "platform",
        "ref": "70678",
        "shelter": "no"
      },
      "geometry": {
        "type": "Point",
        "coordinates": [
          12.4994649,
          41.896564
        ]
      },
      "id": "node/1685192730"
    },
    {
      "type": "Feature",
      "properties": {
        "@id": "node/1685192731",
        "bench": "yes",
        "bin": "yes",
        "bus": "yes",
        "highway": "bus_stop",
        "internet_access": "wlan",
        "internet_access:operator": "RomaWireless",
        "internet_access:ssid": "AtacWiFi",
        "name": "S. Maria Maggiore",
        "network": "ATAC",
        "network:wikidata": "Q530087",
        "network:wikipedia": "it:ATAC",
        "operator": "ATAC",
        "public_transport": "platform",
        "ref": "70243",
        "shelter": "no",
        "tactile_paving": "no"
      },
      "geometry": {
        "type": "Point",
        "coordinates": [
          12.4981371,
          41.8970557
        ]
      },
      "id": "node/1685192731"
    },
    {
      "type": "Feature",
      "properties": {
        "@id": "node/1688847325",
        "amenity": "restaurant",
        "cuisine": "italian",
        "diet:vegetarian": "yes",
        "indoor_seating": "yes",
        "lgbtq": "no",
        "name": "Gran Caffe Martini & Rossi",
        "opening_hours": "Mo-Su 08:30-01:00",
        "outdoor_seating": "yes",
        "website": "https://www.caffemartiniroma.com/",
        "website:menu": "https://www.caffemartiniroma.com/restaurant-menu-colosseum/"
      },
      "geometry": {
        "type": "Point",
        "coordinates": [
          12.4941649,
          41.8897129
        ]
      },
      "id": "node/1688847325"
    },
    {
      "type": "Feature",
      "properties": {
        "@id": "node/1688847351",
        "addr:housenumber": "5",
        "addr:street": "Via Celio Vibenna",
        "amenity": "restaurant",
        "cuisine": "italian",
        "indoor_seating": "yes",
        "lgbtq": "no",
        "name": "Al Gladiatore",
        "outdoor_seating": "no",
        "phone": "+39 06 77209496"
      },
      "geometry": {
        "type": "Point",
        "coordinates": [
          12.494046,
          41.8894459
        ]
      },
      "id": "node/1688847351"
    },
    {
      "type": "Feature",
      "properties": {
        "@id": "node/1688847355",
        "addr:housenumber": "1",
        "addr:postcode": "00184",
        "addr:street": "Piazza del Colosseo",
        "amenity": "restaurant",
        "cuisine": "italian",
        "email": "info@royalartcafe.it",
        "indoor_seating": "yes",
        "lgbtq": "no",
        "name": "Royal art café",
        "outdoor_seating": "yes",
        "phone": "+390688805383",
        "website": "https://www.royalartcafe.it/"
      },
      "geometry": {
        "type": "Point",
        "coordinates": [
          12.4942704,
          41.8899551
        ]
      },
      "id": "node/1688847355"
    },
    {
      "type": "Feature",
      "properties": {
        "@id": "node/1690151032",
        "bench": "yes",
        "bus": "yes",
        "highway": "bus_stop",
        "lit": "yes",
        "name": "Aventino-Circo Massimo (MB)",
        "network": "ATAC",
        "network:wikidata": "Q530087",
        "network:wikipedia": "it:ATAC",
        "operator": "ATAC",
        "public_transport": "platform",
        "ref": "70747",
        "shelter": "yes",
        "tactile_paving": "no"
      },
      "geometry": {
        "type": "Point",
        "coordinates": [
          12.488435,
          41.8840817
        ]
      },
      "id": "node/1690151032"
    },
    {
      "type": "Feature",
      "properties": {
        "@id": "node/1692350232",
        "bench": "no",
        "bin": "yes",
        "bus": "yes",
        "highway": "bus_stop",
        "name": "Aventino",
        "network": "ATAC",
        "network:wikidata": "Q530087",
        "network:wikipedia": "it:ATAC",
        "operator": "ATAC",
        "public_transport": "platform",
        "ref": "70749",
        "shelter": "no"
      },
      "geometry": {
        "type": "Point",
        "coordinates": [
          12.4868186,
          41.8828249
        ]
      },
      "id": "node/1692350232"
    },
    {
      "type": "Feature",
      "properties": {
        "@id": "node/1692350297",
        "bus": "yes",
        "highway": "bus_stop",
        "name": "Terme Caracalla/Porta Capena",
        "network": "ATAC",
        "network:wikidata": "Q530087",
        "operator": "ATAC",
        "public_transport": "platform",
        "ref": "70554",
        "shelter": "no"
      },
      "geometry": {
        "type": "Point",
        "coordinates": [
          12.4910306,
          41.8829309
        ]
      },
      "id": "node/1692350297"
    },
    {
      "type": "Feature",
      "properties": {
        "@id": "node/1692350301",
        "bus": "yes",
        "highway": "bus_stop",
        "name": "Terme Caracalla/Porta Capena",
        "network": "ATAC",
        "network:wikidata": "Q530087",
        "operator": "ATAC",
        "public_transport": "platform",
        "ref": "73177",
        "shelter": "no"
      },
      "geometry": {
        "type": "Point",
        "coordinates": [
          12.4911606,
          41.8829964
        ]
      },
      "id": "node/1692350301"
    },
    {
      "type": "Feature",
      "properties": {
        "@id": "node/1701226235",
        "amenity": "drinking_water"
      },
      "geometry": {
        "type": "Point",
        "coordinates": [
          12.5019658,
          41.8890191
        ]
      },
      "id": "node/1701226235"
    },
    {
      "type": "Feature",
      "properties": {
        "@id": "node/1709283551",
        "bicycle:conditional": "yes @ Mo-Th 20:00-23:30; Fr 20:00-24:00; Sa 00:00-01:30, 05:30-24:00; Su 00:00-01:30, 05:30-23:30; PH 05:30-24:00",
        "name": "Colosseo",
        "network": "Metropolitana di Roma",
        "note": "folding bikes always allowed, electric bikes with lead batteries not allowed",
        "outdoor_seating": "no",
        "railway": "subway_entrance",
        "wheelchair": "no"
      },
      "geometry": {
        "type": "Point",
        "coordinates": [
          12.4914461,
          41.8916255
        ]
      },
      "id": "node/1709283551"
    },
    {
      "type": "Feature",
      "properties": {
        "@id": "node/1710679143",
        "addr:city": "Roma",
        "addr:housenumber": "25",
        "addr:postcode": "00185",
        "addr:street": "Via Liberiana",
        "amenity": "cafe",
        "name": "Big Bens",
        "phone": "+39 06 4819069",
        "sells:tobacco": "yes",
        "shop": "tobacco"
      },
      "geometry": {
        "type": "Point",
        "coordinates": [
          12.4974636,
          41.8975122
        ]
      },
      "id": "node/1710679143"
    },
    {
      "type": "Feature",
      "properties": {
        "@id": "node/1712118579",
        "amenity": "bench"
      },
      "geometry": {
        "type": "Point",
        "coordinates": [
          12.5023395,
          41.8865003
        ]
      },
      "id": "node/1712118579"
    },
    {
      "type": "Feature",
      "properties": {
        "@id": "node/1712118612",
        "amenity": "bench"
      },
      "geometry": {
        "type": "Point",
        "coordinates": [
          12.5023889,
          41.8865203
        ]
      },
      "id": "node/1712118612"
    },
    {
      "type": "Feature",
      "properties": {
        "@id": "node/1712118632",
        "amenity": "bench"
      },
      "geometry": {
        "type": "Point",
        "coordinates": [
          12.5023138,
          41.8865414
        ]
      },
      "id": "node/1712118632"
    },
    {
      "type": "Feature",
      "properties": {
        "@id": "node/1712118661",
        "amenity": "bench"
      },
      "geometry": {
        "type": "Point",
        "coordinates": [
          12.5023661,
          41.8865577
        ]
      },
      "id": "node/1712118661"
    },
    {
      "type": "Feature",
      "properties": {
        "@id": "node/1719370499",
        "description": "tourist info center and Segway rental",
        "name": "Rome on Segway",
        "tourism": "information"
      },
      "geometry": {
        "type": "Point",
        "coordinates": [
          12.4995425,
          41.8896558
        ]
      },
      "id": "node/1719370499"
    },
    {
      "type": "Feature",
      "properties": {
        "@id": "node/1730948897",
        "bench": "yes",
        "bin": "yes",
        "bus": "yes",
        "highway": "bus_stop",
        "name": "Cavour (MB)",
        "network": "ATAC",
        "network:wikidata": "Q530087",
        "network:wikipedia": "it:ATAC",
        "operator": "ATAC",
        "public_transport": "platform",
        "ref": "72063",
        "shelter": "yes"
      },
      "geometry": {
        "type": "Point",
        "coordinates": [
          12.4933692,
          41.8949115
        ]
      },
      "id": "node/1730948897"
    },
    {
      "type": "Feature",
      "properties": {
        "@id": "node/1730948898",
        "bench": "no",
        "bin": "no",
        "bus": "yes",
        "highway": "bus_stop",
        "lit": "yes",
        "name": "Cavour (MB)",
        "network": "ATAC",
        "network:wikidata": "Q530087",
        "network:wikipedia": "it:ATAC",
        "operator": "ATAC",
        "public_transport": "platform",
        "ref": "72055",
        "shelter": "no",
        "tactile_paving": "yes"
      },
      "geometry": {
        "type": "Point",
        "coordinates": [
          12.4937813,
          41.8951524
        ]
      },
      "id": "node/1730948898"
    },
    {
      "type": "Feature",
      "properties": {
        "@id": "node/1730948899",
        "bench": "no",
        "bin": "no",
        "bus": "yes",
        "highway": "bus_stop",
        "internet_access": "wlan",
        "internet_access:operator": "RomaWireless",
        "internet_access:ssid": "AtacWiFi",
        "lit": "no",
        "name": "Cavour/Annibaldi",
        "network": "ATAC",
        "network:wikidata": "Q530087",
        "network:wikipedia": "it:ATAC",
        "operator": "ATAC",
        "public_transport": "platform",
        "ref": "70818",
        "shelter": "no",
        "tactile_paving": "no"
      },
      "geometry": {
        "type": "Point",
        "coordinates": [
          12.4917007,
          41.8942065
        ]
      },
      "id": "node/1730948899"
    },
    {
      "type": "Feature",
      "properties": {
        "@id": "node/1730948901",
        "bench": "no",
        "bin": "yes",
        "bus": "yes",
        "highway": "bus_stop",
        "internet_access": "wlan",
        "internet_access:operator": "RomaWireless",
        "internet_access:ssid": "AtacWiFi",
        "lit": "yes",
        "name": "Cavour/Annibaldi",
        "network": "ATAC",
        "network:wikidata": "Q530087",
        "network:wikipedia": "it:ATAC",
        "operator": "ATAC",
        "public_transport": "platform",
        "ref": "70742",
        "shelter": "no",
        "tactile_paving": "no"
      },
      "geometry": {
        "type": "Point",
        "coordinates": [
          12.4917057,
          41.8943254
        ]
      },
      "id": "node/1730948901"
    },
    {
      "type": "Feature",
      "properties": {
        "@id": "node/1730948923",
        "bench": "no",
        "bin": "no",
        "bus": "yes",
        "highway": "bus_stop",
        "lit": "no",
        "name": "Cavour/Quattro Cantoni",
        "network": "ATAC",
        "network:wikidata": "Q530087",
        "network:wikipedia": "it:ATAC",
        "operator": "ATAC",
        "public_transport": "platform",
        "ref": "72057",
        "shelter": "no",
        "tactile_paving": "no"
      },
      "geometry": {
        "type": "Point",
        "coordinates": [
          12.4956892,
          41.8969919
        ]
      },
      "id": "node/1730948923"
    },
    {
      "type": "Feature",
      "properties": {
        "@id": "node/1730948926",
        "bench": "no",
        "bin": "no",
        "bus": "yes",
        "highway": "bus_stop",
        "lit": "yes",
        "name": "Cavour/Quattro Cantoni",
        "network": "ATAC",
        "network:wikidata": "Q530087",
        "network:wikipedia": "it:ATAC",
        "operator": "ATAC",
        "public_transport": "platform",
        "ref": "72062",
        "shelter": "no",
        "tactile_paving": "yes"
      },
      "geometry": {
        "type": "Point",
        "coordinates": [
          12.4955676,
          41.897049
        ]
      },
      "id": "node/1730948926"
    },
    {
      "type": "Feature",
      "properties": {
        "@id": "node/1730948930",
        "bench": "no",
        "bin": "yes",
        "bus": "yes",
        "highway": "bus_stop",
        "lit": "no",
        "name": "Cavour/Ricci",
        "network": "ATAC",
        "network:wikidata": "Q530087",
        "network:wikipedia": "it:ATAC",
        "operator": "ATAC",
        "public_transport": "platform",
        "ref": "70817",
        "shelter": "no",
        "tactile_paving": "no"
      },
      "geometry": {
        "type": "Point",
        "coordinates": [
          12.4899521,
          41.8937801
        ]
      },
      "id": "node/1730948930"
    },
    {
      "type": "Feature",
      "properties": {
        "@id": "node/1730948931",
        "bench": "no",
        "bin": "no",
        "bus": "yes",
        "highway": "bus_stop",
        "lit": "yes",
        "name": "Celio Vibenna",
        "network": "ATAC",
        "network:wikidata": "Q530087",
        "network:wikipedia": "it:ATAC",
        "operator": "ATAC",
        "public_transport": "platform",
        "ref": "70816",
        "shelter": "no",
        "tactile_paving": "no"
      },
      "geometry": {
        "type": "Point",
        "coordinates": [
          12.4926191,
          41.8891265
        ]
      },
      "id": "node/1730948931"
    },
    {
      "type": "Feature",
      "properties": {
        "@id": "node/1730948933",
        "bench": "no",
        "bin": "yes",
        "bus": "yes",
        "check_date:shelter": "2024-10-14",
        "highway": "bus_stop",
        "lit": "yes",
        "name": "Celio Vibenna",
        "network": "ATAC",
        "network:wikidata": "Q530087",
        "network:wikipedia": "it:ATAC",
        "operator": "ATAC",
        "public_transport": "platform",
        "ref": "70744",
        "shelter": "no",
        "tactile_paving": "no"
      },
      "geometry": {
        "type": "Point",
        "coordinates": [
          12.4928042,
          41.8893081
        ]
      },
      "id": "node/1730948933"
    },
    {
      "type": "Feature",
      "properties": {
        "@id": "node/1730948972",
        "bench": "no",
        "bin": "no",
        "bus": "yes",
        "highway": "bus_stop",
        "lit": "yes",
        "name": "S. Gregorio",
        "network": "ATAC",
        "network:wikidata": "Q530087",
        "network:wikipedia": "it:ATAC",
        "operator": "ATAC",
        "public_transport": "platform",
        "ref": "72066",
        "shelter": "no",
        "tactile_paving": "no"
      },
      "geometry": {
        "type": "Point",
        "coordinates": [
          12.4901983,
          41.887619
        ]
      },
      "id": "node/1730948972"
    },
    {
      "type": "Feature",
      "properties": {
        "@id": "node/1730948976",
        "bench": "no",
        "bin": "yes",
        "bus": "yes",
        "highway": "bus_stop",
        "lit": "yes",
        "name": "S. Gregorio",
        "network": "ATAC",
        "network:wikidata": "Q530087",
        "network:wikipedia": "it:ATAC",
        "operator": "ATAC",
        "public_transport": "platform",
        "ref": "70745",
        "shelter": "no",
        "tactile_paving": "no"
      },
      "geometry": {
        "type": "Point",
        "coordinates": [
          12.4901643,
          41.8880972
        ]
      },
      "id": "node/1730948976"
    },
    {
      "type": "Feature",
      "properties": {
        "@id": "node/1739836598",
        "bench": "no",
        "bin": "no",
        "bus": "yes",
        "highway": "bus_stop",
        "lit": "yes",
        "name": "Cerchi/Porta Capena",
        "network": "ATAC",
        "network:wikidata": "Q530087",
        "operator": "ATAC",
        "public_transport": "platform",
        "ref": "71177",
        "shelter": "no",
        "tactile_paving": "no"
      },
      "geometry": {
        "type": "Point",
        "coordinates": [
          12.4885434,
          41.8852833
        ]
      },
      "id": "node/1739836598"
    },
    {
      "type": "Feature",
      "properties": {
        "@id": "node/1739836599",
        "bus": "yes",
        "highway": "bus_stop",
        "name": "Cerchi/Bocca della Verità",
        "network": "ATAC",
        "network:wikidata": "Q530087",
        "network:wikipedia": "it:ATAC",
        "operator": "ATAC",
        "public_transport": "platform",
        "ref": "70517",
        "shelter": "no"
      },
      "geometry": {
        "type": "Point",
        "coordinates": [
          12.482668,
          41.8885787
        ]
      },
      "id": "node/1739836599"
    },
    {
      "type": "Feature",
      "properties": {
        "@id": "node/1739836600",
        "bench": "no",
        "bin": "yes",
        "bus": "yes",
        "highway": "bus_stop",
        "lit": "yes",
        "name": "Circo Massimo (MB)",
        "network": "ATAC",
        "network:wikidata": "Q530087",
        "operator": "ATAC",
        "public_transport": "platform",
        "ref": "70549",
        "shelter": "no",
        "tactile_paving": "no"
      },
      "geometry": {
        "type": "Point",
        "coordinates": [
          12.4869193,
          41.8841296
        ]
      },
      "id": "node/1739836600"
    },
    {
      "type": "Feature",
      "properties": {
        "@id": "node/1739836601",
        "bench": "no",
        "bin": "yes",
        "bus": "yes",
        "highway": "bus_stop",
        "lit": "yes",
        "name": "Circo Massimo/Roseto Comunale",
        "network": "ATAC",
        "network:wikidata": "Q530087",
        "operator": "ATAC",
        "public_transport": "platform",
        "ref": "70547",
        "shelter": "no",
        "tactile_paving": "no"
      },
      "geometry": {
        "type": "Point",
        "coordinates": [
          12.4852583,
          41.8850505
        ]
      },
      "id": "node/1739836601"
    },
    {
      "type": "Feature",
      "properties": {
        "@id": "node/1739836602",
        "bus": "yes",
        "highway": "bus_stop",
        "name": "Claudia/Celio (H)",
        "network": "ATAC",
        "network:wikidata": "Q530087",
        "network:wikipedia": "it:ATAC",
        "operator": "ATAC",
        "public_transport": "platform",
        "ref": "71107"
      },
      "geometry": {
        "type": "Point",
        "coordinates": [
          12.4948768,
          41.8866173
        ]
      },
      "id": "node/1739836602"
    },
    {
      "type": "Feature",
      "properties": {
        "@id": "node/1739836603",
        "bus": "yes",
        "highway": "bus_stop",
        "name": "Claudia/Colosseo",
        "network": "ATAC",
        "network:wikidata": "Q530087",
        "network:wikipedia": "it:ATAC",
        "operator": "ATAC",
        "public_transport": "platform",
        "ref": "71104"
      },
      "geometry": {
        "type": "Point",
        "coordinates": [
          12.4940673,
          41.8882579
        ]
      },
      "id": "node/1739836603"
    },
    {
      "type": "Feature",
      "properties": {
        "@id": "node/1739836615",
        "bench": "no",
        "bin": "no",
        "bus": "yes",
        "highway": "bus_stop",
        "lit": "yes",
        "name": "Greca",
        "network": "ATAC",
        "network:wikidata": "Q530087",
        "network:wikipedia": "it:ATAC",
        "operator": "ATAC",
        "public_transport": "platform",
        "ref": "70545",
        "shelter": "no",
        "tactile_paving": "no"
      },
      "geometry": {
        "type": "Point",
        "coordinates": [
          12.4814591,
          41.8875498
        ]
      },
      "id": "node/1739836615"
    },
    {
      "type": "Feature",
      "properties": {
        "@id": "node/1739836617",
        "bus": "yes",
        "highway": "bus_stop",
        "name": "Navicella/Porta Metronia",
        "network": "ATAC",
        "network:wikidata": "Q530087",
        "network:wikipedia": "it:ATAC",
        "operator": "ATAC",
        "public_transport": "platform",
        "ref": "71384"
      },
      "geometry": {
        "type": "Point",
        "coordinates": [
          12.4973739,
          41.8827682
        ]
      },
      "id": "node/1739836617"
    },
    {
      "type": "Feature",
      "properties": {
        "@id": "node/1739836620",
        "bus": "yes",
        "departures_board": "realtime",
        "highway": "bus_stop",
        "name": "Navicella/Porta Metronia",
        "network": "ATAC",
        "network:wikidata": "Q530087",
        "network:wikipedia": "it:ATAC",
        "operator": "ATAC",
        "public_transport": "platform",
        "ref": "77883",
        "shelter": "yes"
      },
      "geometry": {
        "type": "Point",
        "coordinates": [
          12.4973923,
          41.8828964
        ]
      },
      "id": "node/1739836620"
    },
    {
      "type": "Feature",
      "properties": {
        "@id": "node/1739836623",
        "bus": "yes",
        "highway": "bus_stop",
        "name": "Navicella/Villa Celimontana",
        "network": "ATAC",
        "network:wikidata": "Q530087",
        "network:wikipedia": "it:ATAC",
        "operator": "ATAC",
        "public_transport": "platform",
        "ref": "71106"
      },
      "geometry": {
        "type": "Point",
        "coordinates": [
          12.4961222,
          41.8840907
        ]
      },
      "id": "node/1739836623"
    },
    {
      "type": "Feature",
      "properties": {
        "@id": "node/1739836626",
        "bus": "yes",
        "highway": "bus_stop",
        "name": "Navicella/Villa Celimontana",
        "network": "ATAC",
        "network:wikidata": "Q530087",
        "network:wikipedia": "it:ATAC",
        "operator": "ATAC",
        "public_transport": "platform",
        "ref": "71171"
      },
      "geometry": {
        "type": "Point",
        "coordinates": [
          12.4961047,
          41.8846041
        ]
      },
      "id": "node/1739836626"
    },
    {
      "type": "Feature",
      "properties": {
        "@id": "node/1743613641",
        "addr:city": "Roma",
        "addr:country": "IT",
        "addr:housenumber": "10",
        "addr:postcode": "00184",
        "addr:street": "Via Sforza",
        "contact:facebook": "https://www.facebook.com/HotelColosseum/",
        "email": "info@hotelcolosseum.com",
        "fax": "+39 06 4827285",
        "name": "Hotel Colosseum",
        "phone": "+39 06 4827228",
        "ref:vatin": "IT00943891002",
        "tourism": "hotel",
        "website": "https://www.hotelcolosseum.com/"
      },
      "geometry": {
        "type": "Point",
        "coordinates": [
          12.4960535,
          41.8961583
        ]
      },
      "id": "node/1743613641"
    },
    {
      "type": "Feature",
      "properties": {
        "@id": "node/1751775395",
        "bench": "no",
        "bus": "yes",
        "highway": "bus_stop",
        "name": "Carlo Alberto",
        "network": "ATAC",
        "network:wikidata": "Q530087",
        "network:wikipedia": "it:ATAC",
        "operator": "ATAC",
        "public_transport": "platform",
        "ref": "76573",
        "shelter": "no"
      },
      "geometry": {
        "type": "Point",
        "coordinates": [
          12.5014728,
          41.8961326
        ]
      },
      "id": "node/1751775395"
    },
    {
      "type": "Feature",
      "properties": {
        "@id": "node/1751775396",
        "bench": "no",
        "bus": "yes",
        "highway": "bus_stop",
        "name": "Carlo Alberto",
        "network": "ATAC",
        "network:wikidata": "Q530087",
        "network:wikipedia": "it:ATAC",
        "operator": "ATAC",
        "public_transport": "platform",
        "ref": "70432",
        "shelter": "no"
      },
      "geometry": {
        "type": "Point",
        "coordinates": [
          12.5000971,
          41.8969795
        ]
      },
      "id": "node/1751775396"
    },
    {
      "type": "Feature",
      "properties": {
        "@id": "node/1751775410",
        "bench": "no",
        "bin": "yes",
        "bus": "yes",
        "highway": "bus_stop",
        "lit": "yes",
        "name": "P.za Vittorio Emanuele (MA)",
        "network": "ATAC",
        "network:wikidata": "Q530087",
        "network:wikipedia": "it:ATAC",
        "operator": "ATAC",
        "public_transport": "platform",
        "ref": "70431",
        "shelter": "no",
        "tactile_paving": "no"
      },
      "geometry": {
        "type": "Point",
        "coordinates": [
          12.5021033,
          41.89588
        ]
      },
      "id": "node/1751775410"
    },
    {
      "type": "Feature",
      "properties": {
        "@id": "node/1753953725",
        "bench": "no",
        "bin": "no",
        "bus": "yes",
        "check_date:bench": "2023-07-20",
        "highway": "bus_stop",
        "lit": "no",
        "name": "Terme Deciane/La Malfa",
        "network": "ATAC",
        "network:wikidata": "Q530087",
        "operator": "ATAC",
        "public_transport": "platform",
        "ref": "78403",
        "shelter": "no",
        "tactile_paving": "yes"
      },
      "geometry": {
        "type": "Point",
        "coordinates": [
          12.484736,
          41.8847751
        ]
      },
      "id": "node/1753953725"
    },
    {
      "type": "Feature",
      "properties": {
        "@id": "node/1753953727",
        "bench": "no",
        "bin": "no",
        "bus": "yes",
        "highway": "bus_stop",
        "lit": "no",
        "name": "Terme Deciane/La Malfa",
        "network": "ATAC",
        "network:wikidata": "Q530087",
        "operator": "ATAC",
        "public_transport": "platform",
        "ref": "78402",
        "shelter": "no",
        "tactile_paving": "yes"
      },
      "geometry": {
        "type": "Point",
        "coordinates": [
          12.4847863,
          41.8848361
        ]
      },
      "id": "node/1753953727"
    },
    {
      "type": "Feature",
      "properties": {
        "@id": "node/1753953728",
        "bench": "no",
        "bin": "yes",
        "bus": "yes",
        "highway": "bus_stop",
        "lit": "yes",
        "name": "Terme Deciane/S. Prisca",
        "network": "ATAC",
        "network:wikidata": "Q530087",
        "operator": "ATAC",
        "public_transport": "platform",
        "ref": "78404",
        "shelter": "no",
        "tactile_paving": "no"
      },
      "geometry": {
        "type": "Point",
        "coordinates": [
          12.4841583,
          41.8825477
        ]
      },
      "id": "node/1753953728"
    },
    {
      "type": "Feature",
      "properties": {
        "@id": "node/1753953729",
        "bench": "yes",
        "bin": "yes",
        "bus": "yes",
        "highway": "bus_stop",
        "lit": "yes",
        "name": "Terme Deciane/S. Prisca",
        "network": "ATAC",
        "network:wikidata": "Q530087",
        "operator": "ATAC",
        "public_transport": "platform",
        "ref": "78401",
        "shelter": "yes",
        "tactile_paving": "yes"
      },
      "geometry": {
        "type": "Point",
        "coordinates": [
          12.4846394,
          41.8827113
        ]
      },
      "id": "node/1753953729"
    },
    {
      "type": "Feature",
      "properties": {
        "@id": "node/1754808362",
        "bench": "no",
        "bin": "no",
        "bus": "yes",
        "highway": "bus_stop",
        "name": "Terme Caracalla/Porta Capena",
        "network": "ATAC",
        "network:wikidata": "Q530087",
        "operator": "ATAC",
        "public_transport": "platform",
        "ref": "70515",
        "shelter": "no"
      },
      "geometry": {
        "type": "Point",
        "coordinates": [
          12.4904762,
          41.8835724
        ]
      },
      "id": "node/1754808362"
    },
    {
      "type": "Feature",
      "properties": {
        "@id": "node/1777920448",
        "bench": "no",
        "bus": "yes",
        "highway": "bus_stop",
        "name": "Panisperna",
        "network": "ATAC",
        "network:wikidata": "Q530087",
        "network:wikipedia": "it:ATAC",
        "operator": "ATAC",
        "public_transport": "platform",
        "ref": "70279",
        "shelter": "yes"
      },
      "geometry": {
        "type": "Point",
        "coordinates": [
          12.4945832,
          41.8971483
        ]
      },
      "id": "node/1777920448"
    },
    {
      "type": "Feature",
      "properties": {
        "@id": "node/1777920464",
        "bus": "yes",
        "highway": "bus_stop",
        "name": "Rattazzi/Napoleone III",
        "network": "ATAC",
        "network:wikidata": "Q530087",
        "network:wikipedia": "it:ATAC",
        "operator": "ATAC",
        "public_transport": "platform",
        "ref": "70270",
        "shelter": "no"
      },
      "geometry": {
        "type": "Point",
        "coordinates": [
          12.5020433,
          41.8964068
        ]
      },
      "id": "node/1777920464"
    },
    {
      "type": "Feature",
      "properties": {
        "@id": "node/1792610120",
        "bench": "no",
        "bin": "yes",
        "bus": "yes",
        "highway": "bus_stop",
        "lit": "yes",
        "name": "P.za Venezia",
        "network": "ATAC",
        "network:wikidata": "Q530087",
        "network:wikipedia": "it:ATAC",
        "official_name": "Piazza Venezia",
        "operator": "ATAC",
        "public_transport": "platform",
        "ref": "70777",
        "shelter": "no",
        "tactile_paving": "no",
        "wheelchair": "yes"
      },
      "geometry": {
        "type": "Point",
        "coordinates": [
          12.4818581,
          41.8949628
        ]
      },
      "id": "node/1792610120"
    },
    {
      "type": "Feature",
      "properties": {
        "@id": "node/1833548791",
        "addr:city": "Roma",
        "addr:country": "IT",
        "addr:housenumber": "152",
        "addr:postcode": "00184",
        "addr:street": "Via Cavour",
        "amenity": "cafe",
        "name": "Il Galeone"
      },
      "geometry": {
        "type": "Point",
        "coordinates": [
          12.4953172,
          41.8965554
        ]
      },
      "id": "node/1833548791"
    },
    {
      "type": "Feature",
      "properties": {
        "@id": "node/1915802155",
        "amenity": "fast_food",
        "cuisine": "italian",
        "drive_through": "no",
        "name": "Golosseum"
      },
      "geometry": {
        "type": "Point",
        "coordinates": [
          12.4964,
          41.8893609
        ]
      },
      "id": "node/1915802155"
    },
    {
      "type": "Feature",
      "properties": {
        "@id": "node/1917084658",
        "name": "Edera",
        "tourism": "hotel"
      },
      "geometry": {
        "type": "Point",
        "coordinates": [
          12.5001125,
          41.8908459
        ]
      },
      "id": "node/1917084658"
    },
    {
      "type": "Feature",
      "properties": {
        "@id": "node/1923912448",
        "addr:city": "Roma",
        "addr:country": "IT",
        "addr:housenumber": "195",
        "addr:postcode": "00184",
        "addr:street": "Via Cavour",
        "amenity": "restaurant",
        "contact:phone": "+39 06 4824888",
        "drive_in": "no",
        "name": "L'archetto di Cavour",
        "wheelchair": "limited"
      },
      "geometry": {
        "type": "Point",
        "coordinates": [
          12.4935362,
          41.8951419
        ]
      },
      "id": "node/1923912448"
    },
    {
      "type": "Feature",
      "properties": {
        "@id": "node/1926196448",
        "leaf_type": "needleleaved",
        "natural": "tree"
      },
      "geometry": {
        "type": "Point",
        "coordinates": [
          12.4842551,
          41.8868739
        ]
      },
      "id": "node/1926196448"
    },
    {
      "type": "Feature",
      "properties": {
        "@id": "node/1926196461",
        "addr:city": "Roma",
        "addr:housenumber": "5b",
        "addr:postcode": "00187",
        "addr:street": "Via Magnanapoli",
        "amenity": "ice_cream",
        "name": "Gelateria Panna e Liquirizia"
      },
      "geometry": {
        "type": "Point",
        "coordinates": [
          12.4852202,
          41.8961418
        ]
      },
      "id": "node/1926196461"
    },
    {
      "type": "Feature",
      "properties": {
        "@id": "node/1926196467",
        "amenity": "restaurant",
        "cuisine": "italian",
        "name": "Caesar Pizza"
      },
      "geometry": {
        "type": "Point",
        "coordinates": [
          12.4851429,
          41.8961276
        ]
      },
      "id": "node/1926196467"
    },
    {
      "type": "Feature",
      "properties": {
        "@id": "node/1926196479",
        "amenity": "pharmacy",
        "healthcare": "pharmacy"
      },
      "geometry": {
        "type": "Point",
        "coordinates": [
          12.4851509,
          41.8960059
        ]
      },
      "id": "node/1926196479"
    },
    {
      "type": "Feature",
      "properties": {
        "@id": "node/1935739764",
        "addr:city": "Roma",
        "addr:country": "IT",
        "addr:housenumber": "28/a",
        "addr:postcode": "00185",
        "addr:street": "Via Carlo Alberto",
        "amenity": "fast_food",
        "cuisine": "chicken;burger",
        "internet_access": "wlan",
        "internet_access:fee": "no",
        "name": "Kin's Crunchy Chicken",
        "opening_hours": "Mo-Su 11:00-23:00",
        "operator": "Besmillah Di Shamaone Muhammad & c.s.a.s.",
        "phone": "+39 06 60664600"
      },
      "geometry": {
        "type": "Point",
        "coordinates": [
          12.50254,
          41.8957374
        ]
      },
      "id": "node/1935739764"
    },
    {
      "type": "Feature",
      "properties": {
        "@id": "node/1987275720",
        "amenity": "waste_basket"
      },
      "geometry": {
        "type": "Point",
        "coordinates": [
          12.4816024,
          41.8950829
        ]
      },
      "id": "node/1987275720"
    },
    {
      "type": "Feature",
      "properties": {
        "@id": "node/1987732488",
        "board_type": "history",
        "information": "board",
        "name": "Information",
        "name:zh-Hans": "古罗马广场入口",
        "tourism": "information"
      },
      "geometry": {
        "type": "Point",
        "coordinates": [
          12.4895677,
          41.8879531
        ]
      },
      "id": "node/1987732488"
    },
    {
      "type": "Feature",
      "properties": {
        "@id": "node/1987788474",
        "name": "Torre del Tabularium",
        "tourism": "viewpoint"
      },
      "geometry": {
        "type": "Point",
        "coordinates": [
          12.4864967,
          41.8907204
        ]
      },
      "id": "node/1987788474"
    },
    {
      "type": "Feature",
      "properties": {
        "@id": "node/1987857548",
        "addr:city": "Roma",
        "addr:housenumber": "7",
        "addr:postcode": "00184",
        "addr:street": "Via Celimontana",
        "amenity": "restaurant",
        "cuisine": "italian",
        "name": "Naumachia",
        "name:ko": "나우마키아",
        "phone": "+39 06 7002764",
        "website": "https://www.naumachiaroma.com/"
      },
      "geometry": {
        "type": "Point",
        "coordinates": [
          12.4965723,
          41.8890939
        ]
      },
      "id": "node/1987857548"
    },
    {
      "type": "Feature",
      "properties": {
        "@id": "node/1995440068",
        "amenity": "charging_station",
        "amperage": "32",
        "bicycle": "no",
        "brand": "Enel",
        "brand:wikidata": "Q651222",
        "brand:wikipedia": "en:Enel",
        "capacity": "2",
        "name": "Enel",
        "operator": "Enel",
        "operator:wikidata": "Q651222",
        "operator:wikipedia": "en:Enel",
        "voltage": "380"
      },
      "geometry": {
        "type": "Point",
        "coordinates": [
          12.4831735,
          41.8970159
        ]
      },
      "id": "node/1995440068"
    },
    {
      "type": "Feature",
      "properties": {
        "@id": "node/1997317558",
        "addr:city": "Roma",
        "addr:housenumber": "82-84",
        "addr:postcode": "00187",
        "addr:street": "Foro Traiano",
        "amenity": "restaurant",
        "cuisine": "regional",
        "description": "Enoteca della Provincia di Roma",
        "diet:vegan": "yes",
        "fax": "+39 06 69940273",
        "name": "Terre e Domus",
        "opening_hours": "Mo-Su 07:30-00:30",
        "outdoor_seating": "yes",
        "phone": "+39 06 69940273",
        "restaurant:type:it": "enoteca",
        "website": "https://www.facebook.com/terreedomusristoranteroma/",
        "website:menu": "https://drive.google.com/file/d/1e_UIEqDwJEckUa2XGSosCaZnkCrvrx7t/view?usp=drivesdk"
      },
      "geometry": {
        "type": "Point",
        "coordinates": [
          12.4839572,
          41.8959791
        ]
      },
      "id": "node/1997317558"
    },
    {
      "type": "Feature",
      "properties": {
        "@id": "node/1998779872",
        "addr:city": "Roma",
        "addr:country": "IT",
        "addr:housenumber": "106",
        "addr:postcode": "00184",
        "addr:street": "Via di San Giovanni in Laterano",
        "amenity": "restaurant",
        "cuisine": "italian",
        "description": "Osteria",
        "name": "I clementini",
        "source": "GPS",
        "website": "https://www.iclementini.it/"
      },
      "geometry": {
        "type": "Point",
        "coordinates": [
          12.4974302,
          41.8890686
        ]
      },
      "id": "node/1998779872"
    },
    {
      "type": "Feature",
      "properties": {
        "@id": "node/2092013187",
        "addr:street": "Via di San Giovanni in Laterano",
        "amenity": "bar",
        "contact:instagram": "https://www.instagram.com/mybar.roma/",
        "lgbtq": "primary",
        "name": "My Bar",
        "operator": "Anfiteatro S.r.l.",
        "phone": "+39 06 7004425",
        "ref:vatin": "IT06747541008"
      },
      "geometry": {
        "type": "Point",
        "coordinates": [
          12.4945052,
          41.8899988
        ]
      },
      "id": "node/2092013187"
    },
    {
      "type": "Feature",
      "properties": {
        "@id": "node/2105948243",
        "amenity": "drinking_water"
      },
      "geometry": {
        "type": "Point",
        "coordinates": [
          12.4878685,
          41.8968428
        ]
      },
      "id": "node/2105948243"
    },
    {
      "type": "Feature",
      "properties": {
        "@id": "node/2112006653",
        "tourism": "viewpoint"
      },
      "geometry": {
        "type": "Point",
        "coordinates": [
          12.4816512,
          41.8929873
        ]
      },
      "id": "node/2112006653"
    },
    {
      "type": "Feature",
      "properties": {
        "@id": "node/2113728140",
        "addr:city": "Roma",
        "addr:housenumber": "178/179",
        "addr:postcode": "00184",
        "addr:street": "Via Nazionale",
        "amenity": "fast_food",
        "brand": "Burger King",
        "brand:wikidata": "Q177054",
        "brand:wikipedia": "en:Burger King",
        "cuisine": "burger",
        "indoor_seating": "yes",
        "name": "Burger King",
        "opening_hours": "Mo-Th 10:30-22:30; Fr-Sa 10:30-23:00; Su 10:30-22:30",
        "outdoor_seating": "no",
        "phone": "+39 06 4893 0559",
        "takeaway": "yes",
        "website": "https://www.burgerking.it/",
        "wheelchair": "yes"
      },
      "geometry": {
        "type": "Point",
        "coordinates": [
          12.4879763,
          41.8974506
        ]
      },
      "id": "node/2113728140"
    },
    {
      "type": "Feature",
      "properties": {
        "@id": "node/2120086754",
        "addr:city": "Roma",
        "addr:country": "IT",
        "addr:housenumber": "7",
        "addr:postcode": "00184",
        "addr:street": "Via del Colosseo",
        "name": "Hotel Perugia",
        "source": "Bing, Local knowledge",
        "tourism": "hotel"
      },
      "geometry": {
        "type": "Point",
        "coordinates": [
          12.4895103,
          41.8927979
        ]
      },
      "id": "node/2120086754"
    },
    {
      "type": "Feature",
      "properties": {
        "@id": "node/2123497862",
        "natural": "tree",
        "source": "Bing, Local knowledge",
        "taxon:family": "Arecaceae"
      },
      "geometry": {
        "type": "Point",
        "coordinates": [
          12.4930897,
          41.892999
        ]
      },
      "id": "node/2123497862"
    },
    {
      "type": "Feature",
      "properties": {
        "@id": "node/2123497866",
        "natural": "tree",
        "source": "Bing, Local knowledge",
        "taxon:family": "Arecaceae"
      },
      "geometry": {
        "type": "Point",
        "coordinates": [
          12.4930368,
          41.8930798
        ]
      },
      "id": "node/2123497866"
    },
    {
      "type": "Feature",
      "properties": {
        "@id": "node/2123497870",
        "natural": "tree",
        "source": "Bing, Local knowledge",
        "taxon:family": "Arecaceae"
      },
      "geometry": {
        "type": "Point",
        "coordinates": [
          12.4928772,
          41.8932987
        ]
      },
      "id": "node/2123497870"
    },
    {
      "type": "Feature",
      "properties": {
        "@id": "node/2123497874",
        "natural": "tree",
        "source": "Bing, Local knowledge",
        "taxon:family": "Arecaceae"
      },
      "geometry": {
        "type": "Point",
        "coordinates": [
          12.4928244,
          41.8933795
        ]
      },
      "id": "node/2123497874"
    },
    {
      "type": "Feature",
      "properties": {
        "@id": "node/2127975086",
        "amenity": "parking_entrance",
        "fee": "yes",
        "name": "Park Colosseo"
      },
      "geometry": {
        "type": "Point",
        "coordinates": [
          12.4948921,
          41.8879603
        ]
      },
      "id": "node/2127975086"
    },
    {
      "type": "Feature",
      "properties": {
        "@id": "node/2128214065",
        "addr:city": "Roma",
        "addr:country": "IT",
        "addr:housenumber": "124",
        "addr:postcode": "00184",
        "addr:street": "Via di San Giovanni in Laterano",
        "amenity": "bar",
        "cuisine": "italian",
        "internet_access": "wlan",
        "name": "San Clemente",
        "outdoor_seating": "yes",
        "source": "GPS",
        "wheelchair": "no"
      },
      "geometry": {
        "type": "Point",
        "coordinates": [
          12.4978823,
          41.8889284
        ]
      },
      "id": "node/2128214065"
    },
    {
      "type": "Feature",
      "properties": {
        "@id": "node/2132314011",
        "description": "rilevazione transito non autorizzato su corsia preferenziale",
        "man_made": "surveillance",
        "surveillance": "outdoor"
      },
      "geometry": {
        "type": "Point",
        "coordinates": [
          12.487175,
          41.8966449
        ]
      },
      "id": "node/2132314011"
    },
    {
      "type": "Feature",
      "properties": {
        "@id": "node/2141800766",
        "car_sharing": "yes",
        "disabled": "yes",
        "emergency": "yes",
        "goods": "delivery",
        "hgv": "private",
        "man_made": "surveillance",
        "motorcar:conditional": "private @ (Mo-Fr 06:30-18:00; Sa 14:00-18:00)",
        "motorcycle": "yes",
        "name": "Varco ZTL",
        "surveillance": "outdoor",
        "taxi": "yes"
      },
      "geometry": {
        "type": "Point",
        "coordinates": [
          12.4956243,
          41.8973187
        ]
      },
      "id": "node/2141800766"
    },
    {
      "type": "Feature",
      "properties": {
        "@id": "node/2149698801",
        "addr:city": "Roma",
        "addr:housenumber": "266",
        "addr:postcode": "00184",
        "addr:street": "Via Cavour",
        "name": "Hotel Paba",
        "phone": "+39 06 47824902",
        "tourism": "hotel",
        "website": "https://www.hotelpaba.com/indexing.htm"
      },
      "geometry": {
        "type": "Point",
        "coordinates": [
          12.4901681,
          41.8937221
        ]
      },
      "id": "node/2149698801"
    },
    {
      "type": "Feature",
      "properties": {
        "@id": "node/2161124359",
        "addr:city": "Roma",
        "addr:country": "IT",
        "addr:housename": "Casa per ferie Suore Salesiane dei Sacri Cuori",
        "addr:housenumber": "4",
        "addr:postcode": "00184",
        "addr:street": "Via Guicciardini",
        "name": "Casa per ferie Suore Salesiane dei Sacri Cuori",
        "phone": "+39 06 70453916",
        "tourism": "guest_house"
      },
      "geometry": {
        "type": "Point",
        "coordinates": [
          12.501407,
          41.8909521
        ]
      },
      "id": "node/2161124359"
    },
    {
      "type": "Feature",
      "properties": {
        "@id": "node/2161146588",
        "addr:city": "Roma",
        "addr:country": "IT",
        "addr:housenumber": "12/a",
        "addr:postcode": "00185",
        "addr:street": "Via Ferruccio",
        "amenity": "restaurant",
        "cuisine": "italian",
        "disused": "restaurant",
        "name": "Vecchia Roma",
        "opening_hours": "Mo-Sa 12:00-15:00,19:00-23:00",
        "phone": "+39 06 4467143",
        "website": "https://www.trattoriavecchiaroma.it/"
      },
      "geometry": {
        "type": "Point",
        "coordinates": [
          12.5024166,
          41.8937139
        ]
      },
      "id": "node/2161146588"
    },
    {
      "type": "Feature",
      "properties": {
        "@id": "node/2184077390",
        "addr:city": "Roma",
        "addr:postcode": "00184",
        "addr:street": "Clivo di Scauro",
        "contact:phone": "+39 06 7045 4544",
        "contact:website": "https://www.caseromanedelcelio.it/",
        "description": "Scoperta nel 1887",
        "fee": "yes",
        "level": "-1",
        "name": "Case romane del Celio",
        "name:ru": "Римские дома на холме Целий",
        "tourism": "museum"
      },
      "geometry": {
        "type": "Point",
        "coordinates": [
          12.491875,
          41.886408
        ]
      },
      "id": "node/2184077390"
    },
    {
      "type": "Feature",
      "properties": {
        "@id": "node/2194821654",
        "historic": "wayside_shrine",
        "religion": "christian"
      },
      "geometry": {
        "type": "Point",
        "coordinates": [
          12.4907505,
          41.894617
        ]
      },
      "id": "node/2194821654"
    },
    {
      "type": "Feature",
      "properties": {
        "@id": "node/2194837614",
        "amenity": "car_sharing",
        "capacity": "2",
        "name": "Rione Monti",
        "opening_hours": "24/7",
        "operator": "Roma Servizi per la Mobilità",
        "operator:type": "private",
        "operator:wikidata": "Q30284569",
        "operator:wikipedia": "it:Roma Servizi per la Mobilità",
        "ref": "36",
        "website": "https://www.carsharing.roma.it/"
      },
      "geometry": {
        "type": "Point",
        "coordinates": [
          12.4928952,
          41.8948271
        ]
      },
      "id": "node/2194837614"
    },
    {
      "type": "Feature",
      "properties": {
        "@id": "node/2213773860",
        "alt_name": "Colosseo",
        "check_date": "2025-12-17",
        "name": "Colosseo – Fori Imperiali",
        "network": "Metro C",
        "old_name": "Fori Imperiali",
        "operator": "ATAC",
        "public_transport": "stop_position",
        "railway": "stop",
        "start_date": "2025-12-16",
        "station": "subway",
        "subway": "yes",
        "wikidata": "Q1229235",
        "wikimedia_commons": "Category:Metropolitana di Roma linea C - Fori Imperiali",
        "wikipedia": "it:Colosseo (metropolitana di Roma)"
      },
      "geometry": {
        "type": "Point",
        "coordinates": [
          12.4902082,
          41.8915659
        ]
      },
      "id": "node/2213773860"
    },
    {
      "type": "Feature",
      "properties": {
        "@id": "node/2244855717",
        "addr:city": "Roma",
        "addr:country": "IT",
        "addr:housenumber": "221",
        "addr:postcode": "00185",
        "addr:street": "Via Merulana",
        "amenity": "restaurant",
        "check_date": "2023-05-05",
        "cuisine": "italian",
        "indoor_seating": "yes",
        "internet_access": "wlan",
        "level": "0",
        "name": "La Cuccuma",
        "outdoor_seating": "yes",
        "payment:mastercard": "yes",
        "payment:visa": "yes",
        "phone": "+39 06 77201361",
        "ref:vatin": "IT10898991004",
        "source": "+39 06 7720 1361",
        "takeaway": "yes"
      },
      "geometry": {
        "type": "Point",
        "coordinates": [
          12.5014813,
          41.8924153
        ]
      },
      "id": "node/2244855717"
    },
    {
      "type": "Feature",
      "properties": {
        "@id": "node/2263021094",
        "historic": "archaeological_site",
        "name": "Domus Augustana - Peristilio",
        "name:ru": "дворец Августа",
        "wikidata": "Q908472",
        "wikimedia_commons": "Category:Domus Augustana",
        "wikipedia": "en:Domus Augustana"
      },
      "geometry": {
        "type": "Point",
        "coordinates": [
          12.4865652,
          41.8878622
        ]
      },
      "id": "node/2263021094"
    },
    {
      "type": "Feature",
      "properties": {
        "@id": "node/2283191999",
        "historic": "memorial",
        "memorial": "plaque"
      },
      "geometry": {
        "type": "Point",
        "coordinates": [
          12.4905575,
          41.8951078
        ]
      },
      "id": "node/2283191999"
    },
    {
      "type": "Feature",
      "properties": {
        "@id": "node/2283192001",
        "historic": "memorial",
        "memorial": "plaque"
      },
      "geometry": {
        "type": "Point",
        "coordinates": [
          12.4905406,
          41.8951487
        ]
      },
      "id": "node/2283192001"
    },
    {
      "type": "Feature",
      "properties": {
        "@id": "node/2309369403",
        "amenity": "vending_machine",
        "operator": "ATAC",
        "ref": "B76",
        "vending": "parking_tickets"
      },
      "geometry": {
        "type": "Point",
        "coordinates": [
          12.4998552,
          41.8959526
        ]
      },
      "id": "node/2309369403"
    },
    {
      "type": "Feature",
      "properties": {
        "@id": "node/2309375617",
        "amenity": "vending_machine",
        "check_date": "2024-01-02",
        "operator": "ATAC",
        "ref": "B75",
        "vending": "parking_tickets"
      },
      "geometry": {
        "type": "Point",
        "coordinates": [
          12.5004435,
          41.894894
        ]
      },
      "id": "node/2309375617"
    },
    {
      "type": "Feature",
      "properties": {
        "@id": "node/2309378169",
        "information": "map",
        "operator": "Comune di Roma",
        "tourism": "information"
      },
      "geometry": {
        "type": "Point",
        "coordinates": [
          12.5004838,
          41.8947494
        ]
      },
      "id": "node/2309378169"
    },
    {
      "type": "Feature",
      "properties": {
        "@id": "node/2309515077",
        "addr:city": "Roma",
        "addr:country": "IT",
        "addr:housenumber": "267",
        "addr:postcode": "00185",
        "addr:street": "Via Merulana",
        "amenity": "fast_food",
        "contact:phone": "+39 06 487 6543; +39 06 481 8276",
        "cuisine": "pizza",
        "name": "Pizzeria Bufera",
        "opening_hours": "08:00-23:30"
      },
      "geometry": {
        "type": "Point",
        "coordinates": [
          12.4995362,
          41.8959633
        ]
      },
      "id": "node/2309515077"
    },
    {
      "type": "Feature",
      "properties": {
        "@id": "node/2309515082",
        "addr:city": "Roma",
        "addr:housenumber": "271",
        "addr:postcode": "00185",
        "addr:street": "Via Merulana",
        "amenity": "fast_food",
        "cuisine": "arab;kebab;lebanese;sandwich",
        "diet:vegan": "yes",
        "diet:vegetarian": "yes",
        "name": "Shawarma Station",
        "opening_hours": "Mo-Su 10:30-23:30",
        "phone": "+39 06 488 1216"
      },
      "geometry": {
        "type": "Point",
        "coordinates": [
          12.4994545,
          41.8961045
        ]
      },
      "id": "node/2309515082"
    },
    {
      "type": "Feature",
      "properties": {
        "@id": "node/2309516150",
        "amenity": "post_box",
        "operator": "Poste Italiane",
        "operator:wikidata": "Q495026",
        "operator:wikipedia": "en:Poste italiane"
      },
      "geometry": {
        "type": "Point",
        "coordinates": [
          12.4995528,
          41.8959515
        ]
      },
      "id": "node/2309516150"
    },
    {
      "type": "Feature",
      "properties": {
        "@id": "node/2336909846",
        "addr:city": "Roma",
        "addr:housenumber": "245",
        "addr:postcode": "00185",
        "addr:street": "Via Merulana",
        "amenity": "cafe",
        "cuisine": "italian",
        "microbrewery": "no",
        "name": "Brancaccio Caffè",
        "opening_hours": "Mo-Sa 06:30-00:00",
        "operator": "Brancaccio Caffe Srl.",
        "phone": "+06 4874199",
        "ref:vatin": "IT17804521007",
        "restaurant:type:it": "ristorante;bar;caffetteria;gelateria;wine_bar;pizzeria",
        "takeaway": "yes",
        "wheelchair": "yes"
      },
      "geometry": {
        "type": "Point",
        "coordinates": [
          12.5008272,
          41.893658
        ]
      },
      "id": "node/2336909846"
    },
    {
      "type": "Feature",
      "properties": {
        "@id": "node/2361780469",
        "addr:city": "Roma",
        "addr:country": "IT",
        "addr:housenumber": "72-73",
        "addr:postcode": "00184",
        "addr:street": "Via Urbana",
        "amenity": "cafe",
        "indoor_seating": "yes",
        "mobile": "+39 320 4168532",
        "name": "Er Caffettiere",
        "opening_hours": "Mo-Sa 05:30-21:30",
        "operator": "Sa.Pe. SNC di Spartaco Pelle & C.",
        "outdoor_seating": "no",
        "phone": "+39 06 43688307",
        "ref:vatin": "IT09487221005",
        "restaurant:type:it": "bar;tavola_calda"
      },
      "geometry": {
        "type": "Point",
        "coordinates": [
          12.4929236,
          41.8949803
        ]
      },
      "id": "node/2361780469"
    },
    {
      "type": "Feature",
      "properties": {
        "@id": "node/2364408850",
        "railway": "tram_crossing"
      },
      "geometry": {
        "type": "Point",
        "coordinates": [
          12.5008529,
          41.8893138
        ]
      },
      "id": "node/2364408850"
    },
    {
      "type": "Feature",
      "properties": {
        "@id": "node/2425784123",
        "amenity": "bicycle_parking",
        "bicycle_parking": "wall_loops",
        "capacity": "10",
        "covered": "no"
      },
      "geometry": {
        "type": "Point",
        "coordinates": [
          12.4835362,
          41.8964413
        ]
      },
      "id": "node/2425784123"
    },
    {
      "type": "Feature",
      "properties": {
        "@id": "node/2425791182",
        "description": "stazione rilevamento per lavori metro C",
        "man_made": "survey_point",
        "note": "check position"
      },
      "geometry": {
        "type": "Point",
        "coordinates": [
          12.4870305,
          41.8930618
        ]
      },
      "id": "node/2425791182"
    },
    {
      "type": "Feature",
      "properties": {
        "@id": "node/2429291682",
        "bench": "no",
        "bin": "yes",
        "bus": "yes",
        "highway": "bus_stop",
        "lit": "yes",
        "name": "Magnanapoli",
        "network": "ATAC",
        "network:wikidata": "Q530087",
        "network:wikipedia": "it:ATAC",
        "operator": "ATAC",
        "public_transport": "platform",
        "ref": "20299",
        "shelter": "no",
        "tactile_paving": "no"
      },
      "geometry": {
        "type": "Point",
        "coordinates": [
          12.4869339,
          41.896188
        ]
      },
      "id": "node/2429291682"
    },
    {
      "type": "Feature",
      "properties": {
        "@id": "node/2434296146",
        "addr:city": "Roma",
        "addr:country": "IT",
        "addr:housenumber": "29",
        "addr:postcode": "00184",
        "addr:street": "Via San Martino ai Monti;Via di San Martino ai Monti",
        "amenity": "fast_food",
        "cuisine": "kebab;pizza",
        "name": "Pizzeria Al Baraka",
        "operator": "Oualli Boualem",
        "phone": "+39 06 484674",
        "ref:vatin": "IT07153851006"
      },
      "geometry": {
        "type": "Point",
        "coordinates": [
          12.499115,
          41.8958452
        ]
      },
      "id": "node/2434296146"
    },
    {
      "type": "Feature",
      "properties": {
        "@id": "node/2442817364",
        "board_type": "history",
        "information": "board",
        "language:en": "yes",
        "language:it": "yes",
        "name": "Arco di Gallieno",
        "tourism": "information",
        "wikidata": "Q3108617",
        "wikimedia_commons": "Category:Arch of Gallienus (Rome)",
        "wikipedia": "en:Arch of Gallienus"
      },
      "geometry": {
        "type": "Point",
        "coordinates": [
          12.5013051,
          41.8958254
        ]
      },
      "id": "node/2442817364"
    },
    {
      "type": "Feature",
      "properties": {
        "@id": "node/2512868944",
        "bench": "no",
        "bin": "yes",
        "bus": "yes",
        "highway": "bus_stop",
        "lit": "yes",
        "name": "P.za Venezia",
        "network": "ATAC",
        "network:wikidata": "Q530087",
        "network:wikipedia": "it:ATAC",
        "official_name": "Piazza Venezia",
        "operator": "ATAC",
        "public_transport": "platform",
        "ref": "74676",
        "shelter": "no",
        "tactile_paving": "no"
      },
      "geometry": {
        "type": "Point",
        "coordinates": [
          12.4819934,
          41.8946856
        ]
      },
      "id": "node/2512868944"
    },
    {
      "type": "Feature",
      "properties": {
        "@id": "node/2512868945",
        "bench": "no",
        "bin": "no",
        "bus": "yes",
        "highway": "bus_stop",
        "lit": "yes",
        "name": "P.za Venezia",
        "network": "ATAC",
        "network:wikidata": "Q530087",
        "network:wikipedia": "it:ATAC",
        "official_name": "Piazza Venezia",
        "operator": "ATAC",
        "public_transport": "platform",
        "ref": "74627",
        "shelter": "no",
        "tactile_paving": "yes"
      },
      "geometry": {
        "type": "Point",
        "coordinates": [
          12.4819428,
          41.8947542
        ]
      },
      "id": "node/2512868945"
    },
    {
      "type": "Feature",
      "properties": {
        "@id": "node/2512868946",
        "bench": "no",
        "bin": "yes",
        "bus": "yes",
        "highway": "bus_stop",
        "lit": "yes",
        "name": "P.za Venezia",
        "network": "ATAC",
        "network:wikidata": "Q530087",
        "network:wikipedia": "it:ATAC",
        "official_name": "Piazza Venezia",
        "operator": "ATAC",
        "public_transport": "platform",
        "ref": "72983",
        "shelter": "no",
        "tactile_paving": "no"
      },
      "geometry": {
        "type": "Point",
        "coordinates": [
          12.4818059,
          41.8950484
        ]
      },
      "id": "node/2512868946"
    },
    {
      "type": "Feature",
      "properties": {
        "@id": "node/2537266358",
        "addr:city": "Roma",
        "addr:country": "IT",
        "addr:housenumber": "23",
        "addr:postcode": "00185",
        "addr:street": "Via Carlo Cattaneo",
        "email": "downtown@hostelalessandro.com",
        "fax": "+39 06 49380534",
        "internet_access": "wlan",
        "internet_access:fee": "no",
        "name": "Alessandro Downtown Hostel",
        "phone": "+39 06 44340147",
        "tourism": "hostel",
        "website": "https://www.hostelsalessandro.com/"
      },
      "geometry": {
        "type": "Point",
        "coordinates": [
          12.5016464,
          41.8975447
        ]
      },
      "id": "node/2537266358"
    },
    {
      "type": "Feature",
      "properties": {
        "@id": "node/2537299956",
        "addr:city": "Roma",
        "addr:country": "IT",
        "addr:housenumber": "93a",
        "addr:postcode": "00184",
        "addr:street": "Via Cavour",
        "amenity": "ice_cream",
        "indoor_seating": "yes",
        "name": "Gelateria Santa Maria Maggiore",
        "opening_hours": "Mo-Su 12:00-00:00",
        "outdoor_seating": "yes",
        "phone": "+39 06 4744267"
      },
      "geometry": {
        "type": "Point",
        "coordinates": [
          12.4956393,
          41.8972071
        ]
      },
      "id": "node/2537299956"
    },
    {
      "type": "Feature",
      "properties": {
        "@id": "node/2537299968",
        "amenity": "drinking_water",
        "fountain": "nasone",
        "indoor": "no",
        "wikimedia_commons": "File:Nasone via mecenate, Roma, Italia Jun 30, 2022 06-19-16 PM.jpeg"
      },
      "geometry": {
        "type": "Point",
        "coordinates": [
          12.4987211,
          41.8911676
        ]
      },
      "id": "node/2537299968"
    },
    {
      "type": "Feature",
      "properties": {
        "@id": "node/2609205494",
        "amenity": "cafe",
        "name": "Antico Caffè Castellino",
        "shop": "tobacco"
      },
      "geometry": {
        "type": "Point",
        "coordinates": [
          12.4828151,
          41.8970252
        ]
      },
      "id": "node/2609205494"
    },
    {
      "type": "Feature",
      "properties": {
        "@id": "node/2612010515",
        "addr:city": "Roma",
        "addr:housenumber": "21",
        "addr:postcode": "00187",
        "addr:street": "Via della Cordonata",
        "amenity": "restaurant",
        "cuisine": "regional",
        "name": "Santa Cristina al Quirinale",
        "phone": "+39 06 69925485",
        "website": "https://www.ristorantesantacristinaalquirinale.it/"
      },
      "geometry": {
        "type": "Point",
        "coordinates": [
          12.4865038,
          41.8970924
        ]
      },
      "id": "node/2612010515"
    },
    {
      "type": "Feature",
      "properties": {
        "@id": "node/2629144988",
        "addr:housenumber": "255",
        "addr:street": "Via Panisperna",
        "amenity": "school",
        "name": "Istituto di Istruzione Superiore Cristoforo Colombo",
        "website": "https://www.iiscolomboroma.edu.it/",
        "wheelchair": "limited"
      },
      "geometry": {
        "type": "Point",
        "coordinates": [
          12.4897548,
          41.8961105
        ]
      },
      "id": "node/2629144988"
    },
    {
      "type": "Feature",
      "properties": {
        "@id": "node/2642837149",
        "addr:city": "Roma",
        "addr:country": "IT",
        "addr:housenumber": "213m",
        "addr:postcode": "00184",
        "addr:street": "Via Cavour",
        "email": "info@hotelpalatino.com",
        "name": "Grand Hotel Palatino",
        "phone": "+39 064814927",
        "tourism": "hotel",
        "website": "https://www.hotelpalatino.com/"
      },
      "geometry": {
        "type": "Point",
        "coordinates": [
          12.4923348,
          41.8945388
        ]
      },
      "id": "node/2642837149"
    },
    {
      "type": "Feature",
      "properties": {
        "@id": "node/2674141008",
        "historic": "archaeological_site",
        "name": "Basilica Hilariana",
        "website": "http://archeoroma.beniculturali.it/en/node/148",
        "wikidata": "Q3959538",
        "wikipedia": "it:Basiliche civili antiche di Roma"
      },
      "geometry": {
        "type": "Point",
        "coordinates": [
          12.4966238,
          41.8858204
        ]
      },
      "id": "node/2674141008"
    },
    {
      "type": "Feature",
      "properties": {
        "@id": "node/2724305949",
        "amenity": "drinking_water",
        "check_date": "2025-05-01",
        "fountain": "nasone",
        "wikimedia_commons": "File:Drinking fountain in Via San Giovanni in Laterano, Roma, Italia May 01, 2025 05-08-26 PM.jpg"
      },
      "geometry": {
        "type": "Point",
        "coordinates": [
          12.5020523,
          41.8877205
        ]
      },
      "id": "node/2724305949"
    },
    {
      "type": "Feature",
      "properties": {
        "@id": "node/2735002326",
        "addr:housenumber": "315",
        "amenity": "restaurant",
        "name": "Baires Imperiale",
        "phone": "+39 06 69202164"
      },
      "geometry": {
        "type": "Point",
        "coordinates": [
          12.4888985,
          41.8936579
        ]
      },
      "id": "node/2735002326"
    },
    {
      "type": "Feature",
      "properties": {
        "@id": "node/2774902833",
        "amenity": "bench",
        "backrest": "no",
        "colour": "white",
        "material": "stone",
        "seats": "2"
      },
      "geometry": {
        "type": "Point",
        "coordinates": [
          12.5009464,
          41.8899798
        ]
      },
      "id": "node/2774902833"
    },
    {
      "type": "Feature",
      "properties": {
        "@id": "node/2774902847",
        "amenity": "bench",
        "backrest": "no",
        "colour": "white",
        "material": "stone",
        "seats": "2"
      },
      "geometry": {
        "type": "Point",
        "coordinates": [
          12.5009062,
          41.8900142
        ]
      },
      "id": "node/2774902847"
    },
    {
      "type": "Feature",
      "properties": {
        "@id": "node/2774902855",
        "amenity": "bench",
        "backrest": "no",
        "colour": "white",
        "material": "stone",
        "seats": "2"
      },
      "geometry": {
        "type": "Point",
        "coordinates": [
          12.5009982,
          41.8900154
        ]
      },
      "id": "node/2774902855"
    },
    {
      "type": "Feature",
      "properties": {
        "@id": "node/2774902861",
        "amenity": "bench",
        "backrest": "no",
        "colour": "white",
        "material": "stone",
        "seats": "2"
      },
      "geometry": {
        "type": "Point",
        "coordinates": [
          12.5009567,
          41.8900503
        ]
      },
      "id": "node/2774902861"
    },
    {
      "type": "Feature",
      "properties": {
        "@id": "node/2774913566",
        "amenity": "bench"
      },
      "geometry": {
        "type": "Point",
        "coordinates": [
          12.501286,
          41.8937872
        ]
      },
      "id": "node/2774913566"
    },
    {
      "type": "Feature",
      "properties": {
        "@id": "node/2774913568",
        "amenity": "bench"
      },
      "geometry": {
        "type": "Point",
        "coordinates": [
          12.5012116,
          41.8937895
        ]
      },
      "id": "node/2774913568"
    },
    {
      "type": "Feature",
      "properties": {
        "@id": "node/2774913569",
        "amenity": "bench"
      },
      "geometry": {
        "type": "Point",
        "coordinates": [
          12.5012584,
          41.8938328
        ]
      },
      "id": "node/2774913569"
    },
    {
      "type": "Feature",
      "properties": {
        "@id": "node/2802085358",
        "addr:city": "Roma",
        "addr:housenumber": "15",
        "addr:postcode": "00184",
        "addr:street": "Via Claudia",
        "amenity": "restaurant",
        "cuisine": "italian;coffee_shop",
        "diet:gluten_free": "yes",
        "diet:vegan": "yes",
        "diet:vegetarian": "yes",
        "name": "Propaganda Italian Cusine",
        "opening_hours": "Mo-Su 10:00-24:00",
        "phone": "+39 392 1153233",
        "website": "https://www.propagandaitaliancuisine.it/"
      },
      "geometry": {
        "type": "Point",
        "coordinates": [
          12.4942035,
          41.8883302
        ]
      },
      "id": "node/2802085358"
    },
    {
      "type": "Feature",
      "properties": {
        "@id": "node/2871137980",
        "addr:city": "Roma",
        "addr:housenumber": "5,7",
        "addr:postcode": "00184",
        "addr:street": "Piazza di San Martino ai Monti",
        "amenity": "fast_food",
        "cuisine": "italian_pizza",
        "diet:vegan": "no",
        "diet:vegetarian": "yes",
        "email": "zizzipizza@gmail.com",
        "name": "Zizzi Pizza",
        "opening_hours": "Mo-Su 11:00-22:30",
        "phone": "+39 366 410 73 76",
        "website": "https://www.zizzipizza.com"
      },
      "geometry": {
        "type": "Point",
        "coordinates": [
          12.4975732,
          41.8953177
        ]
      },
      "id": "node/2871137980"
    },
    {
      "type": "Feature",
      "properties": {
        "@id": "node/2959672886",
        "car_sharing": "yes",
        "disabled": "yes",
        "emergency": "yes",
        "goods": "delivery",
        "hgv": "private",
        "man_made": "surveillance",
        "motorcar:conditional": "private @ (Mo-Fr 06:30-18:00; Sa 14:00-18:00)",
        "motorcycle": "yes",
        "name": "Varco ZTL",
        "psv": "yes",
        "surveillance": "outdoor",
        "taxi": "yes"
      },
      "geometry": {
        "type": "Point",
        "coordinates": [
          12.491385,
          41.8927689
        ]
      },
      "id": "node/2959672886"
    },
    {
      "type": "Feature",
      "properties": {
        "@id": "node/2959672887",
        "car_sharing": "yes",
        "disabled": "yes",
        "emergency": "yes",
        "goods": "delivery",
        "hgv": "private",
        "image": "https://www.flickr.com/photos/76225195@N07/15045664091/",
        "man_made": "surveillance",
        "motorcar:conditional": "private @ (Mo-Fr 06:30-18:00; Sa 14:00-18:00)",
        "motorcycle": "yes",
        "name": "Varco ZTL",
        "surveillance": "outdoor",
        "taxi": "yes"
      },
      "geometry": {
        "type": "Point",
        "coordinates": [
          12.4908834,
          41.8940947
        ]
      },
      "id": "node/2959672887"
    },
    {
      "type": "Feature",
      "properties": {
        "@id": "node/3052495269",
        "addr:city": "Roma",
        "addr:housenumber": "54",
        "addr:street": "Via Capo d'Africa",
        "name": "Hotel Capo d'Africa",
        "name:zh": "非洲角酒店",
        "tourism": "hotel"
      },
      "geometry": {
        "type": "Point",
        "coordinates": [
          12.497525,
          41.8884303
        ]
      },
      "id": "node/3052495269"
    },
    {
      "type": "Feature",
      "properties": {
        "@id": "node/3052495271",
        "addr:city": "Roma",
        "addr:housenumber": "24-24a",
        "addr:postcode": "00184",
        "addr:street": "Via dei Santi Quattro",
        "amenity": "restaurant",
        "cuisine": "pizza",
        "name": "Li Rioni",
        "website": "http://lirioni.it"
      },
      "geometry": {
        "type": "Point",
        "coordinates": [
          12.4978334,
          41.8886879
        ]
      },
      "id": "node/3052495271"
    },
    {
      "type": "Feature",
      "properties": {
        "@id": "node/3052495272",
        "amenity": "bank",
        "atm": "yes",
        "brand": "Banca Popolare di Sondrio",
        "brand:wikidata": "Q686176",
        "brand:wikipedia": "en:Banca Popolare di Sondrio",
        "name": "Banca Popolare di Sondrio"
      },
      "geometry": {
        "type": "Point",
        "coordinates": [
          12.4983068,
          41.888952
        ]
      },
      "id": "node/3052495272"
    },
    {
      "type": "Feature",
      "properties": {
        "@id": "node/3056141350",
        "amenity": "drinking_water",
        "fountain": "nasone",
        "wikimedia_commons": "File:Nasone Piazza della Consolazione, Roma, Italia Sep 08, 2021 06-22-13 PM.jpeg"
      },
      "geometry": {
        "type": "Point",
        "coordinates": [
          12.4821627,
          41.8911658
        ]
      },
      "id": "node/3056141350"
    },
    {
      "type": "Feature",
      "properties": {
        "@id": "node/3067591006",
        "addr:city": "Roma",
        "addr:country": "IT",
        "addr:housenumber": "72",
        "addr:postcode": "00184",
        "addr:street": "Via delle Terme di Tito",
        "air_conditioning": "yes",
        "amenity": "cafe",
        "bar": "yes",
        "fax": "+39 06 92595550",
        "indoor_seating": "yes",
        "internet_access": "wlan",
        "internet_access:fee": "customers",
        "name": "Oppio Caffè",
        "operator": "Domus s.r.l.",
        "outdoor_seating": "yes",
        "payment:cash": "yes",
        "payment:mastercard": "yes",
        "payment:notes": "yes",
        "payment:visa": "yes",
        "phone": "+39 06 4745262",
        "ref:vatin": "IT05858481004",
        "smoking": "outside",
        "website": "https://www.oppiocaffe.it/"
      },
      "geometry": {
        "type": "Point",
        "coordinates": [
          12.4927855,
          41.891496
        ]
      },
      "id": "node/3067591006"
    },
    {
      "type": "Feature",
      "properties": {
        "@id": "node/3098527529",
        "addr:city": "Roma",
        "addr:housenumber": "4",
        "addr:postcode": "00186",
        "addr:street": "Via della Consolazione",
        "amenity": "police",
        "name": "Comando Generale Polizia Locale di Roma Capitale"
      },
      "geometry": {
        "type": "Point",
        "coordinates": [
          12.4836811,
          41.8915185
        ]
      },
      "id": "node/3098527529"
    },
    {
      "type": "Feature",
      "properties": {
        "@id": "node/3098527531",
        "man_made": "water_well"
      },
      "geometry": {
        "type": "Point",
        "coordinates": [
          12.4835602,
          41.8913231
        ]
      },
      "id": "node/3098527531"
    },
    {
      "type": "Feature",
      "properties": {
        "@id": "node/3098527532",
        "amenity": "toilets"
      },
      "geometry": {
        "type": "Point",
        "coordinates": [
          12.4842211,
          41.8914664
        ]
      },
      "id": "node/3098527532"
    },
    {
      "type": "Feature",
      "properties": {
        "@id": "node/3098527533",
        "amenity": "drinking_water",
        "fountain": "nasone"
      },
      "geometry": {
        "type": "Point",
        "coordinates": [
          12.4841145,
          41.8915162
        ]
      },
      "id": "node/3098527533"
    },
    {
      "type": "Feature",
      "properties": {
        "@id": "node/3101353149",
        "addr:city": "Roma",
        "addr:housenumber": "9",
        "addr:postcode": "00184",
        "addr:street": "Via della Madonna dei Monti",
        "amenity": "restaurant",
        "cuisine": "italian",
        "name": "La Taverna dei Fori Imperiali",
        "website": "https://www.latavernadeiforiimperiali.com/"
      },
      "geometry": {
        "type": "Point",
        "coordinates": [
          12.4883814,
          41.8939729
        ]
      },
      "id": "node/3101353149"
    },
    {
      "type": "Feature",
      "properties": {
        "@id": "node/3161446978",
        "tourism": "viewpoint"
      },
      "geometry": {
        "type": "Point",
        "coordinates": [
          12.4912636,
          41.8914381
        ]
      },
      "id": "node/3161446978"
    },
    {
      "type": "Feature",
      "properties": {
        "@id": "node/3190061010",
        "addr:city": "Roma",
        "addr:country": "IT",
        "addr:housenumber": "17",
        "addr:postcode": "00184",
        "addr:street": "Via di San Martino ai Monti",
        "check_date": "2023-05-05",
        "email": "info@hoteltirrenoroma.it",
        "fax": "+39 06 4884095",
        "internet_access": "wlan",
        "internet_access:fee": "customers",
        "name": "Hotel Tirreno",
        "phone": "+39 06 4880778",
        "stars": "3",
        "tourism": "hotel",
        "website": "https://www.hoteltirrenoroma.it",
        "wheelchair": "no"
      },
      "geometry": {
        "type": "Point",
        "coordinates": [
          12.4982231,
          41.8955395
        ]
      },
      "id": "node/3190061010"
    },
    {
      "type": "Feature",
      "properties": {
        "@id": "node/3192164485",
        "addr:city": "Roma",
        "addr:housenumber": "11",
        "addr:postcode": "00187",
        "addr:street": "Via del Mancino",
        "name": "Dolce Vita Residence",
        "tourism": "hotel",
        "website": "http://www.dolcevitaresidence.com/"
      },
      "geometry": {
        "type": "Point",
        "coordinates": [
          12.4826359,
          41.8973694
        ]
      },
      "id": "node/3192164485"
    },
    {
      "type": "Feature",
      "properties": {
        "@id": "node/3202936380",
        "amenity": "toilets",
        "fee": "yes"
      },
      "geometry": {
        "type": "Point",
        "coordinates": [
          12.483894,
          41.896314
        ]
      },
      "id": "node/3202936380"
    },
    {
      "type": "Feature",
      "properties": {
        "@id": "node/3217327590",
        "addr:city": "Roma",
        "addr:housenumber": "65",
        "addr:postcode": "00186",
        "addr:street": "Via dei Cerchi",
        "amenity": "cafe",
        "contact:facebook": "https://www.facebook.com/075zerosettantacinque/",
        "contact:instagram": "https://www.instagram.com/zerosettantacinque/",
        "email": "info@075roma.com",
        "name": "075",
        "opening_hours": "Mo-Su 11:00-02:00",
        "phone": "+39 066875706",
        "website": "https://www.075roma.com/"
      },
      "geometry": {
        "type": "Point",
        "coordinates": [
          12.4839357,
          41.8879519
        ]
      },
      "id": "node/3217327590"
    },
    {
      "type": "Feature",
      "properties": {
        "@id": "node/3292538681",
        "guest_house": "bed_and_breakfast",
        "mobile": "+39 333 7329737",
        "name": "Rock Night B&B",
        "tourism": "guest_house"
      },
      "geometry": {
        "type": "Point",
        "coordinates": [
          12.4967721,
          41.8973571
        ]
      },
      "id": "node/3292538681"
    },
    {
      "type": "Feature",
      "properties": {
        "@id": "node/3310964446",
        "amenity": "library",
        "name": "Biblioteca della Società geografica italiana",
        "operator": "Società geografica italiana",
        "wikidata": "Q3639662",
        "wikipedia": "it:Biblioteca della Società geografica italiana"
      },
      "geometry": {
        "type": "Point",
        "coordinates": [
          12.4943191,
          41.8842572
        ]
      },
      "id": "node/3310964446"
    },
    {
      "type": "Feature",
      "properties": {
        "@id": "node/3320437843",
        "addr:housenumber": "26",
        "addr:street": "Via Capo d'Africa",
        "amenity": "bar",
        "indoor_seating": "yes",
        "name": "La Follia",
        "operator": "Dolce Calabria SAS di Morello Alessandra & C.",
        "outdoor_seating": "yes",
        "phone": "+39 06 45477438",
        "ref:vatin": "IT11279721002",
        "restaurant:type:it": "wine_bar",
        "shop": "pastry"
      },
      "geometry": {
        "type": "Point",
        "coordinates": [
          12.4952573,
          41.8888415
        ]
      },
      "id": "node/3320437843"
    },
    {
      "type": "Feature",
      "properties": {
        "@id": "node/3357511815",
        "addr:city": "Roma",
        "addr:housenumber": "5",
        "addr:postcode": "00186",
        "addr:street": "Via della Greca",
        "amenity": "library",
        "fax": "+39 06 67103414",
        "fixme": "position approximative",
        "name": "Biblioteca dell'Ufficio di Statistica",
        "opening_hours": "Mo 9:00-13:30; We 9:00-13:30; Th 9:00-13:30, 14:30-17:30",
        "operator": "Roma Capitale",
        "phone": "+39 06 67106998",
        "ref:isil": "IT-RM0164"
      },
      "geometry": {
        "type": "Point",
        "coordinates": [
          12.4819828,
          41.887724
        ]
      },
      "id": "node/3357511815"
    },
    {
      "type": "Feature",
      "properties": {
        "@id": "node/3412957318",
        "addr:city": "Roma",
        "addr:postcode": "00184",
        "addr:street": "Piazza degli Zingari",
        "name": "Residenza Leonina",
        "phone": "+39 06 48906885",
        "tourism": "hotel",
        "website": "http://www.residenzaleonina.com/"
      },
      "geometry": {
        "type": "Point",
        "coordinates": [
          12.4930219,
          41.8956379
        ]
      },
      "id": "node/3412957318"
    },
    {
      "type": "Feature",
      "properties": {
        "@id": "node/3412962045",
        "addr:city": "Roma",
        "addr:housenumber": "5",
        "addr:postcode": "00184",
        "addr:street": "Piazza degli Zingari",
        "amenity": "ice_cream",
        "check_date": "2025-09-15",
        "email": "info@gelateriafatamorgana.com",
        "name": "Fatamorgana",
        "name:de": "Fatamorgana Monti",
        "name:en": "Fatamorgana Monti",
        "name:it": "Fatamorgana Monti",
        "phone": "+39 06 48906955",
        "ref:vatin": "IT11788051008",
        "website": "http://www.gelateriafatamorgana.com/"
      },
      "geometry": {
        "type": "Point",
        "coordinates": [
          12.4932453,
          41.8956187
        ]
      },
      "id": "node/3412962045"
    },
    {
      "type": "Feature",
      "properties": {
        "@id": "node/3517484221",
        "amenity": "community_centre",
        "contact:website": "https://visiting.europarl.europa.eu/it/visitor-offer/other-locations/europa-experience/rome",
        "fee": "no",
        "name": "Esperienza Europa",
        "opening_hours": "Mo-Fr 10:00-19:00; Sa, Su 12:00-18:00",
        "operator": "Parlamento Europeo",
        "url": "https://insieme-per.eu/"
      },
      "geometry": {
        "type": "Point",
        "coordinates": [
          12.4828092,
          41.8965963
        ]
      },
      "id": "node/3517484221"
    },
    {
      "type": "Feature",
      "properties": {
        "@id": "node/3517484224",
        "addr:city": "Roma",
        "amenity": "bank",
        "atm": "yes",
        "brand": "Deutsche Bank",
        "brand:wikidata": "Q66048",
        "brand:wikipedia": "en:Deutsche Bank",
        "name": "Deutsche Bank",
        "wheelchair": "limited"
      },
      "geometry": {
        "type": "Point",
        "coordinates": [
          12.4831461,
          41.8971196
        ]
      },
      "id": "node/3517484224"
    },
    {
      "type": "Feature",
      "properties": {
        "@id": "node/3517497854",
        "addr:housenumber": "120",
        "addr:street": "Via Cesare Battisti",
        "amenity": "bank",
        "branch": "di Ferrara",
        "brand": "Sparkasse - Cassa di Risparmio",
        "brand:wikidata": "Q3661920",
        "name": "Sparkasse - Cassa di Risparmio",
        "name:de": "Sparkasse",
        "name:it": "Cassa di Risparmio",
        "official_name": "Südtiroler Sparkasse – Cassa di Risparmio di Bolzano"
      },
      "geometry": {
        "type": "Point",
        "coordinates": [
          12.4833179,
          41.8967018
        ]
      },
      "id": "node/3517497854"
    },
    {
      "type": "Feature",
      "properties": {
        "@id": "node/3531783467",
        "addr:city": "Roma",
        "addr:country": "IT",
        "addr:housenumber": "21",
        "addr:postcode": "00185",
        "addr:street": "Via Liberiana",
        "internet_access": "wlan",
        "internet_access:fee": "no",
        "name": "Hotel Antico Palazzo Rospigliosi",
        "smoking": "no",
        "smoking:outside": "yes",
        "stars": "4",
        "tourism": "hotel",
        "website": "https://www.hotelrospigliosi.com/"
      },
      "geometry": {
        "type": "Point",
        "coordinates": [
          12.4976311,
          41.8973734
        ]
      },
      "id": "node/3531783467"
    },
    {
      "type": "Feature",
      "properties": {
        "@id": "node/3545526107",
        "addr:city": "Roma",
        "addr:country": "IT",
        "addr:housenumber": "82a",
        "addr:postcode": "00184",
        "addr:street": "Via in Selci",
        "addr:suburb": "R. I Monti",
        "amenity": "monastery",
        "community": "OSC",
        "community:gender": "female",
        "community:it": "Clarisse",
        "contact:phone": "+39 06 4890 4163",
        "denomination": "catholic",
        "name": "Monastero di San Lorenzo in Panisperna",
        "religion": "christian"
      },
      "geometry": {
        "type": "Point",
        "coordinates": [
          12.4961039,
          41.8946376
        ]
      },
      "id": "node/3545526107"
    },
    {
      "type": "Feature",
      "properties": {
        "@id": "node/3548494475",
        "addr:city": "Roma",
        "addr:housenumber": "40",
        "addr:postcode": "00184",
        "addr:street": "Via di San Martino ai Monti",
        "amenity": "restaurant",
        "check_date": "2023-05-05",
        "cuisine": "italian",
        "name": "La Forchetta d'Oro",
        "opening_hours": "Mo-Su 09:00-18:00",
        "phone": "+39 06 48913153",
        "smoking": "no",
        "wheelchair": "yes"
      },
      "geometry": {
        "type": "Point",
        "coordinates": [
          12.4988338,
          41.8956306
        ]
      },
      "id": "node/3548494475"
    },
    {
      "type": "Feature",
      "properties": {
        "@id": "node/3552379258",
        "addr:city": "Roma",
        "addr:country": "IT",
        "addr:housenumber": "4",
        "addr:postcode": "00185",
        "addr:street": "Via Merulana",
        "internet_access": "yes",
        "name": "Hotel Doria",
        "smoking": "no",
        "stars": "3",
        "tourism": "hotel",
        "wheelchair": "no"
      },
      "geometry": {
        "type": "Point",
        "coordinates": [
          12.4995333,
          41.8966057
        ]
      },
      "id": "node/3552379258"
    },
    {
      "type": "Feature",
      "properties": {
        "@id": "node/3554601725",
        "addr:city": "Roma",
        "addr:country": "IT",
        "addr:housenumber": "117",
        "addr:postcode": "00184",
        "addr:street": "Via Cavour",
        "email": "info@hotelborromeo.com",
        "fax": "+39 06.4882541",
        "internet_access": "no",
        "name": "Hotel Borromeo",
        "phone": "+39 06.485856-06.4884915",
        "smoking": "no",
        "stars": "3",
        "tourism": "hotel",
        "website": "https://www.hotelborromeo.com/it"
      },
      "geometry": {
        "type": "Point",
        "coordinates": [
          12.4952916,
          41.8968509
        ]
      },
      "id": "node/3554601725"
    },
    {
      "type": "Feature",
      "properties": {
        "@id": "node/3554601726",
        "addr:city": "Roma",
        "addr:country": "IT",
        "addr:housenumber": "107",
        "addr:postcode": "00184",
        "addr:street": "Via Cavour",
        "amenity": "restaurant",
        "contact:mobile": "+39 380 2335813",
        "cuisine": "italian;pizza",
        "name": "Gallo matto",
        "opening_hours": "Mo-Su 11:00-23:00",
        "outdoor_seating": "yes",
        "phone": "+39 06 470354"
      },
      "geometry": {
        "type": "Point",
        "coordinates": [
          12.4954719,
          41.8970176
        ]
      },
      "id": "node/3554601726"
    },
    {
      "type": "Feature",
      "properties": {
        "@id": "node/3554607395",
        "addr:city": "Roma",
        "addr:country": "IT",
        "addr:housenumber": "86",
        "addr:postcode": "00184",
        "addr:street": "Via Leonina",
        "amenity": "restaurant",
        "cuisine": "italian",
        "name": "Ristorante Ragno d'Oro",
        "outdoor_seating": "yes",
        "phone": "+39 06 4882003",
        "wheelchair": "yes"
      },
      "geometry": {
        "type": "Point",
        "coordinates": [
          12.492441,
          41.8949731
        ]
      },
      "id": "node/3554607395"
    },
    {
      "type": "Feature",
      "properties": {
        "@id": "node/3579227531",
        "natural": "tree"
      },
      "geometry": {
        "type": "Point",
        "coordinates": [
          12.5009686,
          41.889967
        ]
      },
      "id": "node/3579227531"
    },
    {
      "type": "Feature",
      "properties": {
        "@id": "node/3579227532",
        "natural": "tree"
      },
      "geometry": {
        "type": "Point",
        "coordinates": [
          12.5009298,
          41.8899959
        ]
      },
      "id": "node/3579227532"
    },
    {
      "type": "Feature",
      "properties": {
        "@id": "node/3579227533",
        "natural": "tree"
      },
      "geometry": {
        "type": "Point",
        "coordinates": [
          12.5010196,
          41.8900001
        ]
      },
      "id": "node/3579227533"
    },
    {
      "type": "Feature",
      "properties": {
        "@id": "node/3579227535",
        "natural": "tree"
      },
      "geometry": {
        "type": "Point",
        "coordinates": [
          12.5009799,
          41.890029
        ]
      },
      "id": "node/3579227535"
    },
    {
      "type": "Feature",
      "properties": {
        "@id": "node/3579227537",
        "natural": "tree"
      },
      "geometry": {
        "type": "Point",
        "coordinates": [
          12.5008837,
          41.8900338
        ]
      },
      "id": "node/3579227537"
    },
    {
      "type": "Feature",
      "properties": {
        "@id": "node/3579227539",
        "natural": "tree"
      },
      "geometry": {
        "type": "Point",
        "coordinates": [
          12.5009346,
          41.8900657
        ]
      },
      "id": "node/3579227539"
    },
    {
      "type": "Feature",
      "properties": {
        "@id": "node/3633354808",
        "amenity": "cafe",
        "name": "La Biga al Colosseo"
      },
      "geometry": {
        "type": "Point",
        "coordinates": [
          12.4926515,
          41.8915086
        ]
      },
      "id": "node/3633354808"
    },
    {
      "type": "Feature",
      "properties": {
        "@id": "node/3651042854",
        "addr:city": "Roma",
        "addr:housenumber": "8",
        "addr:postcode": "00185",
        "addr:street": "Via Carlo Alberto",
        "email": "info@bbarthouse.it",
        "name": "Art House Bed & Breakfast",
        "phone": "+39 06 44 70 23 93",
        "source": "mapillary",
        "tourism": "guest_house",
        "website": "https://www.bbarthouse.it/"
      },
      "geometry": {
        "type": "Point",
        "coordinates": [
          12.5012696,
          41.8964739
        ]
      },
      "id": "node/3651042854"
    },
    {
      "type": "Feature",
      "properties": {
        "@id": "node/3658239261",
        "addr:city": "Roma",
        "addr:housenumber": "58",
        "addr:street": "Piazza dei Santi Apostoli",
        "amenity": "restaurant",
        "cuisine": "italian",
        "name": "Bibo",
        "operator": "IRIS Srl.",
        "phone": "+39 06 6782419",
        "ref:vatin": "IT01323061000"
      },
      "geometry": {
        "type": "Point",
        "coordinates": [
          12.4833635,
          41.8974063
        ]
      },
      "id": "node/3658239261"
    },
    {
      "type": "Feature",
      "properties": {
        "@id": "node/3658417486",
        "historic": "ruins",
        "name": "Mura serviane"
      },
      "geometry": {
        "type": "Point",
        "coordinates": [
          12.5013748,
          41.8938656
        ]
      },
      "id": "node/3658417486"
    },
    {
      "type": "Feature",
      "properties": {
        "@id": "node/3752381342",
        "amenity": "cafe",
        "indoor_seating": "yes",
        "name": "Caffe Veccia Roma",
        "outdoor_seating": "yes"
      },
      "geometry": {
        "type": "Point",
        "coordinates": [
          12.5020128,
          41.8876223
        ]
      },
      "id": "node/3752381342"
    },
    {
      "type": "Feature",
      "properties": {
        "@id": "node/3781269004",
        "addr:housenumber": "49",
        "addr:street": "Via degli Zingari",
        "amenity": "cafe",
        "name": "Libro Divino",
        "shop": "books"
      },
      "geometry": {
        "type": "Point",
        "coordinates": [
          12.4922245,
          41.8951986
        ]
      },
      "id": "node/3781269004"
    },
    {
      "type": "Feature",
      "properties": {
        "@id": "node/3781269005",
        "addr:housenumber": "1",
        "addr:street": "Via dei Serpenti",
        "amenity": "cafe",
        "name": "Daruma Sushi"
      },
      "geometry": {
        "type": "Point",
        "coordinates": [
          12.4905821,
          41.8949696
        ]
      },
      "id": "node/3781269005"
    },
    {
      "type": "Feature",
      "properties": {
        "@id": "node/3785014818",
        "amenity": "drinking_water"
      },
      "geometry": {
        "type": "Point",
        "coordinates": [
          12.4934389,
          41.8873381
        ]
      },
      "id": "node/3785014818"
    },
    {
      "type": "Feature",
      "properties": {
        "@id": "node/3786621294",
        "amenity": "drinking_water"
      },
      "geometry": {
        "type": "Point",
        "coordinates": [
          12.4927208,
          41.8867114
        ]
      },
      "id": "node/3786621294"
    },
    {
      "type": "Feature",
      "properties": {
        "@id": "node/3804823177",
        "addr:city": "Roma",
        "addr:housenumber": "14",
        "addr:postcode": "00185",
        "addr:street": "Largo Leopardi",
        "amenity": "restaurant",
        "check_date": "2026-03-29",
        "cuisine": "pizza;italian",
        "name": "Tempio di Mecenate",
        "opening_hours": "Mo-Su 12:30-00:00",
        "phone": "+39 06 4872653",
        "toilets": "yes",
        "toilets:wheelchair": "no",
        "website": "https://www.tempiodimecenate.it/"
      },
      "geometry": {
        "type": "Point",
        "coordinates": [
          12.5012021,
          41.8941828
        ]
      },
      "id": "node/3804823177"
    },
    {
      "type": "Feature",
      "properties": {
        "@id": "node/3809845157",
        "addr:city": "Roma",
        "addr:housenumber": "102",
        "addr:postcode": "00184",
        "addr:street": "Via Giovanni Lanza",
        "amenity": "restaurant",
        "check_date": "2025-07-17",
        "cuisine": "italian",
        "indoor_seating": "yes",
        "name": "Sapori e Delizie",
        "opening_hours": "We-Mo 12:30-22:00",
        "outdoor_seating": "yes"
      },
      "geometry": {
        "type": "Point",
        "coordinates": [
          12.498925,
          41.8949097
        ]
      },
      "id": "node/3809845157"
    },
    {
      "type": "Feature",
      "properties": {
        "@id": "node/3809848207",
        "addr:city": "Roma",
        "addr:housenumber": "268",
        "addr:postcode": "00184",
        "addr:street": "Via Cavour",
        "amenity": "restaurant",
        "internet_access": "wlan",
        "name": "La Base",
        "opening_hours": "Mo-Su 12:00-05:00",
        "website": "http://www.labaseristorante.it"
      },
      "geometry": {
        "type": "Point",
        "coordinates": [
          12.4900761,
          41.8937525
        ]
      },
      "id": "node/3809848207"
    },
    {
      "type": "Feature",
      "properties": {
        "@id": "node/3813732072",
        "amenity": "bench",
        "backrest": "yes"
      },
      "geometry": {
        "type": "Point",
        "coordinates": [
          12.4974821,
          41.8923468
        ]
      },
      "id": "node/3813732072"
    },
    {
      "type": "Feature",
      "properties": {
        "@id": "node/3813732074",
        "amenity": "bench",
        "backrest": "yes"
      },
      "geometry": {
        "type": "Point",
        "coordinates": [
          12.4975346,
          41.892395
        ]
      },
      "id": "node/3813732074"
    },
    {
      "type": "Feature",
      "properties": {
        "@id": "node/3813732075",
        "amenity": "bench",
        "backrest": "yes"
      },
      "geometry": {
        "type": "Point",
        "coordinates": [
          12.4975871,
          41.8924415
        ]
      },
      "id": "node/3813732075"
    },
    {
      "type": "Feature",
      "properties": {
        "@id": "node/3878100134",
        "addr:city": "Roma",
        "addr:country": "IT",
        "addr:housenumber": "157",
        "addr:postcode": "00184",
        "addr:street": "Via di Santa Maria Maggiore",
        "amenity": "restaurant",
        "cuisine": "pizza",
        "name": "La Mela D'Oro",
        "opening_hours": "Mo-Su 12:00-00:00",
        "phone": "+39 06 487 1405",
        "website": "https://www.ristorantelameladoro.it/"
      },
      "geometry": {
        "type": "Point",
        "coordinates": [
          12.4965232,
          41.8973581
        ]
      },
      "id": "node/3878100134"
    },
    {
      "type": "Feature",
      "properties": {
        "@id": "node/3878100135",
        "addr:city": "Roma",
        "addr:country": "IT",
        "addr:housenumber": "85/c",
        "addr:postcode": "00184",
        "addr:street": "Via Cavour",
        "amenity": "restaurant",
        "cuisine": "pizza",
        "name": "Ristorente Pizzeria L'esquilino Bar"
      },
      "geometry": {
        "type": "Point",
        "coordinates": [
          12.4960407,
          41.8975514
        ]
      },
      "id": "node/3878100135"
    },
    {
      "type": "Feature",
      "properties": {
        "@id": "node/3909073672",
        "addr:housenumber": "165",
        "addr:street": "Via dei Serpenti",
        "amenity": "cafe",
        "name": "La Licata",
        "outdoor_seating": "yes",
        "website": "https://barlalicata.it/"
      },
      "geometry": {
        "type": "Point",
        "coordinates": [
          12.490883,
          41.8946396
        ]
      },
      "id": "node/3909073672"
    },
    {
      "type": "Feature",
      "properties": {
        "@id": "node/3958307160",
        "denotation": "avenue",
        "natural": "tree"
      },
      "geometry": {
        "type": "Point",
        "coordinates": [
          12.5014749,
          41.8926987
        ]
      },
      "id": "node/3958307160"
    },
    {
      "type": "Feature",
      "properties": {
        "@id": "node/3958307162",
        "denotation": "avenue",
        "natural": "tree"
      },
      "geometry": {
        "type": "Point",
        "coordinates": [
          12.5015644,
          41.892805
        ]
      },
      "id": "node/3958307162"
    },
    {
      "type": "Feature",
      "properties": {
        "@id": "node/3958307163",
        "denotation": "avenue",
        "leaf_type": "broadleaved",
        "natural": "tree"
      },
      "geometry": {
        "type": "Point",
        "coordinates": [
          12.501395,
          41.8928249
        ]
      },
      "id": "node/3958307163"
    },
    {
      "type": "Feature",
      "properties": {
        "@id": "node/3958307164",
        "denotation": "avenue",
        "natural": "tree"
      },
      "geometry": {
        "type": "Point",
        "coordinates": [
          12.5014991,
          41.8929312
        ]
      },
      "id": "node/3958307164"
    },
    {
      "type": "Feature",
      "properties": {
        "@id": "node/3958307165",
        "denotation": "avenue",
        "natural": "tree"
      },
      "geometry": {
        "type": "Point",
        "coordinates": [
          12.5013229,
          41.89296
        ]
      },
      "id": "node/3958307165"
    },
    {
      "type": "Feature",
      "properties": {
        "@id": "node/3958307166",
        "denotation": "avenue",
        "natural": "tree"
      },
      "geometry": {
        "type": "Point",
        "coordinates": [
          12.5014577,
          41.8929917
        ]
      },
      "id": "node/3958307166"
    },
    {
      "type": "Feature",
      "properties": {
        "@id": "node/3958307167",
        "denotation": "avenue",
        "natural": "tree"
      },
      "geometry": {
        "type": "Point",
        "coordinates": [
          12.5014283,
          41.8930533
        ]
      },
      "id": "node/3958307167"
    },
    {
      "type": "Feature",
      "properties": {
        "@id": "node/3958307168",
        "denotation": "avenue",
        "natural": "tree"
      },
      "geometry": {
        "type": "Point",
        "coordinates": [
          12.5012562,
          41.8930692
        ]
      },
      "id": "node/3958307168"
    },
    {
      "type": "Feature",
      "properties": {
        "@id": "node/3958307169",
        "denotation": "avenue",
        "natural": "tree"
      },
      "geometry": {
        "type": "Point",
        "coordinates": [
          12.501387,
          41.8930931
        ]
      },
      "id": "node/3958307169"
    },
    {
      "type": "Feature",
      "properties": {
        "@id": "node/3958307170",
        "denotation": "avenue",
        "natural": "tree"
      },
      "geometry": {
        "type": "Point",
        "coordinates": [
          12.5011974,
          41.8931668
        ]
      },
      "id": "node/3958307170"
    },
    {
      "type": "Feature",
      "properties": {
        "@id": "node/3958307171",
        "denotation": "avenue",
        "natural": "tree"
      },
      "geometry": {
        "type": "Point",
        "coordinates": [
          12.5013415,
          41.8932046
        ]
      },
      "id": "node/3958307171"
    },
    {
      "type": "Feature",
      "properties": {
        "@id": "node/3958307172",
        "denotation": "avenue",
        "natural": "tree"
      },
      "geometry": {
        "type": "Point",
        "coordinates": [
          12.5011547,
          41.8932463
        ]
      },
      "id": "node/3958307172"
    },
    {
      "type": "Feature",
      "properties": {
        "@id": "node/3958307173",
        "denotation": "avenue",
        "natural": "tree"
      },
      "geometry": {
        "type": "Point",
        "coordinates": [
          12.5012908,
          41.89329
        ]
      },
      "id": "node/3958307173"
    },
    {
      "type": "Feature",
      "properties": {
        "@id": "node/3958307174",
        "denotation": "avenue",
        "natural": "tree"
      },
      "geometry": {
        "type": "Point",
        "coordinates": [
          12.5011321,
          41.8932967
        ]
      },
      "id": "node/3958307174"
    },
    {
      "type": "Feature",
      "properties": {
        "@id": "node/3958307175",
        "denotation": "avenue",
        "natural": "tree"
      },
      "geometry": {
        "type": "Point",
        "coordinates": [
          12.5010907,
          41.8933595
        ]
      },
      "id": "node/3958307175"
    },
    {
      "type": "Feature",
      "properties": {
        "@id": "node/3958307176",
        "denotation": "avenue",
        "natural": "tree"
      },
      "geometry": {
        "type": "Point",
        "coordinates": [
          12.5012481,
          41.8933595
        ]
      },
      "id": "node/3958307176"
    },
    {
      "type": "Feature",
      "properties": {
        "@id": "node/3958307180",
        "denotation": "avenue",
        "natural": "tree"
      },
      "geometry": {
        "type": "Point",
        "coordinates": [
          12.501032,
          41.8934437
        ]
      },
      "id": "node/3958307180"
    },
    {
      "type": "Feature",
      "properties": {
        "@id": "node/3958307182",
        "denotation": "avenue",
        "natural": "tree"
      },
      "geometry": {
        "type": "Point",
        "coordinates": [
          12.5011974,
          41.8934509
        ]
      },
      "id": "node/3958307182"
    },
    {
      "type": "Feature",
      "properties": {
        "@id": "node/3958307187",
        "denotation": "avenue",
        "natural": "tree"
      },
      "geometry": {
        "type": "Point",
        "coordinates": [
          12.5009119,
          41.8936695
        ]
      },
      "id": "node/3958307187"
    },
    {
      "type": "Feature",
      "properties": {
        "@id": "node/3958307189",
        "denotation": "avenue",
        "natural": "tree"
      },
      "geometry": {
        "type": "Point",
        "coordinates": [
          12.5010933,
          41.8937032
        ]
      },
      "id": "node/3958307189"
    },
    {
      "type": "Feature",
      "properties": {
        "@id": "node/3958307190",
        "denotation": "avenue",
        "natural": "tree"
      },
      "geometry": {
        "type": "Point",
        "coordinates": [
          12.5008612,
          41.8937668
        ]
      },
      "id": "node/3958307190"
    },
    {
      "type": "Feature",
      "properties": {
        "@id": "node/3958307191",
        "denotation": "avenue",
        "natural": "tree"
      },
      "geometry": {
        "type": "Point",
        "coordinates": [
          12.5010213,
          41.8938264
        ]
      },
      "id": "node/3958307191"
    },
    {
      "type": "Feature",
      "properties": {
        "@id": "node/3958307192",
        "denotation": "avenue",
        "natural": "tree"
      },
      "geometry": {
        "type": "Point",
        "coordinates": [
          12.5007811,
          41.8938979
        ]
      },
      "id": "node/3958307192"
    },
    {
      "type": "Feature",
      "properties": {
        "@id": "node/3958307193",
        "denotation": "avenue",
        "natural": "tree"
      },
      "geometry": {
        "type": "Point",
        "coordinates": [
          12.5009572,
          41.8939277
        ]
      },
      "id": "node/3958307193"
    },
    {
      "type": "Feature",
      "properties": {
        "@id": "node/3958307194",
        "denotation": "avenue",
        "natural": "tree"
      },
      "geometry": {
        "type": "Point",
        "coordinates": [
          12.5008825,
          41.8940608
        ]
      },
      "id": "node/3958307194"
    },
    {
      "type": "Feature",
      "properties": {
        "@id": "node/3958307197",
        "denotation": "avenue",
        "natural": "tree"
      },
      "geometry": {
        "type": "Point",
        "coordinates": [
          12.5006904,
          41.8943588
        ]
      },
      "id": "node/3958307197"
    },
    {
      "type": "Feature",
      "properties": {
        "@id": "node/3958307198",
        "denotation": "avenue",
        "natural": "tree"
      },
      "geometry": {
        "type": "Point",
        "coordinates": [
          12.5004768,
          41.8944582
        ]
      },
      "id": "node/3958307198"
    },
    {
      "type": "Feature",
      "properties": {
        "@id": "node/3958307199",
        "denotation": "avenue",
        "natural": "tree"
      },
      "geometry": {
        "type": "Point",
        "coordinates": [
          12.500605,
          41.8945019
        ]
      },
      "id": "node/3958307199"
    },
    {
      "type": "Feature",
      "properties": {
        "@id": "node/4086844227",
        "addr:city": "Roma",
        "addr:housenumber": "19-21",
        "addr:postcode": "00184",
        "addr:street": "Via Mecenate",
        "amenity": "restaurant",
        "cuisine": "italian",
        "name": "Trattoria Morgana",
        "website": "https://www.trattoriamorgana.com/"
      },
      "geometry": {
        "type": "Point",
        "coordinates": [
          12.5006929,
          41.8930626
        ]
      },
      "id": "node/4086844227"
    },
    {
      "type": "Feature",
      "properties": {
        "@id": "node/4150894848",
        "addr:city": "Roma",
        "addr:housenumber": "31",
        "addr:postcode": "00185",
        "addr:street": "Via Carlo Alberto",
        "email": "info@hotelportafortuna.com",
        "fax": "+39 06 49 77 14 77",
        "name": "Hotel Portafortuna",
        "phone": "+39 06 44 52 338",
        "stars": "1",
        "tourism": "hotel"
      },
      "geometry": {
        "type": "Point",
        "coordinates": [
          12.5006218,
          41.8964526
        ]
      },
      "id": "node/4150894848"
    },
    {
      "type": "Feature",
      "properties": {
        "@id": "node/4153864000",
        "addr:street": "Via Cavour",
        "internet_access": "wlan",
        "name": "Downtown Accommodation",
        "tourism": "hotel"
      },
      "geometry": {
        "type": "Point",
        "coordinates": [
          12.4903407,
          41.8940717
        ]
      },
      "id": "node/4153864000"
    },
    {
      "type": "Feature",
      "properties": {
        "@id": "node/4155899391",
        "addr:housenumber": "337",
        "addr:street": "Via Cavour",
        "amenity": "ice_cream",
        "indoor_seating": "no",
        "name": "Flor Gelato",
        "outdoor_seating": "no",
        "shop": "confectionery",
        "takeaway": "only"
      },
      "geometry": {
        "type": "Point",
        "coordinates": [
          12.4885228,
          41.8935761
        ]
      },
      "id": "node/4155899391"
    },
    {
      "type": "Feature",
      "properties": {
        "@id": "node/4171282722",
        "amenity": "school",
        "name": "UNIDROIT"
      },
      "geometry": {
        "type": "Point",
        "coordinates": [
          12.4877889,
          41.8962446
        ]
      },
      "id": "node/4171282722"
    },
    {
      "type": "Feature",
      "properties": {
        "@id": "node/4187907890",
        "addr:housenumber": "114",
        "addr:street": "Via del Plebiscito",
        "amenity": "cafe",
        "name": "Erzinio Food"
      },
      "geometry": {
        "type": "Point",
        "coordinates": [
          12.4815449,
          41.8966538
        ]
      },
      "id": "node/4187907890"
    },
    {
      "type": "Feature",
      "properties": {
        "@id": "node/4187908391",
        "addr:housenumber": "145",
        "addr:street": "Via Quattro Novembre",
        "amenity": "restaurant",
        "name": "Scilla e Cariddi"
      },
      "geometry": {
        "type": "Point",
        "coordinates": [
          12.4853107,
          41.8971384
        ]
      },
      "id": "node/4187908391"
    },
    {
      "type": "Feature",
      "properties": {
        "@id": "node/4187946889",
        "addr:housenumber": "6",
        "addr:street": "Via Magnanapoli",
        "amenity": "restaurant",
        "check_date": "2024-12-22",
        "name": "Ristorante Melo"
      },
      "geometry": {
        "type": "Point",
        "coordinates": [
          12.4853235,
          41.8961559
        ]
      },
      "id": "node/4187946889"
    },
    {
      "type": "Feature",
      "properties": {
        "@id": "node/4187982251",
        "addr:housenumber": "7/9",
        "addr:street": "Via del Mancino",
        "amenity": "restaurant",
        "cuisine": "italian",
        "name": "Ristorante La Cabana",
        "opening_hours": "Mo-Su 12:30-15:00, 19:00-23:30",
        "website": "http://cabana.it"
      },
      "geometry": {
        "type": "Point",
        "coordinates": [
          12.482652,
          41.8974198
        ]
      },
      "id": "node/4187982251"
    },
    {
      "type": "Feature",
      "properties": {
        "@id": "node/4192923989",
        "addr:housenumber": "1",
        "addr:street": "Via del Velabro",
        "amenity": "bar",
        "cuisine": "italian",
        "description": "Lounge, Bar, Lunch, Dinner",
        "email": "animamundiroma@gmail.com",
        "internet_access": "wlan",
        "name": "Anima Mundi",
        "opening_hours": "Mo-Su 10:00-02:00",
        "phone": "+39 06 96030061",
        "website": "https://www.animamundiroma.it/",
        "wheelchair": "yes"
      },
      "geometry": {
        "type": "Point",
        "coordinates": [
          12.4835302,
          41.8893924
        ]
      },
      "id": "node/4192923989"
    },
    {
      "type": "Feature",
      "properties": {
        "@id": "node/4196310489",
        "addr:housenumber": "130",
        "addr:street": "Via dei Serpenti",
        "email": "info@anfiteatroflavio.com",
        "internet_access": "wlan",
        "name": "Hotel Anfiteatro Flavio",
        "phone": "+39 06 4740704",
        "tourism": "hotel",
        "website": "https://www.anfiteatroflavio.com/"
      },
      "geometry": {
        "type": "Point",
        "coordinates": [
          12.4904876,
          41.8958641
        ]
      },
      "id": "node/4196310489"
    },
    {
      "type": "Feature",
      "properties": {
        "@id": "node/4197712796",
        "addr:city": "Roma",
        "addr:country": "IT",
        "addr:housenumber": "134",
        "addr:postcode": "00184",
        "addr:street": "Via Cavour",
        "name": "Hotel Valle",
        "opening_hours": "24/7",
        "phone": "+39 06 4815736",
        "tourism": "hotel",
        "website": "https://www.therelaxinghotels.com/"
      },
      "geometry": {
        "type": "Point",
        "coordinates": [
          12.4955746,
          41.8968015
        ]
      },
      "id": "node/4197712796"
    },
    {
      "type": "Feature",
      "properties": {
        "@id": "node/4198185289",
        "addr:housenumber": "4",
        "addr:street": "Piazzale Caffarelli",
        "amenity": "restaurant",
        "diet:vegetarian": "yes",
        "indoor_seating": "yes",
        "level": "2",
        "name": "La Terrazza Caffarelli",
        "outdoor_seating": "roof",
        "payment:credit_cards": "yes",
        "payment:debit_cards": "yes"
      },
      "geometry": {
        "type": "Point",
        "coordinates": [
          12.481981,
          41.8925924
        ]
      },
      "id": "node/4198185289"
    },
    {
      "type": "Feature",
      "properties": {
        "@id": "node/4213342389",
        "addr:city": "Roma",
        "addr:country": "IT",
        "addr:housenumber": "7",
        "addr:postcode": "00187",
        "addr:street": "Vicolo del Piombo",
        "email": "info@domuslibera.com",
        "name": "Domus Libera",
        "phone": "+39 06 89012699",
        "tourism": "hotel",
        "website": "https://www.domuslibera.com/"
      },
      "geometry": {
        "type": "Point",
        "coordinates": [
          12.4823103,
          41.8973818
        ]
      },
      "id": "node/4213342389"
    },
    {
      "type": "Feature",
      "properties": {
        "@id": "node/4216565054",
        "addr:city": "Roma",
        "addr:housenumber": "118",
        "addr:postcode": "00184",
        "addr:street": "Via di San Giovanni in Laterano",
        "amenity": "fast_food",
        "cuisine": "pizza",
        "name": "Pizza Rustica",
        "opening_hours": "09:00-24:00",
        "takeaway": "yes",
        "wifi": "customers"
      },
      "geometry": {
        "type": "Point",
        "coordinates": [
          12.4977116,
          41.8889886
        ]
      },
      "id": "node/4216565054"
    },
    {
      "type": "Feature",
      "properties": {
        "@id": "node/4225145890",
        "addr:housenumber": "214",
        "addr:street": "Via Panisperna",
        "amenity": "restaurant",
        "cuisine": "italian",
        "name": "La carbonara",
        "opening_hours": "Mo-Su 12:30-14:30, 19:00-20:00, 22:00-23:00"
      },
      "geometry": {
        "type": "Point",
        "coordinates": [
          12.4920258,
          41.8965566
        ]
      },
      "id": "node/4225145890"
    },
    {
      "type": "Feature",
      "properties": {
        "@id": "node/4247538389",
        "addr:city": "Roma",
        "addr:country": "IT",
        "addr:housenumber": "20",
        "addr:postcode": "00184",
        "addr:street": "Via dell'Amba Aradam",
        "email": "info@lateranoguesthouse.com",
        "internet_access": "wlan",
        "internet_access:fee": "no",
        "name": "Laterano Guest house",
        "opening_hours": "24/7",
        "payment:american_express": "yes",
        "payment:cash": "yes",
        "payment:mastercard": "yes",
        "payment:visa": "yes",
        "smoking": "no",
        "tourism": "guest_house",
        "website": "http://www.lateranoguesthouse.com/it"
      },
      "geometry": {
        "type": "Point",
        "coordinates": [
          12.5005413,
          41.8841445
        ]
      },
      "id": "node/4247538389"
    },
    {
      "type": "Feature",
      "properties": {
        "@id": "node/4250958790",
        "addr:housenumber": "46",
        "addr:postcode": "00184",
        "addr:street": "Via Leonina",
        "amenity": "marketplace",
        "email": "info@mercatomonti.com",
        "name": "Mercato di Monti",
        "opening_hours": "Sa-Su 10:00-20:00",
        "tourism": "attraction",
        "website": "https://www.mercatomonti.com/"
      },
      "geometry": {
        "type": "Point",
        "coordinates": [
          12.4927629,
          41.8947131
        ]
      },
      "id": "node/4250958790"
    },
    {
      "type": "Feature",
      "properties": {
        "@id": "node/4260275091",
        "addr:housenumber": "138",
        "addr:street": "Via Quattro Novembre",
        "amenity": "bar",
        "name": "Nag's Head",
        "opening_hours": "Mo-Su 12:00-04:00"
      },
      "geometry": {
        "type": "Point",
        "coordinates": [
          12.4845518,
          41.8972902
        ]
      },
      "id": "node/4260275091"
    },
    {
      "type": "Feature",
      "properties": {
        "@id": "node/4267020493",
        "addr:city": "Roma",
        "addr:country": "IT",
        "addr:housenumber": "211",
        "addr:postcode": "00184",
        "addr:street": "Via Cavour",
        "email": "info@cavourforumsuites.com",
        "internet_access": "wlan",
        "name": "Cavour Forum Suites",
        "phone": "+39 06 4820361",
        "phone:mobile": "+39 333 9873733",
        "tourism": "guest_house",
        "website": "https://www.cavourforumsuites.com/"
      },
      "geometry": {
        "type": "Point",
        "coordinates": [
          12.4929957,
          41.8947103
        ]
      },
      "id": "node/4267020493"
    },
    {
      "type": "Feature",
      "properties": {
        "@id": "node/4268275513",
        "addr:city": "Roma",
        "addr:housenumber": "15",
        "addr:postcode": "00184",
        "addr:street": "Via dell'Angeletto",
        "amenity": "ice_cream",
        "diet:gluten_free": "yes",
        "diet:vegan": "yes",
        "diet:vegetarian": "yes",
        "name": "Gelateria dell' Angeletto",
        "phone": "+39064874760",
        "website": "https://gelateriadellangeletto.com/"
      },
      "geometry": {
        "type": "Point",
        "coordinates": [
          12.4915124,
          41.8947942
        ]
      },
      "id": "node/4268275513"
    },
    {
      "type": "Feature",
      "properties": {
        "@id": "node/4269910891",
        "amenity": "pharmacy",
        "healthcare": "pharmacy"
      },
      "geometry": {
        "type": "Point",
        "coordinates": [
          12.4910032,
          41.8938776
        ]
      },
      "id": "node/4269910891"
    },
    {
      "type": "Feature",
      "properties": {
        "@id": "node/4281742390",
        "access": "private",
        "amenity": "fountain"
      },
      "geometry": {
        "type": "Point",
        "coordinates": [
          12.4948158,
          41.8897924
        ]
      },
      "id": "node/4281742390"
    },
    {
      "type": "Feature",
      "properties": {
        "@id": "node/4283577498",
        "amenity": "restaurant",
        "email": "prenota@tavernadeiquaranta.com",
        "name": "La Taverna dei Quaranta",
        "phone": "+39 067000550"
      },
      "geometry": {
        "type": "Point",
        "coordinates": [
          12.4943826,
          41.8879516
        ]
      },
      "id": "node/4283577498"
    },
    {
      "type": "Feature",
      "properties": {
        "@id": "node/4283615592",
        "addr:city": "Roma",
        "addr:housenumber": "6",
        "addr:postcode": "00184",
        "addr:street": "Via Capo d'Africa",
        "amenity": "restaurant",
        "indoor_seating": "yes",
        "name": "Osteria Angelino dal 1899",
        "opening_hours": "11:00-24:00",
        "outdoor_seating": "yes"
      },
      "geometry": {
        "type": "Point",
        "coordinates": [
          12.4943005,
          41.8890198
        ]
      },
      "id": "node/4283615592"
    },
    {
      "type": "Feature",
      "properties": {
        "@id": "node/4283666390",
        "addr:housenumber": "42",
        "addr:street": "Via Baccina",
        "amenity": "fast_food",
        "cuisine": "pasta;italian",
        "name": "Pasta Chef street food"
      },
      "geometry": {
        "type": "Point",
        "coordinates": [
          12.4896716,
          41.8947485
        ]
      },
      "id": "node/4283666390"
    },
    {
      "type": "Feature",
      "properties": {
        "@id": "node/4283669389",
        "addr:housenumber": "42",
        "addr:street": "Via Baccina",
        "amenity": "fast_food",
        "name": "Pasta chef street food"
      },
      "geometry": {
        "type": "Point",
        "coordinates": [
          12.4879372,
          41.8944085
        ]
      },
      "id": "node/4283669389"
    },
    {
      "type": "Feature",
      "properties": {
        "@id": "node/4286156934",
        "addr:city": "Roma",
        "addr:housenumber": "4",
        "addr:postcode": "00184",
        "addr:street": "Via dei Capocci",
        "amenity": "restaurant",
        "name": "Trattoria Il Tettarello"
      },
      "geometry": {
        "type": "Point",
        "coordinates": [
          12.4931432,
          41.8957483
        ]
      },
      "id": "node/4286156934"
    },
    {
      "type": "Feature",
      "properties": {
        "@id": "node/4290115126",
        "addr:city": "Roma",
        "addr:housenumber": "14",
        "addr:postcode": "00184",
        "addr:street": "Via Leonina",
        "check_date": "2024-08-28",
        "name": "Hotel Duca d'Alba",
        "tourism": "hotel",
        "website": "https://www.hotelducadalba.com/"
      },
      "geometry": {
        "type": "Point",
        "coordinates": [
          12.4918097,
          41.8947885
        ]
      },
      "id": "node/4290115126"
    },
    {
      "type": "Feature",
      "properties": {
        "@id": "node/4340336304",
        "addr:housenumber": "36",
        "addr:street": "Via degli Zingari",
        "amenity": "cafe",
        "indoor_seating": "yes",
        "name": "Libreria Caffè Bohemien",
        "outdoor_seating": "yes"
      },
      "geometry": {
        "type": "Point",
        "coordinates": [
          12.4927403,
          41.895285
        ]
      },
      "id": "node/4340336304"
    },
    {
      "type": "Feature",
      "properties": {
        "@id": "node/4346348114",
        "addr:housenumber": "2-6",
        "addr:postcode": "00184",
        "addr:street": "Largo Corrado Ricci",
        "amenity": "restaurant",
        "name": "Massenzio Ai Fori",
        "phone": "+39 06 6790706"
      },
      "geometry": {
        "type": "Point",
        "coordinates": [
          12.4883283,
          41.8936003
        ]
      },
      "id": "node/4346348114"
    },
    {
      "type": "Feature",
      "properties": {
        "@id": "node/4351386397",
        "amenity": "post_box",
        "operator": "Poste Italiane",
        "operator:wikidata": "Q495026"
      },
      "geometry": {
        "type": "Point",
        "coordinates": [
          12.5012731,
          41.8935936
        ]
      },
      "id": "node/4351386397"
    },
    {
      "type": "Feature",
      "properties": {
        "@id": "node/4352098389",
        "addr:housenumber": "15",
        "addr:street": "Via Frangipane",
        "amenity": "fast_food",
        "cuisine": "italian;lasagna",
        "diet:vegetarian": "yes",
        "internet_access": "wlan",
        "name": "LasaGnaM Colosseo",
        "opening_hours": "Mo-Fr 10:30-16:00; Sa-Su 10:00-16:00",
        "website": "https://lasagnam.it/"
      },
      "geometry": {
        "type": "Point",
        "coordinates": [
          12.489851,
          41.893174
        ]
      },
      "id": "node/4352098389"
    },
    {
      "type": "Feature",
      "properties": {
        "@id": "node/4359137989",
        "addr:city": "Roma",
        "addr:country": "IT",
        "addr:housenumber": "73",
        "addr:postcode": "00184",
        "addr:street": "Via del Boschetto",
        "amenity": "restaurant",
        "name": "Satiro"
      },
      "geometry": {
        "type": "Point",
        "coordinates": [
          12.4906156,
          41.8967965
        ]
      },
      "id": "node/4359137989"
    },
    {
      "type": "Feature",
      "properties": {
        "@id": "node/4367948894",
        "addr:housenumber": "80",
        "addr:postcode": "00184",
        "addr:street": "Via delle Terme di Tito",
        "amenity": "pub",
        "brand": "BrewDog",
        "brand:wikidata": "Q911367",
        "brand:wikipedia": "en:BrewDog",
        "name": "BrewDog Roma",
        "name:en": "BrewDog Rome",
        "name:it": "BrewDog Roma",
        "opening_hours": "Su-Th 12:00-01:00; Fr-Sa 12 : 00-02 : 00"
      },
      "geometry": {
        "type": "Point",
        "coordinates": [
          12.4929546,
          41.8917617
        ]
      },
      "id": "node/4367948894"
    },
    {
      "type": "Feature",
      "properties": {
        "@id": "node/4370076890",
        "amenity": "restaurant",
        "name": "InRoma Restaurant"
      },
      "geometry": {
        "type": "Point",
        "coordinates": [
          12.4826135,
          41.8908565
        ]
      },
      "id": "node/4370076890"
    },
    {
      "type": "Feature",
      "properties": {
        "@id": "node/4376017562",
        "addr:city": "Roma",
        "addr:country": "IT",
        "addr:housenumber": "1",
        "addr:postcode": "00186",
        "addr:street": "Piazza Venezia",
        "description": "collezione: tele dal XV al XVIII secolo,sculture, pastelli, miniature, rilievi in terracotta, avori, bronzetti, tessuti, arazzi e tappeti.",
        "email": "pm-laz@beniculturali.it",
        "fee": "yes",
        "name": "Museo Nazionale del Palazzo di Venezia",
        "opening_hours": "Tu-Su 08:30-19:30; Mo off; Jan 1 off; May 1 off; Dec 25 off",
        "operator": "Ministero della Cultura",
        "operator:type": "public",
        "phone": "+39 06 6780131",
        "tourism": "museum",
        "website": "http://museopalazzovenezia.beniculturali.it/index.php?it/1/home",
        "wheelchair": "yes",
        "wikidata": "Q1954305",
        "wikimedia_commons": "Category:Museo nazionale del Palazzo di Venezia",
        "wikipedia": "it:Museo nazionale del Palazzo di Venezia"
      },
      "geometry": {
        "type": "Point",
        "coordinates": [
          12.4815341,
          41.8963664
        ]
      },
      "id": "node/4376017562"
    },
    {
      "type": "Feature",
      "properties": {
        "@id": "node/4377755228",
        "amenity": "atm",
        "brand": "Euronet",
        "brand:wikidata": "Q5412010",
        "brand:wikipedia": "en:Euronet Worldwide",
        "check_date": "2021-11-01",
        "drive_through": "no",
        "name": "Euronet",
        "operator": "Euronet",
        "operator:wikidata": "Q5412010",
        "operator:wikipedia": "en:Euronet Worldwide"
      },
      "geometry": {
        "type": "Point",
        "coordinates": [
          12.4891075,
          41.8934959
        ]
      },
      "id": "node/4377755228"
    },
    {
      "type": "Feature",
      "properties": {
        "@id": "node/4390242293",
        "addr:housenumber": "3",
        "addr:postcode": "00184",
        "addr:street": "Via dell'Angeletto",
        "amenity": "restaurant",
        "name": "Gli Angeletti",
        "name:it": "Gli Angeletti"
      },
      "geometry": {
        "type": "Point",
        "coordinates": [
          12.4912917,
          41.8948062
        ]
      },
      "id": "node/4390242293"
    },
    {
      "type": "Feature",
      "properties": {
        "@id": "node/4391753291",
        "addr:housenumber": "20",
        "addr:street": "Viale Aventino",
        "amenity": "restaurant",
        "cuisine": "italian",
        "internet_access": "wlan",
        "name": "Max Roma",
        "name:it": "Max Roma",
        "outdoor_seating": "yes",
        "wheelchair": "limited"
      },
      "geometry": {
        "type": "Point",
        "coordinates": [
          12.4872387,
          41.8833046
        ]
      },
      "id": "node/4391753291"
    },
    {
      "type": "Feature",
      "properties": {
        "@id": "node/4394361989",
        "addr:street": "Viale Aventino",
        "amenity": "bar",
        "cuisine": "italian",
        "name": "Bar Circo Massimo",
        "name:it": "Bar Circo Massimo"
      },
      "geometry": {
        "type": "Point",
        "coordinates": [
          12.4873351,
          41.8833093
        ]
      },
      "id": "node/4394361989"
    },
    {
      "type": "Feature",
      "properties": {
        "@id": "node/4398568389",
        "addr:city": "Roma",
        "addr:country": "IT",
        "addr:floor": "0",
        "addr:housenumber": "50",
        "addr:postcode": "00184",
        "addr:street": "Via di San Martino ai Monti",
        "amenity": "restaurant",
        "check_date": "2026-03-27",
        "cuisine": "italian;pizza",
        "internet_access": "wlan",
        "internet_access:fee": "no",
        "level": "0",
        "name": "Il Brigantino",
        "opening_hours": "Tu 12:00-15:30, 18:00-23:30; We-Fr 12:00-23:30; Sa-Su 18:00-23:30",
        "payment:cash": "yes",
        "payment:credit_cards": "yes",
        "payment:debit_cards": "yes",
        "phone": "+39 06 4745074",
        "toilets": "yes",
        "website": "https://www.brigantinopizzeria.it/"
      },
      "geometry": {
        "type": "Point",
        "coordinates": [
          12.4983785,
          41.8954669
        ]
      },
      "id": "node/4398568389"
    },
    {
      "type": "Feature",
      "properties": {
        "@id": "node/4411623690",
        "addr:city": "Roma",
        "addr:housenumber": "82",
        "addr:postcode": "00184",
        "addr:street": "Via Leonina",
        "amenity": "fast_food",
        "cuisine": "burger",
        "name": "Burgez",
        "opening_hours": "Su-Th 12:00-15:00,18:00-23:00, Fr,Sa 12:00-15:00,18:00-24:00",
        "phone": "+39 06 69363154",
        "website": "https://Burgez.com"
      },
      "geometry": {
        "type": "Point",
        "coordinates": [
          12.4914442,
          41.8946585
        ]
      },
      "id": "node/4411623690"
    },
    {
      "type": "Feature",
      "properties": {
        "@id": "node/4416272926",
        "access": "private",
        "addr:housenumber": "27",
        "addr:street": "Via Liberiana",
        "entrance": "yes",
        "historic": "epigraph",
        "inscription": "Benedictvs XIV P.M.",
        "surveillance": "yes"
      },
      "geometry": {
        "type": "Point",
        "coordinates": [
          12.4984317,
          41.8971673
        ]
      },
      "id": "node/4416272926"
    },
    {
      "type": "Feature",
      "properties": {
        "@id": "node/4417002391",
        "addr:housenumber": "5",
        "addr:street": "Via del Colosseo",
        "amenity": "restaurant",
        "cuisine": "italian",
        "email": "iarithevino@hotmail.com",
        "internet_access": "wlan",
        "name": "Iari the Vino",
        "name:it": "Iari the Vino",
        "name:ru": "ресторан Iari the Vino",
        "opening_hours": "Mo-Su 12:00-24:00",
        "phone": "+39 06 69191069",
        "toilets:wheelchair": "no"
      },
      "geometry": {
        "type": "Point",
        "coordinates": [
          12.4893338,
          41.892913
        ]
      },
      "id": "node/4417002391"
    },
    {
      "type": "Feature",
      "properties": {
        "@id": "node/4418927289",
        "addr:housenumber": "10",
        "addr:postcode": "00184",
        "addr:street": "Via Ostilia",
        "amenity": "cafe",
        "cuisine": "italian",
        "email": "fabio@landgroup.it",
        "internet_access": "wlan",
        "name": "Pane&Vino",
        "name:en": "Pane&Vino",
        "name:it": "Pane&Vino",
        "opening_hours": "Mo-Su 10:30-17:30",
        "operator": "Fabio",
        "website": "http://Facebook.com/colosseopanevino"
      },
      "geometry": {
        "type": "Point",
        "coordinates": [
          12.4953218,
          41.8891411
        ]
      },
      "id": "node/4418927289"
    },
    {
      "type": "Feature",
      "properties": {
        "@id": "node/4437731608",
        "amenity": "toilets",
        "check_date": "2022-12-21",
        "fee": "no"
      },
      "geometry": {
        "type": "Point",
        "coordinates": [
          12.4885351,
          41.8882949
        ]
      },
      "id": "node/4437731608"
    },
    {
      "type": "Feature",
      "properties": {
        "@id": "node/4453659542",
        "addr:city": "Roma",
        "addr:country": "IT",
        "addr:housenumber": "207",
        "addr:postcode": "00184",
        "addr:street": "Via Cavour",
        "amenity": "cafe",
        "cuisine": "breakfast",
        "indoor_seating": "yes",
        "name": "Venezia",
        "outdoor_seating": "yes"
      },
      "geometry": {
        "type": "Point",
        "coordinates": [
          12.4931693,
          41.8947745
        ]
      },
      "id": "node/4453659542"
    },
    {
      "type": "Feature",
      "properties": {
        "@id": "node/4454057394",
        "addr:city": "Roma",
        "addr:country": "IT",
        "addr:housenumber": "13",
        "addr:postcode": "00185",
        "addr:street": "Via Carlo Alberto",
        "email": "info@bluehostel.it",
        "fax": "+39 06 92913490",
        "internet_access": "wlan",
        "internet_access:fee": "customers",
        "name": "Blue Hostel",
        "phone": "+39 340 9258503",
        "rooms": "3",
        "tourism": "hostel",
        "website": "https://www.bluehostel.it/"
      },
      "geometry": {
        "type": "Point",
        "coordinates": [
          12.5002704,
          41.8965869
        ]
      },
      "id": "node/4454057394"
    },
    {
      "type": "Feature",
      "properties": {
        "@id": "node/4455036143",
        "amenity": "restaurant",
        "check_date": "2025-05-01",
        "coffee:brand": "Profili",
        "cuisine": "pizza;italian;steak_house",
        "name": "Chicco di grano",
        "phone": "+39 06 47825033"
      },
      "geometry": {
        "type": "Point",
        "coordinates": [
          12.4913558,
          41.8951657
        ]
      },
      "id": "node/4455036143"
    },
    {
      "type": "Feature",
      "properties": {
        "@id": "node/4455036144",
        "addr:city": "Roma",
        "addr:postcode": "00184",
        "amenity": "cafe",
        "name": "Civico 4"
      },
      "geometry": {
        "type": "Point",
        "coordinates": [
          12.4911788,
          41.8951228
        ]
      },
      "id": "node/4455036144"
    },
    {
      "type": "Feature",
      "properties": {
        "@id": "node/4455036145",
        "addr:city": "Roma",
        "addr:country": "IT",
        "addr:housenumber": "287",
        "addr:postcode": "00185",
        "addr:street": "Via Merulana",
        "amenity": "cafe",
        "cuisine": "italian;sandwich;ice_cream",
        "diet:vegan": "no",
        "diet:vegetarian": "yes",
        "name": "Cottini",
        "opening_hours": "Mo-Su 05:00-21:30",
        "phone": "+39 06 4882135"
      },
      "geometry": {
        "type": "Point",
        "coordinates": [
          12.499129,
          41.896678
        ]
      },
      "id": "node/4455036145"
    },
    {
      "type": "Feature",
      "properties": {
        "@id": "node/4455036146",
        "addr:city": "Roma",
        "addr:housenumber": "43",
        "addr:postcode": "00184",
        "addr:street": "Via dell'Olmata",
        "amenity": "pub",
        "name": "Fiddler's Elbow",
        "opening_hours": "Mo-Fr 17:00-02:00; Sa-Su 15:00-02:00",
        "phone": "+39 06 4872110",
        "start_date": "1976",
        "website": "https://thefiddlerselbow.wordpress.com"
      },
      "geometry": {
        "type": "Point",
        "coordinates": [
          12.4972782,
          41.8963129
        ]
      },
      "id": "node/4455036146"
    },
    {
      "type": "Feature",
      "properties": {
        "@id": "node/4455036149",
        "addr:housenumber": "93",
        "addr:postcode": "00184",
        "addr:street": "Via Urbana",
        "check_date": "2025-03-24",
        "name": "Dharma Botique",
        "stars": "3",
        "tourism": "hotel",
        "website": "http://dharmagroup.it/hotel/dharma-boutique"
      },
      "geometry": {
        "type": "Point",
        "coordinates": [
          12.4934681,
          41.8958406
        ]
      },
      "id": "node/4455036149"
    },
    {
      "type": "Feature",
      "properties": {
        "@id": "node/4455036150",
        "addr:city": "Roma",
        "addr:housenumber": "18",
        "addr:postcode": "00184",
        "addr:street": "Via Liberiana",
        "amenity": "restaurant",
        "check_date": "2025-09-02",
        "cuisine": "italian;pizza",
        "email": "info@leduecolonne.it",
        "name": "Le 2 Colonne",
        "name:en": "The 2 Columns",
        "opening_hours": "Mo-Su 07:30-23:00",
        "phone": "+39 06 4881237",
        "ref:tobacco": "169",
        "shop": "tobacco",
        "website": "http://www.leduecolonne.it"
      },
      "geometry": {
        "type": "Point",
        "coordinates": [
          12.4979414,
          41.8971146
        ]
      },
      "id": "node/4455036150"
    },
    {
      "type": "Feature",
      "properties": {
        "@id": "node/4455036152",
        "addr:city": "Roma",
        "addr:country": "IT",
        "addr:housenumber": "94",
        "addr:postcode": "00184",
        "addr:street": "Via Urbana",
        "amenity": "cafe",
        "check_date": "2025-03-24",
        "indoor_seating": "yes",
        "name": "Monti",
        "outdoor_seating": "yes",
        "payment:cash": "yes",
        "payment:credit_cards": "yes",
        "payment:debit_cards": "yes",
        "phone": "+39 06 481 7091",
        "wheelchair": "yes"
      },
      "geometry": {
        "type": "Point",
        "coordinates": [
          12.4936456,
          41.8958257
        ]
      },
      "id": "node/4455036152"
    },
    {
      "type": "Feature",
      "properties": {
        "@id": "node/4455036153",
        "addr:city": "Roma",
        "addr:country": "IT",
        "addr:housenumber": "66",
        "addr:postcode": "00184",
        "addr:street": "Via Urbana",
        "amenity": "restaurant",
        "name": "Osteria della Suburra"
      },
      "geometry": {
        "type": "Point",
        "coordinates": [
          12.4931892,
          41.8951353
        ]
      },
      "id": "node/4455036153"
    },
    {
      "type": "Feature",
      "properties": {
        "@id": "node/4455036165",
        "amenity": "bar"
      },
      "geometry": {
        "type": "Point",
        "coordinates": [
          12.496511,
          41.896442
        ]
      },
      "id": "node/4455036165"
    },
    {
      "type": "Feature",
      "properties": {
        "@id": "node/4455036167",
        "addr:city": "Roma",
        "addr:housenumber": "7/a",
        "addr:postcode": "00186",
        "addr:street": "Piazza di Santa Maria Maggiore",
        "amenity": "cafe",
        "name": "Nivis",
        "phone": "+39 06 4465863",
        "ref:vatin": "IT15873321002"
      },
      "geometry": {
        "type": "Point",
        "coordinates": [
          12.4996408,
          41.896905
        ]
      },
      "id": "node/4455036167"
    },
    {
      "type": "Feature",
      "properties": {
        "@id": "node/4523011482",
        "addr:city": "Roma",
        "addr:housenumber": "3",
        "addr:postcode": "00184",
        "addr:street": "Piazza della Madonna dei Monti",
        "internet_access": "wlan",
        "name": "Casa Santa Sofia",
        "phone": "+39 391 4825 122",
        "tourism": "hotel",
        "website": "http://www.casasantasofia.it"
      },
      "geometry": {
        "type": "Point",
        "coordinates": [
          12.4909325,
          41.8950708
        ]
      },
      "id": "node/4523011482"
    },
    {
      "type": "Feature",
      "properties": {
        "@id": "node/4530240090",
        "addr:housenumber": "4",
        "addr:street": "Via dell'Amba Aradam",
        "amenity": "cafe",
        "name": "So&So"
      },
      "geometry": {
        "type": "Point",
        "coordinates": [
          12.4994735,
          41.8833852
        ]
      },
      "id": "node/4530240090"
    },
    {
      "type": "Feature",
      "properties": {
        "@id": "node/4556016298",
        "addr:housenumber": "4",
        "addr:postcode": "00184",
        "addr:street": "Via Ostilia",
        "air_conditioning": "yes",
        "amenity": "restaurant",
        "cuisine": "regional",
        "facebook": "Divin-Ostilia-Wine-Bar-847778075304057",
        "lgbtq": "no",
        "name": "Divin Ostilia",
        "name:it": "Divin Ostilia",
        "opening_hours": "Mo-Su 12:00-01:00",
        "operator": "Anastasio Stefano",
        "ref:vatin": "IT08631471003"
      },
      "geometry": {
        "type": "Point",
        "coordinates": [
          12.4954434,
          41.8895287
        ]
      },
      "id": "node/4556016298"
    },
    {
      "type": "Feature",
      "properties": {
        "@id": "node/4573901189",
        "addr:housenumber": "74",
        "addr:postcode": "00186",
        "addr:street": "Via di San Teodoro",
        "amenity": "marketplace",
        "indoor": "yes",
        "name": "Mercato di Campagna Amica Circo Massimo",
        "opening_hours": "Sa-Su 08:00-15:00",
        "website": "https://www.campagnamica.it/la-nostra-rete/mercato/mercato-di-campagna-amica-al-circo-massimo-di-roma/"
      },
      "geometry": {
        "type": "Point",
        "coordinates": [
          12.4832248,
          41.888817
        ]
      },
      "id": "node/4573901189"
    },
    {
      "type": "Feature",
      "properties": {
        "@id": "node/4605604305",
        "addr:city": "Roma",
        "addr:housenumber": "112",
        "addr:postcode": "00184",
        "addr:street": "Via del Boschetto",
        "amenity": "restaurant",
        "cuisine": "pasta;salad;piadina",
        "name": "Pasta Imperiale",
        "opening_hours": "Mo-Su 11:00-23:00",
        "operator": "Pasta Imperiale Monti Srl.",
        "phone": "+39 06 8913 1619",
        "ref:vatin": "IT13207361000",
        "takeaway": "yes",
        "website": "https://www.pastaimperiale.com/"
      },
      "geometry": {
        "type": "Point",
        "coordinates": [
          12.4912643,
          41.8953691
        ]
      },
      "id": "node/4605604305"
    },
    {
      "type": "Feature",
      "properties": {
        "@id": "node/4612178508",
        "addr:city": "Roma",
        "addr:housenumber": "12",
        "addr:postcode": "00184",
        "addr:street": "Piazza di Santa Maria Maggiore",
        "addr:unit": "10",
        "name": "Blam Holiday",
        "opening_hours": "24/7",
        "operator": "Alice",
        "tourism": "guest_house",
        "website": "https://airbnb.com/s?host_id=704676"
      },
      "geometry": {
        "type": "Point",
        "coordinates": [
          12.4989801,
          41.8967972
        ]
      },
      "id": "node/4612178508"
    },
    {
      "type": "Feature",
      "properties": {
        "@id": "node/4664316290",
        "addr:city": "Roma",
        "addr:country": "IT",
        "addr:housenumber": "26",
        "addr:postcode": "00185",
        "addr:street": "Via Carlo Alberto",
        "amenity": "restaurant",
        "cuisine": "italian",
        "name": "Ristorante La Vecchia Conca",
        "source": "mapillary",
        "wheelchair": "no"
      },
      "geometry": {
        "type": "Point",
        "coordinates": [
          12.5024071,
          41.8958175
        ]
      },
      "id": "node/4664316290"
    },
    {
      "type": "Feature",
      "properties": {
        "@id": "node/4664316294",
        "amenity": "motorcycle_parking",
        "covered": "no",
        "source": "mapillary"
      },
      "geometry": {
        "type": "Point",
        "coordinates": [
          12.5019077,
          41.8960026
        ]
      },
      "id": "node/4664316294"
    },
    {
      "type": "Feature",
      "properties": {
        "@id": "node/4664316296",
        "amenity": "post_box",
        "operator": "Poste Italiane",
        "operator:wikidata": "Q495026",
        "source": "mapillary"
      },
      "geometry": {
        "type": "Point",
        "coordinates": [
          12.502007,
          41.8960088
        ]
      },
      "id": "node/4664316296"
    },
    {
      "type": "Feature",
      "properties": {
        "@id": "node/4664316301",
        "addr:city": "Roma",
        "addr:country": "IT",
        "addr:housenumber": "12",
        "addr:postcode": "00185",
        "addr:street": "Via Carlo Alberto",
        "amenity": "cafe",
        "name": "Bar Stella",
        "phone": "+39 06 48913309",
        "source": "mapillary"
      },
      "geometry": {
        "type": "Point",
        "coordinates": [
          12.5016647,
          41.8962325
        ]
      },
      "id": "node/4664316301"
    },
    {
      "type": "Feature",
      "properties": {
        "@id": "node/4664316302",
        "addr:city": "Roma",
        "addr:country": "IT",
        "addr:housenumber": "12/a",
        "addr:postcode": "00185",
        "addr:street": "Via Carlo Alberto",
        "amenity": "pharmacy",
        "dispensing": "no",
        "healthcare": "pharmacy",
        "name": "Parafarmacia Fei"
      },
      "geometry": {
        "type": "Point",
        "coordinates": [
          12.5017259,
          41.8961937
        ]
      },
      "id": "node/4664316302"
    },
    {
      "type": "Feature",
      "properties": {
        "@id": "node/4664316303",
        "addr:city": "Roma",
        "addr:country": "IT",
        "addr:housenumber": "6/a",
        "addr:postcode": "00185",
        "addr:street": "Via Carlo Alberto",
        "amenity": "bank",
        "atm": "yes",
        "brand": "Banca Popolare di Sondrio",
        "brand:wikidata": "Q686176",
        "brand:wikipedia": "en:Banca Popolare di Sondrio",
        "fax": "+39 06 44 65 584",
        "name": "Banca Popolare di Sondrio",
        "opening_hours": "Mo-Fr 08:30-13:30, 14:45-15:45; PH off",
        "phone": "+39 06 49 27 151",
        "source": "mapillary",
        "website": "https://www.popso.it/"
      },
      "geometry": {
        "type": "Point",
        "coordinates": [
          12.5011439,
          41.89652
        ]
      },
      "id": "node/4664316303"
    },
    {
      "type": "Feature",
      "properties": {
        "@id": "node/4664316304",
        "amenity": "motorcycle_parking",
        "covered": "no",
        "source": "mapillary"
      },
      "geometry": {
        "type": "Point",
        "coordinates": [
          12.5009913,
          41.8965171
        ]
      },
      "id": "node/4664316304"
    },
    {
      "type": "Feature",
      "properties": {
        "@id": "node/4664316305",
        "addr:city": "Roma",
        "addr:housenumber": "4/b",
        "addr:postcode": "00185",
        "addr:street": "Via Carlo Alberto",
        "contact:facebook": "https://www.facebook.com/people/Hotel-DEste-Roma/100072331900810/",
        "email": "hoteldeste@gmail.com",
        "fax": "+39 06 4465601",
        "internet_access": "wlan",
        "internet_access:fee": "no",
        "name": "Hotel D'Este",
        "phone": "+39 06 4465607",
        "ref:vatin": "IT08304001004",
        "rooms": "37",
        "source": "mapillary",
        "stars": "3",
        "tourism": "hotel",
        "website": "https://www.hoteldesterome.com/"
      },
      "geometry": {
        "type": "Point",
        "coordinates": [
          12.5009665,
          41.8965976
        ]
      },
      "id": "node/4664316305"
    },
    {
      "type": "Feature",
      "properties": {
        "@id": "node/4664316306",
        "addr:city": "Roma",
        "addr:housenumber": "4",
        "addr:postcode": "00185",
        "addr:street": "Via Carlo Alberto",
        "fax": "+39 06 4465522",
        "internet_access": "wlan",
        "internet_access:fee": "no",
        "name": "Hotel Montreal",
        "phone": "+39 06 4457797",
        "source": "mapillary",
        "stars": "3",
        "tourism": "hotel",
        "website": "http://www.hotelmontrealrome.com"
      },
      "geometry": {
        "type": "Point",
        "coordinates": [
          12.5008656,
          41.8966905
        ]
      },
      "id": "node/4664316306"
    },
    {
      "type": "Feature",
      "properties": {
        "@id": "node/4664316307",
        "amenity": "vending_machine",
        "check_date": "2024-01-01",
        "covered": "no",
        "indoor": "no",
        "manufacturer": "Parkeon",
        "ref": "B77",
        "source": "mapillary",
        "vending": "parking_tickets"
      },
      "geometry": {
        "type": "Point",
        "coordinates": [
          12.5007676,
          41.8966909
        ]
      },
      "id": "node/4664316307"
    },
    {
      "type": "Feature",
      "properties": {
        "@id": "node/4664316316",
        "addr:city": "Roma",
        "addr:country": "IT",
        "addr:housenumber": "2/b",
        "addr:postcode": "00185",
        "addr:street": "Via Carlo Alberto",
        "amenity": "bank",
        "atm": "yes",
        "brand": "Banca Popolare di Milano",
        "brand:wikidata": "Q806154",
        "fax": "+39 06 4465547",
        "name": "Banca Popolare di Milano",
        "opening_hours": "Mo-Fr 08:30-13:30, 14:45-15:45; PH off",
        "phone": "+39 06 44 65 547",
        "source": "mapillary",
        "website": "http://www.bpm.it/it-com/contatti/richiesta-appuntamento.html?sceglifiliale=01013"
      },
      "geometry": {
        "type": "Point",
        "coordinates": [
          12.5001362,
          41.8970747
        ]
      },
      "id": "node/4664316316"
    },
    {
      "type": "Feature",
      "properties": {
        "@id": "node/4664316323",
        "amenity": "clock",
        "check_date": "2024-07-01",
        "display": "analog",
        "support": "pole"
      },
      "geometry": {
        "type": "Point",
        "coordinates": [
          12.4992716,
          41.8975481
        ]
      },
      "id": "node/4664316323"
    },
    {
      "type": "Feature",
      "properties": {
        "@id": "node/4664316329",
        "amenity": "clock",
        "check_date": "2025-01-01",
        "display": "analog",
        "support": "pole"
      },
      "geometry": {
        "type": "Point",
        "coordinates": [
          12.4988841,
          41.8968939
        ]
      },
      "id": "node/4664316329"
    },
    {
      "type": "Feature",
      "properties": {
        "@id": "node/4664414723",
        "amenity": "clock",
        "display": "analog",
        "source": "mapillary",
        "support": "pole"
      },
      "geometry": {
        "type": "Point",
        "coordinates": [
          12.4997059,
          41.8961677
        ]
      },
      "id": "node/4664414723"
    },
    {
      "type": "Feature",
      "properties": {
        "@id": "node/4664414729",
        "amenity": "clock",
        "display": "analog",
        "source": "mapillary",
        "support": "pole"
      },
      "geometry": {
        "type": "Point",
        "coordinates": [
          12.4999674,
          41.8956903
        ]
      },
      "id": "node/4664414729"
    },
    {
      "type": "Feature",
      "properties": {
        "@id": "node/4664414732",
        "addr:city": "Roma",
        "addr:housenumber": "28/a",
        "addr:postcode": "00185",
        "addr:street": "Via Merulana",
        "amenity": "restaurant",
        "cuisine": "pizza",
        "name": "Pizzeria Europa",
        "source": "mapillary"
      },
      "geometry": {
        "type": "Point",
        "coordinates": [
          12.5000829,
          41.895646
        ]
      },
      "id": "node/4664414732"
    },
    {
      "type": "Feature",
      "properties": {
        "@id": "node/4664414735",
        "addr:city": "Roma",
        "addr:country": "IT",
        "addr:housenumber": "65",
        "addr:postcode": "00184",
        "addr:street": "Largo Brancaccio",
        "amenity": "pharmacy",
        "check_date": "2026-03-28",
        "healthcare": "pharmacy",
        "name": "Farmacia Tioli",
        "phone": "+39 06 4872733"
      },
      "geometry": {
        "type": "Point",
        "coordinates": [
          12.4997541,
          41.8951603
        ]
      },
      "id": "node/4664414735"
    },
    {
      "type": "Feature",
      "properties": {
        "@id": "node/4664809889",
        "addr:housenumber": "1a",
        "addr:postcode": "00184",
        "addr:street": "Largo Angelicum",
        "amenity": "restaurant",
        "cuisine": "italian",
        "name": "Madre Rome",
        "opening_hours": "Mo-Su 07:00-02:00",
        "phone": "+39 39066789046",
        "website": "http://www.madreroma.com"
      },
      "geometry": {
        "type": "Point",
        "coordinates": [
          12.4872412,
          41.8962112
        ]
      },
      "id": "node/4664809889"
    },
    {
      "type": "Feature",
      "properties": {
        "@id": "node/4665494279",
        "amenity": "motorcycle_parking",
        "covered": "no",
        "source": "bing"
      },
      "geometry": {
        "type": "Point",
        "coordinates": [
          12.5015554,
          41.8939311
        ]
      },
      "id": "node/4665494279"
    },
    {
      "type": "Feature",
      "properties": {
        "@id": "node/4665494280",
        "amenity": "motorcycle_parking",
        "capacity": "8",
        "covered": "no",
        "source": "bing"
      },
      "geometry": {
        "type": "Point",
        "coordinates": [
          12.5017912,
          41.8940105
        ]
      },
      "id": "node/4665494280"
    },
    {
      "type": "Feature",
      "properties": {
        "@id": "node/4665494281",
        "amenity": "motorcycle_parking",
        "covered": "no",
        "source": "bing"
      },
      "geometry": {
        "type": "Point",
        "coordinates": [
          12.5017271,
          41.8941679
        ]
      },
      "id": "node/4665494281"
    },
    {
      "type": "Feature",
      "properties": {
        "@id": "node/4665495193",
        "amenity": "motorcycle_parking",
        "covered": "no",
        "source": "bing"
      },
      "geometry": {
        "type": "Point",
        "coordinates": [
          12.5022506,
          41.8936892
        ]
      },
      "id": "node/4665495193"
    },
    {
      "type": "Feature",
      "properties": {
        "@id": "node/4665495212",
        "amenity": "motorcycle_parking",
        "source": "bing"
      },
      "geometry": {
        "type": "Point",
        "coordinates": [
          12.5020501,
          41.8930911
        ]
      },
      "id": "node/4665495212"
    },
    {
      "type": "Feature",
      "properties": {
        "@id": "node/4665495311",
        "addr:city": "Roma",
        "amenity": "fuel",
        "brand": "Tamoil",
        "brand:wikidata": "Q706793",
        "brand:wikipedia": "en:Tamoil",
        "fuel:diesel": "yes",
        "fuel:petrol": "yes",
        "full_service": "yes",
        "name": "Tamoil",
        "operator": "Trotta Emilio Daniel",
        "ref:mise": "21227",
        "self_service": "yes"
      },
      "geometry": {
        "type": "Point",
        "coordinates": [
          12.5022893,
          41.8911599
        ]
      },
      "id": "node/4665495311"
    },
    {
      "type": "Feature",
      "properties": {
        "@id": "node/4681723455",
        "addr:city": "Roma",
        "addr:housenumber": "48",
        "addr:postcode": "00186",
        "addr:street": "Via di San Teodoro",
        "internet_access": "wlan",
        "name": "Kolbe",
        "phone": "+39 06 679 8866",
        "tourism": "hotel",
        "website": "https://www.kolbehotelrome.com/",
        "wheelchair": "yes"
      },
      "geometry": {
        "type": "Point",
        "coordinates": [
          12.4838841,
          41.8900286
        ]
      },
      "id": "node/4681723455"
    },
    {
      "type": "Feature",
      "properties": {
        "@id": "node/4687302590",
        "tourism": "viewpoint"
      },
      "geometry": {
        "type": "Point",
        "coordinates": [
          12.4918693,
          41.8914667
        ]
      },
      "id": "node/4687302590"
    },
    {
      "type": "Feature",
      "properties": {
        "@id": "node/4692454589",
        "amenity": "cafe",
        "name": "Analemma Café Aperitivo",
        "name:it": "Analemma Café Aperitivo"
      },
      "geometry": {
        "type": "Point",
        "coordinates": [
          12.4916356,
          41.8946899
        ]
      },
      "id": "node/4692454589"
    },
    {
      "type": "Feature",
      "properties": {
        "@id": "node/4693464119",
        "natural": "tree"
      },
      "geometry": {
        "type": "Point",
        "coordinates": [
          12.4908233,
          41.8930579
        ]
      },
      "id": "node/4693464119"
    },
    {
      "type": "Feature",
      "properties": {
        "@id": "node/4693464120",
        "natural": "tree"
      },
      "geometry": {
        "type": "Point",
        "coordinates": [
          12.490763,
          41.8930419
        ]
      },
      "id": "node/4693464120"
    },
    {
      "type": "Feature",
      "properties": {
        "@id": "node/4693464121",
        "natural": "tree"
      },
      "geometry": {
        "type": "Point",
        "coordinates": [
          12.4907442,
          41.8930918
        ]
      },
      "id": "node/4693464121"
    },
    {
      "type": "Feature",
      "properties": {
        "@id": "node/4693464122",
        "natural": "tree"
      },
      "geometry": {
        "type": "Point",
        "coordinates": [
          12.4906946,
          41.8930379
        ]
      },
      "id": "node/4693464122"
    },
    {
      "type": "Feature",
      "properties": {
        "@id": "node/4693464123",
        "natural": "tree"
      },
      "geometry": {
        "type": "Point",
        "coordinates": [
          12.4906181,
          41.893018
        ]
      },
      "id": "node/4693464123"
    },
    {
      "type": "Feature",
      "properties": {
        "@id": "node/4693464124",
        "natural": "tree"
      },
      "geometry": {
        "type": "Point",
        "coordinates": [
          12.4906154,
          41.8930609
        ]
      },
      "id": "node/4693464124"
    },
    {
      "type": "Feature",
      "properties": {
        "@id": "node/4693464125",
        "natural": "tree"
      },
      "geometry": {
        "type": "Point",
        "coordinates": [
          12.4905296,
          41.8930529
        ]
      },
      "id": "node/4693464125"
    },
    {
      "type": "Feature",
      "properties": {
        "@id": "node/4693464126",
        "natural": "tree"
      },
      "geometry": {
        "type": "Point",
        "coordinates": [
          12.4904827,
          41.8931717
        ]
      },
      "id": "node/4693464126"
    },
    {
      "type": "Feature",
      "properties": {
        "@id": "node/4693464127",
        "natural": "tree"
      },
      "geometry": {
        "type": "Point",
        "coordinates": [
          12.4903915,
          41.8931647
        ]
      },
      "id": "node/4693464127"
    },
    {
      "type": "Feature",
      "properties": {
        "@id": "node/4693464128",
        "natural": "tree"
      },
      "geometry": {
        "type": "Point",
        "coordinates": [
          12.4905967,
          41.8925777
        ]
      },
      "id": "node/4693464128"
    },
    {
      "type": "Feature",
      "properties": {
        "@id": "node/4693464129",
        "natural": "tree"
      },
      "geometry": {
        "type": "Point",
        "coordinates": [
          12.4905739,
          41.8924639
        ]
      },
      "id": "node/4693464129"
    },
    {
      "type": "Feature",
      "properties": {
        "@id": "node/4693464130",
        "natural": "tree"
      },
      "geometry": {
        "type": "Point",
        "coordinates": [
          12.4909239,
          41.8926486
        ]
      },
      "id": "node/4693464130"
    },
    {
      "type": "Feature",
      "properties": {
        "@id": "node/4693464131",
        "natural": "tree"
      },
      "geometry": {
        "type": "Point",
        "coordinates": [
          12.4911438,
          41.8926895
        ]
      },
      "id": "node/4693464131"
    },
    {
      "type": "Feature",
      "properties": {
        "@id": "node/4695615509",
        "addr:city": "Roma",
        "addr:housenumber": "14",
        "addr:postcode": "00184",
        "addr:street": "Via Sforza",
        "email": "maisondeluis.rose@gmail.com",
        "name": "Roma Suite Centro",
        "phone": "+39 328 671 9531",
        "tourism": "guest_house",
        "website": "https://www.romasuitecentro.com/"
      },
      "geometry": {
        "type": "Point",
        "coordinates": [
          12.4963488,
          41.8963559
        ]
      },
      "id": "node/4695615509"
    },
    {
      "type": "Feature",
      "properties": {
        "@id": "node/4695623243",
        "addr:city": "Roma",
        "addr:housenumber": "202-204",
        "addr:postcode": "00184",
        "addr:street": "Via Cavour",
        "amenity": "cafe",
        "name": "Caffè Cavour",
        "operator": "Vasselli Roberto",
        "phone": "+39 06 484366",
        "ref:vatin": "IT13884391007"
      },
      "geometry": {
        "type": "Point",
        "coordinates": [
          12.4946915,
          41.8959374
        ]
      },
      "id": "node/4695623243"
    },
    {
      "type": "Feature",
      "properties": {
        "@id": "node/4703878792",
        "addr:housenumber": "48",
        "addr:street": "Via di San Giovanni in Laterano",
        "amenity": "restaurant",
        "name": "Volare"
      },
      "geometry": {
        "type": "Point",
        "coordinates": [
          12.4957849,
          41.889572
        ]
      },
      "id": "node/4703878792"
    },
    {
      "type": "Feature",
      "properties": {
        "@id": "node/4709930429",
        "amenity": "motorcycle_parking",
        "source": "bing"
      },
      "geometry": {
        "type": "Point",
        "coordinates": [
          12.4997372,
          41.8842796
        ]
      },
      "id": "node/4709930429"
    },
    {
      "type": "Feature",
      "properties": {
        "@id": "node/4709930430",
        "amenity": "motorcycle_parking",
        "source": "bing"
      },
      "geometry": {
        "type": "Point",
        "coordinates": [
          12.4993138,
          41.8839873
        ]
      },
      "id": "node/4709930430"
    },
    {
      "type": "Feature",
      "properties": {
        "@id": "node/4709930431",
        "amenity": "motorcycle_parking",
        "source": "bing"
      },
      "geometry": {
        "type": "Point",
        "coordinates": [
          12.5001965,
          41.8845112
        ]
      },
      "id": "node/4709930431"
    },
    {
      "type": "Feature",
      "properties": {
        "@id": "node/4709930440",
        "amenity": "motorcycle_parking",
        "source": "bing"
      },
      "geometry": {
        "type": "Point",
        "coordinates": [
          12.4991008,
          41.8838837
        ]
      },
      "id": "node/4709930440"
    },
    {
      "type": "Feature",
      "properties": {
        "@id": "node/4709930443",
        "addr:city": "Roma",
        "addr:housenumber": "11",
        "addr:postcode": "00184",
        "addr:street": "Via dell'Amba Aradam",
        "amenity": "cafe",
        "indoor_seating": "yes",
        "name": "Ambara Bar",
        "outdoor_seating": "yes",
        "source": "mapillary"
      },
      "geometry": {
        "type": "Point",
        "coordinates": [
          12.5009615,
          41.8840718
        ]
      },
      "id": "node/4709930443"
    },
    {
      "type": "Feature",
      "properties": {
        "@id": "node/4709930444",
        "amenity": "pharmacy",
        "healthcare": "pharmacy",
        "name": "Lorusso s.r.l.",
        "source": "mapillary"
      },
      "geometry": {
        "type": "Point",
        "coordinates": [
          12.5011159,
          41.8841502
        ]
      },
      "id": "node/4709930444"
    },
    {
      "type": "Feature",
      "properties": {
        "@id": "node/4709930446",
        "access": "yes",
        "amenity": "parking",
        "fee": "yes",
        "layer": "-1",
        "name": "Garage",
        "parking": "underground"
      },
      "geometry": {
        "type": "Point",
        "coordinates": [
          12.5005118,
          41.8836911
        ]
      },
      "id": "node/4709930446"
    },
    {
      "type": "Feature",
      "properties": {
        "@id": "node/4715498561",
        "amenity": "pharmacy",
        "healthcare": "pharmacy"
      },
      "geometry": {
        "type": "Point",
        "coordinates": [
          12.4951407,
          41.8892151
        ]
      },
      "id": "node/4715498561"
    },
    {
      "type": "Feature",
      "properties": {
        "@id": "node/4715499307",
        "amenity": "cafe",
        "name": "Celio"
      },
      "geometry": {
        "type": "Point",
        "coordinates": [
          12.4941146,
          41.8885523
        ]
      },
      "id": "node/4715499307"
    },
    {
      "type": "Feature",
      "properties": {
        "@id": "node/4715503446",
        "amenity": "cafe",
        "name": "Colosseo"
      },
      "geometry": {
        "type": "Point",
        "coordinates": [
          12.4968642,
          41.8892326
        ]
      },
      "id": "node/4715503446"
    },
    {
      "type": "Feature",
      "properties": {
        "@id": "node/4715503471",
        "amenity": "cafe",
        "name": "Gavi"
      },
      "geometry": {
        "type": "Point",
        "coordinates": [
          12.4968346,
          41.8891046
        ]
      },
      "id": "node/4715503471"
    },
    {
      "type": "Feature",
      "properties": {
        "@id": "node/4717947989",
        "addr:city": "Roma",
        "addr:country": "IT",
        "addr:housenumber": "114",
        "addr:postcode": "00184",
        "addr:street": "Via Urbana",
        "amenity": "restaurant",
        "name": "Non c'è trippa pe' gatti"
      },
      "geometry": {
        "type": "Point",
        "coordinates": [
          12.4941019,
          41.8963651
        ]
      },
      "id": "node/4717947989"
    },
    {
      "type": "Feature",
      "properties": {
        "@id": "node/4718393101",
        "addr:housenumber": "10",
        "addr:street": "Via Leonina",
        "amenity": "restaurant",
        "name": "Vecchia Roma"
      },
      "geometry": {
        "type": "Point",
        "coordinates": [
          12.4916743,
          41.8947646
        ]
      },
      "id": "node/4718393101"
    },
    {
      "type": "Feature",
      "properties": {
        "@id": "node/4720638492",
        "addr:city": "Roma",
        "addr:country": "IT",
        "addr:housenumber": "112",
        "addr:postcode": "00184",
        "addr:street": "Via Urbana",
        "alt_name": "Tonda",
        "amenity": "restaurant",
        "cuisine": "pizza",
        "name": "Trieste Pizza",
        "name:en": "Trieste Pizza",
        "name:it": "Trieste Pizza",
        "opening_hours": "Mo-Su 10:30-23:00",
        "phone": "+39 06 4815319",
        "website": "https://www.trieste.pizza/"
      },
      "geometry": {
        "type": "Point",
        "coordinates": [
          12.4940708,
          41.8963273
        ]
      },
      "id": "node/4720638492"
    },
    {
      "type": "Feature",
      "properties": {
        "@id": "node/4724460906",
        "amenity": "theatre",
        "check_date": "2025-04-07",
        "name": "Teatro della Cometa"
      },
      "geometry": {
        "type": "Point",
        "coordinates": [
          12.4814895,
          41.893501
        ]
      },
      "id": "node/4724460906"
    },
    {
      "type": "Feature",
      "properties": {
        "@id": "node/4725631490",
        "amenity": "cafe",
        "indoor_seating": "yes",
        "name": "Gustando Roma",
        "name:it": "Gustando Roma",
        "outdoor_seating": "yes"
      },
      "geometry": {
        "type": "Point",
        "coordinates": [
          12.4887178,
          41.8933142
        ]
      },
      "id": "node/4725631490"
    },
    {
      "type": "Feature",
      "properties": {
        "@id": "node/4727896391",
        "addr:city": "Roma",
        "addr:country": "IT",
        "addr:housenumber": "57",
        "addr:postcode": "00184",
        "addr:street": "Via Urbana",
        "amenity": "restaurant",
        "name": "Sciué Sciué"
      },
      "geometry": {
        "type": "Point",
        "coordinates": [
          12.4934009,
          41.8953982
        ]
      },
      "id": "node/4727896391"
    },
    {
      "type": "Feature",
      "properties": {
        "@id": "node/4727944089",
        "addr:city": "Roma",
        "addr:country": "IT",
        "addr:housenumber": "30",
        "addr:postcode": "00184",
        "addr:street": "Via Urbana",
        "amenity": "restaurant",
        "name": "Hosteria la Vacca M'briaca"
      },
      "geometry": {
        "type": "Point",
        "coordinates": [
          12.4942871,
          41.8964031
        ]
      },
      "id": "node/4727944089"
    },
    {
      "type": "Feature",
      "properties": {
        "@id": "node/4733710159",
        "addr:housenumber": "66;67",
        "addr:postcode": "00186",
        "addr:street": "Via Leonina",
        "amenity": "pub",
        "name": "Finnegan Irish Pub",
        "operator": "Il Trifoglio SaS. di Zecchino Fabio & C.",
        "phone": "+39 06 4747026",
        "ref:vatin": "IT05268961009",
        "restaurant:type:it": "irish_pub",
        "theme": "irish",
        "website": "https://www.finneganpub.com/"
      },
      "geometry": {
        "type": "Point",
        "coordinates": [
          12.4919419,
          41.8947342
        ]
      },
      "id": "node/4733710159"
    },
    {
      "type": "Feature",
      "properties": {
        "@id": "node/4744488121",
        "addr:housenumber": "90",
        "addr:postcode": "00184",
        "addr:street": "Via Leonina",
        "amenity": "restaurant",
        "cuisine": "italian;italian_pizza;burger",
        "diet:vegetarian": "yes",
        "name": "Wanted",
        "payment:credit_cards": "yes",
        "payment:debit_cards": "yes"
      },
      "geometry": {
        "type": "Point",
        "coordinates": [
          12.4911007,
          41.8945956
        ]
      },
      "id": "node/4744488121"
    },
    {
      "type": "Feature",
      "properties": {
        "@id": "node/4769984122",
        "historic": "memorial",
        "image": "Bronze Statue of Trajan Across Street from Roman Forum (48487245972).jpg",
        "memorial": "statue",
        "name": "Traiano",
        "name:hu": "Traianus",
        "subject:wikidata": "Q1425"
      },
      "geometry": {
        "type": "Point",
        "coordinates": [
          12.4854538,
          41.8943659
        ]
      },
      "id": "node/4769984122"
    },
    {
      "type": "Feature",
      "properties": {
        "@id": "node/4785072929",
        "addr:city": "Roma",
        "addr:housenumber": "183",
        "addr:street": "Via Merulana",
        "name": "B&B Colossum Rooms",
        "tourism": "guest_house",
        "website": "http://www.colosseumrooms.com/it/"
      },
      "geometry": {
        "type": "Point",
        "coordinates": [
          12.502431,
          41.8909185
        ]
      },
      "id": "node/4785072929"
    },
    {
      "type": "Feature",
      "properties": {
        "@id": "node/4798279227",
        "addr:city": "Roma",
        "addr:housenumber": "85",
        "addr:postcode": "00186",
        "addr:street": "Foro Traiano",
        "fee": "€ 12",
        "name": "Domus Romane di Palazzo Valentini",
        "name:ja": "ヴァレンティーニ宮殿",
        "opening_hours": "We-Mo 09:30-18:30",
        "tourism": "museum",
        "website": "https://www.palazzovalentini.it/"
      },
      "geometry": {
        "type": "Point",
        "coordinates": [
          12.4841,
          41.8961
        ]
      },
      "id": "node/4798279227"
    },
    {
      "type": "Feature",
      "properties": {
        "@id": "node/4810895021",
        "addr:city": "Roma",
        "addr:housenumber": "34",
        "addr:postcode": "00184",
        "addr:street": "Via Ruggero Bonghi",
        "name": "MICLAD B&B",
        "tourism": "guest_house",
        "website": "https://micladbb.it/"
      },
      "geometry": {
        "type": "Point",
        "coordinates": [
          12.4997249,
          41.890612
        ]
      },
      "id": "node/4810895021"
    },
    {
      "type": "Feature",
      "properties": {
        "@id": "node/4812129521",
        "addr:city": "Roma",
        "addr:housenumber": "13/a",
        "addr:postcode": "00185",
        "addr:street": "Via di San Vito",
        "amenity": "restaurant",
        "cuisine": "italian",
        "name": "Trattoria Monti",
        "name:it": "Trattoria Monti",
        "phone": "+39 06 4466573"
      },
      "geometry": {
        "type": "Point",
        "coordinates": [
          12.502029,
          41.8956651
        ]
      },
      "id": "node/4812129521"
    },
    {
      "type": "Feature",
      "properties": {
        "@id": "node/4817311427",
        "addr:housenumber": "8",
        "addr:street": "Via di S. Giovanni in Laterano",
        "amenity": "restaurant",
        "contact:email": "info@comingout.it",
        "contact:facebook": "https://www.facebook.com/comingoutRoma/",
        "contact:instagram": "https://www.instagram.com/comingoutroma/",
        "contact:phone": "+39 06 700 9871; +39 351 955 7072",
        "contact:website": "https://www.comingout.it/",
        "lgbtq": "primary",
        "name": "Coming Out"
      },
      "geometry": {
        "type": "Point",
        "coordinates": [
          12.4944125,
          41.8900128
        ]
      },
      "id": "node/4817311427"
    },
    {
      "type": "Feature",
      "properties": {
        "@id": "node/4817311428",
        "internet_access": "wlan",
        "name:en": "Cheap and Chic",
        "tourism": "hotel"
      },
      "geometry": {
        "type": "Point",
        "coordinates": [
          12.5021607,
          41.8959493
        ]
      },
      "id": "node/4817311428"
    },
    {
      "type": "Feature",
      "properties": {
        "@id": "node/4847966677",
        "amenity": "cafe",
        "diet:gluten_free": "yes",
        "name": "Caffè della Studente",
        "outdoor_seating": "yes"
      },
      "geometry": {
        "type": "Point",
        "coordinates": [
          12.4932322,
          41.8923045
        ]
      },
      "id": "node/4847966677"
    },
    {
      "type": "Feature",
      "properties": {
        "@id": "node/4847966678",
        "natural": "tree"
      },
      "geometry": {
        "type": "Point",
        "coordinates": [
          12.4932137,
          41.891116
        ]
      },
      "id": "node/4847966678"
    },
    {
      "type": "Feature",
      "properties": {
        "@id": "node/4847966705",
        "addr:city": "Roma",
        "addr:country": "IT",
        "addr:housenumber": "47",
        "addr:postcode": "00184",
        "addr:street": "Via Urbana",
        "amenity": "restaurant",
        "name": "Urbana 47",
        "outdoor_seating": "yes",
        "phone": "+39 06 47884006",
        "website": "https://www.urbana47.it/"
      },
      "geometry": {
        "type": "Point",
        "coordinates": [
          12.4938805,
          41.895956
        ]
      },
      "id": "node/4847966705"
    },
    {
      "type": "Feature",
      "properties": {
        "@id": "node/4847967787",
        "amenity": "waste_disposal"
      },
      "geometry": {
        "type": "Point",
        "coordinates": [
          12.4943631,
          41.8902572
        ]
      },
      "id": "node/4847967787"
    },
    {
      "type": "Feature",
      "properties": {
        "@id": "node/4847967788",
        "natural": "tree"
      },
      "geometry": {
        "type": "Point",
        "coordinates": [
          12.4931288,
          41.8918948
        ]
      },
      "id": "node/4847967788"
    },
    {
      "type": "Feature",
      "properties": {
        "@id": "node/4847967789",
        "amenity": "bar"
      },
      "geometry": {
        "type": "Point",
        "coordinates": [
          12.4953425,
          41.8897275
        ]
      },
      "id": "node/4847967789"
    },
    {
      "type": "Feature",
      "properties": {
        "@id": "node/4847967814",
        "man_made": "street_cabinet"
      },
      "geometry": {
        "type": "Point",
        "coordinates": [
          12.4909507,
          41.8939929
        ]
      },
      "id": "node/4847967814"
    },
    {
      "type": "Feature",
      "properties": {
        "@id": "node/4847968226",
        "amenity": "waste_disposal"
      },
      "geometry": {
        "type": "Point",
        "coordinates": [
          12.4941516,
          41.888126
        ]
      },
      "id": "node/4847968226"
    },
    {
      "type": "Feature",
      "properties": {
        "@id": "node/4847968228",
        "natural": "tree"
      },
      "geometry": {
        "type": "Point",
        "coordinates": [
          12.4931075,
          41.8914422
        ]
      },
      "id": "node/4847968228"
    },
    {
      "type": "Feature",
      "properties": {
        "@id": "node/4847968429",
        "addr:city": "Roma",
        "addr:country": "IT",
        "addr:housenumber": "137",
        "addr:postcode": "00184",
        "addr:street": "Via Urbana",
        "amenity": "restaurant",
        "contact:instagram": "https://www.instagram.com/tavernaurbanaroma/",
        "cuisine": "regional",
        "email": "tavernaurbana@gmail.com",
        "name": "Taverna Urbana",
        "operator": "Casini Sergio",
        "phone": "+39 06 4884439",
        "ref:vatin": "IT07678280582",
        "website": "https://www.tavernaurbana.com/"
      },
      "geometry": {
        "type": "Point",
        "coordinates": [
          12.4946208,
          41.8969602
        ]
      },
      "id": "node/4847968429"
    },
    {
      "type": "Feature",
      "properties": {
        "@id": "node/4847978581",
        "amenity": "bench"
      },
      "geometry": {
        "type": "Point",
        "coordinates": [
          12.4873619,
          41.8901712
        ]
      },
      "id": "node/4847978581"
    },
    {
      "type": "Feature",
      "properties": {
        "@id": "node/4847980120",
        "natural": "tree"
      },
      "geometry": {
        "type": "Point",
        "coordinates": [
          12.4884113,
          41.892762
        ]
      },
      "id": "node/4847980120"
    },
    {
      "type": "Feature",
      "properties": {
        "@id": "node/4847981926",
        "natural": "tree"
      },
      "geometry": {
        "type": "Point",
        "coordinates": [
          12.4884961,
          41.8926649
        ]
      },
      "id": "node/4847981926"
    },
    {
      "type": "Feature",
      "properties": {
        "@id": "node/4847981927",
        "amenity": "bench"
      },
      "geometry": {
        "type": "Point",
        "coordinates": [
          12.4878224,
          41.8895541
        ]
      },
      "id": "node/4847981927"
    },
    {
      "type": "Feature",
      "properties": {
        "@id": "node/4847981928",
        "natural": "tree"
      },
      "geometry": {
        "type": "Point",
        "coordinates": [
          12.4876637,
          41.8893149
        ]
      },
      "id": "node/4847981928"
    },
    {
      "type": "Feature",
      "properties": {
        "@id": "node/4847981929",
        "natural": "tree"
      },
      "geometry": {
        "type": "Point",
        "coordinates": [
          12.4872315,
          41.8887613
        ]
      },
      "id": "node/4847981929"
    },
    {
      "type": "Feature",
      "properties": {
        "@id": "node/4847981930",
        "natural": "tree"
      },
      "geometry": {
        "type": "Point",
        "coordinates": [
          12.4862274,
          41.8876059
        ]
      },
      "id": "node/4847981930"
    },
    {
      "type": "Feature",
      "properties": {
        "@id": "node/4847981957",
        "addr:city": "Roma",
        "addr:housenumber": "163",
        "addr:postcode": "00184",
        "addr:street": "Via Nazionale",
        "name": "Hotel Fiori",
        "stars": "2",
        "tourism": "hotel"
      },
      "geometry": {
        "type": "Point",
        "coordinates": [
          12.4872695,
          41.8969666
        ]
      },
      "id": "node/4847981957"
    },
    {
      "type": "Feature",
      "properties": {
        "@id": "node/4863814121",
        "addr:city": "Roma",
        "addr:housenumber": "251",
        "addr:postcode": "00184",
        "addr:street": "Via Cavour",
        "amenity": "ice_cream"
      },
      "geometry": {
        "type": "Point",
        "coordinates": [
          12.4911126,
          41.8942478
        ]
      },
      "id": "node/4863814121"
    },
    {
      "type": "Feature",
      "properties": {
        "@id": "node/4883546225",
        "addr:housenumber": "222a",
        "addr:street": "Via Panisperna",
        "amenity": "restaurant",
        "cuisine": "italian;fine_dining",
        "name": "Ristorante Futura",
        "phone": "+39 3668055797",
        "website": "https://www.ristorantefutura.com/"
      },
      "geometry": {
        "type": "Point",
        "coordinates": [
          12.4917701,
          41.8965227
        ]
      },
      "id": "node/4883546225"
    },
    {
      "type": "Feature",
      "properties": {
        "@id": "node/4886058322",
        "addr:street": "Via dei Serpenti",
        "amenity": "cafe",
        "cuisine": "sandwich;coffee_shop",
        "internet_access": "wlan",
        "name": "Antico Caffe del Brasile - Torrefazione",
        "name:de": "Antico Caffe del Brasile - Torrefazione"
      },
      "geometry": {
        "type": "Point",
        "coordinates": [
          12.4902776,
          41.8957583
        ]
      },
      "id": "node/4886058322"
    },
    {
      "type": "Feature",
      "properties": {
        "@id": "node/4897293212",
        "addr:city": "Roma",
        "addr:housenumber": "19a",
        "addr:street": "Via Paolina",
        "amenity": "parking",
        "layer": "-1",
        "name": "Autorimessa Esquilino",
        "operator": "Costantin Usurelu",
        "parking": "underground",
        "phone": "+39 06 486801",
        "ref:vatin": "IT12178071002"
      },
      "geometry": {
        "type": "Point",
        "coordinates": [
          12.4965877,
          41.8963842
        ]
      },
      "id": "node/4897293212"
    },
    {
      "type": "Feature",
      "properties": {
        "@id": "node/4897538720",
        "addr:city": "Roma",
        "addr:housenumber": "48",
        "addr:postcode": "00184",
        "addr:street": "Via Panisperna",
        "amenity": "restaurant",
        "check_date": "2024-02-18",
        "entrance": "yes",
        "name": "Trattoria Tavernelle",
        "operator": "Antica Trattoria a Monti S.r.l. di Franco e Mimmo",
        "phone": "+39 06 4740724",
        "ref:vatin": "IT10388811001"
      },
      "geometry": {
        "type": "Point",
        "coordinates": [
          12.490514,
          41.896402
        ]
      },
      "id": "node/4897538720"
    },
    {
      "type": "Feature",
      "properties": {
        "@id": "node/4897545230",
        "addr:housenumber": "5",
        "addr:street": "Via Ferruccio",
        "amenity": "cafe",
        "description": "Il bar si trova all'interno del palazzo dell'Agenzia delle Entrate.",
        "level": "0",
        "operator": "Felice Alessandro",
        "ref:vatin": "IT12509691007"
      },
      "geometry": {
        "type": "Point",
        "coordinates": [
          12.5016582,
          41.8937981
        ]
      },
      "id": "node/4897545230"
    },
    {
      "type": "Feature",
      "properties": {
        "@id": "node/4906115421",
        "amenity": "restaurant",
        "check_date": "2023-12-03",
        "internet_access": "wlan",
        "internet_access:fee": "customers",
        "name": "Osteria Circo",
        "name:it": "Osteria Circo",
        "payment:cash": "yes",
        "payment:mastercard": "yes",
        "payment:visa": "yes",
        "wheelchair": "limited"
      },
      "geometry": {
        "type": "Point",
        "coordinates": [
          12.48424,
          41.8877149
        ]
      },
      "id": "node/4906115421"
    },
    {
      "type": "Feature",
      "properties": {
        "@id": "node/4929711022",
        "artwork_type": "mosaic",
        "name": "Mosaico del Cristo con due schiavi",
        "name:hu": "Krisztus két rabszolgával (mozaik)",
        "tourism": "artwork"
      },
      "geometry": {
        "type": "Point",
        "coordinates": [
          12.4954033,
          41.8853913
        ]
      },
      "id": "node/4929711022"
    },
    {
      "type": "Feature",
      "properties": {
        "@id": "node/4933210521",
        "amenity": "bench",
        "backrest": "no",
        "material": "stone",
        "seats": "3"
      },
      "geometry": {
        "type": "Point",
        "coordinates": [
          12.482263,
          41.8943762
        ]
      },
      "id": "node/4933210521"
    },
    {
      "type": "Feature",
      "properties": {
        "@id": "node/4933214471",
        "amenity": "bench",
        "backrest": "no",
        "material": "stone",
        "seats": "3"
      },
      "geometry": {
        "type": "Point",
        "coordinates": [
          12.4822206,
          41.8943499
        ]
      },
      "id": "node/4933214471"
    },
    {
      "type": "Feature",
      "properties": {
        "@id": "node/4933214472",
        "amenity": "bench",
        "backrest": "no",
        "material": "stone",
        "seats": "3"
      },
      "geometry": {
        "type": "Point",
        "coordinates": [
          12.4821449,
          41.8942463
        ]
      },
      "id": "node/4933214472"
    },
    {
      "type": "Feature",
      "properties": {
        "@id": "node/4936631424",
        "amenity": "toilets",
        "check_date": "2026-04-10",
        "check_date:wheelchair": "2026-04-10",
        "fee": "no",
        "wheelchair": "yes"
      },
      "geometry": {
        "type": "Point",
        "coordinates": [
          12.4867151,
          41.8902218
        ]
      },
      "id": "node/4936631424"
    },
    {
      "type": "Feature",
      "properties": {
        "@id": "node/4937342021",
        "addr:city": "Roma",
        "addr:housenumber": "1",
        "addr:postcode": "00184",
        "addr:street": "Via dei Capocci",
        "amenity": "restaurant",
        "contact:email": "info@grazieadioevenerdi.com",
        "contact:phone": "+39 06 488 2585",
        "contact:website": "http://www.grazieadioevenerdi.com",
        "cuisine": "pizza",
        "name": "Grazie a Dio è Venerdì",
        "opening_hours": "Mo-Su 18:30-00:30"
      },
      "geometry": {
        "type": "Point",
        "coordinates": [
          12.49311,
          41.8957123
        ]
      },
      "id": "node/4937342021"
    },
    {
      "type": "Feature",
      "properties": {
        "@id": "node/4937453321",
        "addr:housenumber": "95",
        "addr:postcode": "00184",
        "addr:street": "Via della Madonna dei Monti",
        "amenity": "restaurant",
        "level": "0",
        "name": "Alle Carrette",
        "name:en": "Alle Carrette",
        "name:es": "Alle Carrette",
        "name:it": "Alle Carrette",
        "outdoor_seating": "yes",
        "phone": "+39 06 679 2770"
      },
      "geometry": {
        "type": "Point",
        "coordinates": [
          12.4887171,
          41.893964
        ]
      },
      "id": "node/4937453321"
    },
    {
      "type": "Feature",
      "properties": {
        "@id": "node/4959103221",
        "addr:housenumber": "154",
        "addr:street": "Via Quattro Novembre",
        "award:hotelstar": "4",
        "email": "reception@hoteltraiano.it",
        "name": "Hotel Traiano",
        "phone": "+39066792358",
        "stars": "4",
        "tourism": "hotel",
        "website": "https://www.hoteltraiano.it/",
        "wheelchair": "no"
      },
      "geometry": {
        "type": "Point",
        "coordinates": [
          12.4860534,
          41.8963449
        ]
      },
      "id": "node/4959103221"
    },
    {
      "type": "Feature",
      "properties": {
        "@id": "node/4971065306",
        "addr:city": "Roma",
        "addr:housenumber": "54a",
        "addr:postcode": "00184",
        "addr:street": "Via degli Zingari",
        "amenity": "fast_food",
        "cuisine": "italian;street_food;italian_street_food;napoletanean",
        "description": "Sandwiches and other Italian street food, really nice and inexpensive",
        "email": "mauriziosanti@virgilio.it",
        "name": "Mizio's - cibo da strada",
        "opening_hours": "Mo-Sa 09:00-21:00, Su 09:00-18:00",
        "operator": "MRP Food Srl.",
        "outdoor_seating": "no",
        "ref:vatin": "IT13252651008",
        "smoking": "no",
        "start_date": "2016-11",
        "takeaway": "only",
        "url": "https://www.facebook.com/miziostreetfood/",
        "website": "https://www.miziostreetfood.it/"
      },
      "geometry": {
        "type": "Point",
        "coordinates": [
          12.4918873,
          41.8951362
        ]
      },
      "id": "node/4971065306"
    },
    {
      "type": "Feature",
      "properties": {
        "@id": "node/4999883421",
        "amenity": "cafe",
        "name:en": "Ice Bar"
      },
      "geometry": {
        "type": "Point",
        "coordinates": [
          12.491159,
          41.8946458
        ]
      },
      "id": "node/4999883421"
    },
    {
      "type": "Feature",
      "properties": {
        "@id": "node/5010577627",
        "addr:housenumber": "53",
        "addr:street": "Via Carlo Alberto",
        "name": "DOMUS DOMAS",
        "name:en": "DOMUS DOMAS",
        "name:es": "DOMUS DOMAS 53",
        "name:it": "DOMUS DOMAS",
        "tourism": "hotel"
      },
      "geometry": {
        "type": "Point",
        "coordinates": [
          12.5020899,
          41.8958207
        ]
      },
      "id": "node/5010577627"
    },
    {
      "type": "Feature",
      "properties": {
        "@id": "node/5051773001",
        "amenity": "toilets",
        "fee": "1"
      },
      "geometry": {
        "type": "Point",
        "coordinates": [
          12.4888641,
          41.8928647
        ]
      },
      "id": "node/5051773001"
    },
    {
      "type": "Feature",
      "properties": {
        "@id": "node/5051773002",
        "amenity": "fast_food",
        "outdoor_seating": "yes",
        "takeaway": "yes"
      },
      "geometry": {
        "type": "Point",
        "coordinates": [
          12.4887316,
          41.8927739
        ]
      },
      "id": "node/5051773002"
    },
    {
      "type": "Feature",
      "properties": {
        "@id": "node/5051773003",
        "man_made": "survey_point"
      },
      "geometry": {
        "type": "Point",
        "coordinates": [
          12.4877644,
          41.8926855
        ]
      },
      "id": "node/5051773003"
    },
    {
      "type": "Feature",
      "properties": {
        "@id": "node/5092255823",
        "addr:city": "Roma",
        "addr:housenumber": "80",
        "addr:street": "Via Urbana",
        "name": "Monti studio",
        "tourism": "motel"
      },
      "geometry": {
        "type": "Point",
        "coordinates": [
          12.4932182,
          41.8951179
        ]
      },
      "id": "node/5092255823"
    },
    {
      "type": "Feature",
      "properties": {
        "@id": "node/5107320638",
        "addr:housenumber": "17",
        "addr:street": "Via del Buon Consiglio",
        "amenity": "restaurant",
        "cuisine": "italian",
        "name": "Ristorante Cleto",
        "opening_hours": "Mo-Su 12:00-23:30",
        "phone": "+39 06 6994 1507"
      },
      "geometry": {
        "type": "Point",
        "coordinates": [
          12.4897105,
          41.8934212
        ]
      },
      "id": "node/5107320638"
    },
    {
      "type": "Feature",
      "properties": {
        "@id": "node/5107467923",
        "name": "Domus Severiana",
        "name:es": "Domus Severiana",
        "tourism": "attraction"
      },
      "geometry": {
        "type": "Point",
        "coordinates": [
          12.4872999,
          41.8866926
        ]
      },
      "id": "node/5107467923"
    },
    {
      "type": "Feature",
      "properties": {
        "@id": "node/5109709779",
        "amenity": "atm",
        "network": "Euronet worldwide"
      },
      "geometry": {
        "type": "Point",
        "coordinates": [
          12.4908144,
          41.89602
        ]
      },
      "id": "node/5109709779"
    },
    {
      "type": "Feature",
      "properties": {
        "@id": "node/5124619924",
        "addr:housenumber": "125",
        "addr:street": "Via dei Serpenti",
        "amenity": "pharmacy",
        "healthcare": "pharmacy",
        "name": "Farmacia Savignoni",
        "wheelchair": "no"
      },
      "geometry": {
        "type": "Point",
        "coordinates": [
          12.4904404,
          41.896011
        ]
      },
      "id": "node/5124619924"
    },
    {
      "type": "Feature",
      "properties": {
        "@id": "node/5124995222",
        "addr:city": "Roma",
        "addr:country": "IT",
        "addr:housenumber": "54",
        "addr:postcode": "00184",
        "addr:street": "Via Urbana",
        "amenity": "fast_food",
        "delivery": "yes",
        "description": "Panini (Rosette), anche senza glutine",
        "drive_through": "no",
        "name": "Zia Rosetta",
        "outdoor_seating": "no",
        "phone": "+39 06 31052516",
        "takeaway": "yes",
        "website": "https://www.ziarosetta.com/"
      },
      "geometry": {
        "type": "Point",
        "coordinates": [
          12.4934923,
          41.8955169
        ]
      },
      "id": "node/5124995222"
    },
    {
      "type": "Feature",
      "properties": {
        "@id": "node/5157946203",
        "amenity": "fountain",
        "disused": "yes",
        "drinking_water": "yes",
        "name": "Fontana Celimontana",
        "start_date": "1864",
        "wikidata": "Q3747317",
        "wikimedia_commons": "Category:Fontana di Pio IX a via Annia (Rome)",
        "wikipedia": "it:Fontana Celimontana"
      },
      "geometry": {
        "type": "Point",
        "coordinates": [
          12.4977626,
          41.8872241
        ]
      },
      "id": "node/5157946203"
    },
    {
      "type": "Feature",
      "properties": {
        "@id": "node/5167443539",
        "amenity": "bench",
        "backrest": "no"
      },
      "geometry": {
        "type": "Point",
        "coordinates": [
          12.4931335,
          41.8955282
        ]
      },
      "id": "node/5167443539"
    },
    {
      "type": "Feature",
      "properties": {
        "@id": "node/5167443540",
        "access": "yes",
        "amenity": "drinking_water",
        "covered": "no",
        "fee": "no",
        "fountain": "nasone",
        "wikimedia_commons": "File:Drinking fountain in Piazza degli Zingari, Roma, Italia Aug 03, 2025 12-35-42 PM.jpeg"
      },
      "geometry": {
        "type": "Point",
        "coordinates": [
          12.4931902,
          41.8955726
        ]
      },
      "id": "node/5167443540"
    },
    {
      "type": "Feature",
      "properties": {
        "@id": "node/5167443541",
        "amenity": "bench",
        "backrest": "no"
      },
      "geometry": {
        "type": "Point",
        "coordinates": [
          12.4931761,
          41.8955508
        ]
      },
      "id": "node/5167443541"
    },
    {
      "type": "Feature",
      "properties": {
        "@id": "node/5183186625",
        "addr:housenumber": "79",
        "addr:street": "Via dei Serpenti",
        "amenity": "restaurant",
        "name": "Il Grillo Brillo"
      },
      "geometry": {
        "type": "Point",
        "coordinates": [
          12.489762,
          41.8975585
        ]
      },
      "id": "node/5183186625"
    },
    {
      "type": "Feature",
      "properties": {
        "@id": "node/5188179714",
        "amenity": "toilets",
        "check_date": "2024-10-12",
        "fee": "no",
        "female": "yes",
        "level": "0",
        "male": "no",
        "wheelchair": "yes"
      },
      "geometry": {
        "type": "Point",
        "coordinates": [
          12.4925947,
          41.8907364
        ]
      },
      "id": "node/5188179714"
    },
    {
      "type": "Feature",
      "properties": {
        "@id": "node/5215885522",
        "amenity": "restaurant",
        "cuisine": "sushi",
        "internet_access": "wlan",
        "name": "Temakinho Rome Monti"
      },
      "geometry": {
        "type": "Point",
        "coordinates": [
          12.4903169,
          41.8955961
        ]
      },
      "id": "node/5215885522"
    },
    {
      "type": "Feature",
      "properties": {
        "@id": "node/5223170122",
        "addr:city": "Roma",
        "addr:country": "IT",
        "addr:housenumber": "7",
        "addr:postcode": "00185",
        "addr:street": "Via Carlo Alberto",
        "amenity": "ice_cream",
        "cuisine": "ice_cream",
        "email": "orsobiancoroma@gmail.com",
        "indoor_seating": "yes",
        "name": "L'Orso Bianco",
        "opening_hours": "Mo-Su 12:00-21:30",
        "outdoor_seating": "no",
        "phone": "+39 06 4434 0765",
        "takeaway": "yes"
      },
      "geometry": {
        "type": "Point",
        "coordinates": [
          12.5001221,
          41.8966903
        ]
      },
      "id": "node/5223170122"
    },
    {
      "type": "Feature",
      "properties": {
        "@id": "node/5238057161",
        "addr:city": "Roma",
        "addr:housenumber": "2/4",
        "addr:postcode": "00184",
        "addr:street": "Via Monte Polacco",
        "amenity": "restaurant",
        "cuisine": "regional",
        "name": "Cuoco e Camicia",
        "website": "https://www.cuocoecamicia.it/"
      },
      "geometry": {
        "type": "Point",
        "coordinates": [
          12.4937406,
          41.8944391
        ]
      },
      "id": "node/5238057161"
    },
    {
      "type": "Feature",
      "properties": {
        "@id": "node/5242486005",
        "amenity": "atm",
        "brand": "Banca Popolare di Sondrio",
        "brand:wikidata": "Q686176",
        "brand:wikipedia": "en:Banca Popolare di Sondrio",
        "name": "Banca Popolare di Sondrio",
        "opening_hours": "24/7",
        "operator": "Banca Popolare di Sondrio",
        "operator:wikidata": "Q686176",
        "operator:wikipedia": "en:Banca Popolare di Sondrio"
      },
      "geometry": {
        "type": "Point",
        "coordinates": [
          12.5009994,
          41.8965694
        ]
      },
      "id": "node/5242486005"
    },
    {
      "type": "Feature",
      "properties": {
        "@id": "node/5242486006",
        "amenity": "atm",
        "brand": "Banca Popolare di Milano",
        "brand:wikidata": "Q806154",
        "check_date": "2025-09-04",
        "opening_hours": "24/7",
        "operator": "Banca Popolare di Milano",
        "operator:wikidata": "Q806154"
      },
      "geometry": {
        "type": "Point",
        "coordinates": [
          12.5002692,
          41.8969772
        ]
      },
      "id": "node/5242486006"
    },
    {
      "type": "Feature",
      "properties": {
        "@id": "node/5245720399",
        "amenity": "clock",
        "check_date": "2023-05-29",
        "display": "analog",
        "support": "pole"
      },
      "geometry": {
        "type": "Point",
        "coordinates": [
          12.5006356,
          41.8940947
        ]
      },
      "id": "node/5245720399"
    },
    {
      "type": "Feature",
      "properties": {
        "@id": "node/5245720402",
        "amenity": "vending_machine",
        "vending": "parking_tickets"
      },
      "geometry": {
        "type": "Point",
        "coordinates": [
          12.5006071,
          41.894125
        ]
      },
      "id": "node/5245720402"
    },
    {
      "type": "Feature",
      "properties": {
        "@id": "node/5245720403",
        "amenity": "clock",
        "check_date": "2023-05-29",
        "display": "analog",
        "support": "pole"
      },
      "geometry": {
        "type": "Point",
        "coordinates": [
          12.5005362,
          41.8943343
        ]
      },
      "id": "node/5245720403"
    },
    {
      "type": "Feature",
      "properties": {
        "@id": "node/5245720404",
        "addr:city": "Roma",
        "addr:housenumber": "7",
        "addr:postcode": "00184",
        "addr:street": "Viale del Monte Oppio",
        "amenity": "events_venue",
        "email": "info@fotobellocchio.it",
        "fax": "+39 06 48 47 09",
        "name": "Saloni di Palazzo Brancaccio",
        "phone": "+39 06 48 73 177",
        "website": "https://www.palazzobrancaccio.com"
      },
      "geometry": {
        "type": "Point",
        "coordinates": [
          12.4999782,
          41.894829
        ]
      },
      "id": "node/5245720404"
    },
    {
      "type": "Feature",
      "properties": {
        "@id": "node/5245720405",
        "amenity": "waste_basket",
        "check_date": "2024-01-02"
      },
      "geometry": {
        "type": "Point",
        "coordinates": [
          12.5003187,
          41.8947174
        ]
      },
      "id": "node/5245720405"
    },
    {
      "type": "Feature",
      "properties": {
        "@id": "node/5245720411",
        "addr:city": "Roma",
        "addr:country": "IT",
        "addr:housenumber": "37/b",
        "addr:postcode": "00185",
        "addr:street": "Via dello Statuto",
        "amenity": "cafe",
        "email": "barpasticceriadamore@gmail.com",
        "indoor_seating": "yes",
        "name": "D'Amore",
        "outdoor_seating": "yes",
        "phone": "+39 06 44363205",
        "website": "https://pasticceria-damore.com"
      },
      "geometry": {
        "type": "Point",
        "coordinates": [
          12.5007867,
          41.8950773
        ]
      },
      "id": "node/5245720411"
    },
    {
      "type": "Feature",
      "properties": {
        "@id": "node/5248412210",
        "amenity": "telephone",
        "operator": "TIM",
        "operator:wikidata": "Q144617"
      },
      "geometry": {
        "type": "Point",
        "coordinates": [
          12.4995382,
          41.8959771
        ]
      },
      "id": "node/5248412210"
    },
    {
      "type": "Feature",
      "properties": {
        "@id": "node/5248412211",
        "amenity": "motorcycle_parking",
        "capacity": "8",
        "source": "bing"
      },
      "geometry": {
        "type": "Point",
        "coordinates": [
          12.4976115,
          41.8951811
        ]
      },
      "id": "node/5248412211"
    },
    {
      "type": "Feature",
      "properties": {
        "@id": "node/5248412219",
        "amenity": "clock",
        "check_date": "2025-06-04",
        "display": "analog",
        "support": "pole"
      },
      "geometry": {
        "type": "Point",
        "coordinates": [
          12.4979284,
          41.8972325
        ]
      },
      "id": "node/5248412219"
    },
    {
      "type": "Feature",
      "properties": {
        "@id": "node/5248412220",
        "amenity": "waste_basket"
      },
      "geometry": {
        "type": "Point",
        "coordinates": [
          12.4981136,
          41.8970728
        ]
      },
      "id": "node/5248412220"
    },
    {
      "type": "Feature",
      "properties": {
        "@id": "node/5248413721",
        "addr:city": "Roma",
        "addr:housenumber": "20",
        "addr:postcode": "00185",
        "addr:street": "Via Liberiana",
        "amenity": "ice_cream",
        "name": "Gelateria",
        "source": "mapillary"
      },
      "geometry": {
        "type": "Point",
        "coordinates": [
          12.4976755,
          41.8973412
        ]
      },
      "id": "node/5248413721"
    },
    {
      "type": "Feature",
      "properties": {
        "@id": "node/5248413724",
        "addr:city": "Roma",
        "addr:housenumber": "143",
        "addr:postcode": "00187",
        "addr:street": "Via di Santa Maria Maggiore",
        "email": "info@themajorhotel.com",
        "fax": "+39 06 4818077",
        "internet_access": "wlan",
        "internet_access:fee": "customers",
        "name": "Hotel Major",
        "phone": "+39 06 9944 8222",
        "source": "mapillary",
        "stars": "4",
        "tourism": "hotel",
        "website": "https://www.themajorhotel.com"
      },
      "geometry": {
        "type": "Point",
        "coordinates": [
          12.4972749,
          41.8974768
        ]
      },
      "id": "node/5248413724"
    },
    {
      "type": "Feature",
      "properties": {
        "@id": "node/5254687761",
        "amenity": "telephone",
        "check_date": "2024-02-16"
      },
      "geometry": {
        "type": "Point",
        "coordinates": [
          12.4994343,
          41.8966841
        ]
      },
      "id": "node/5254687761"
    },
    {
      "type": "Feature",
      "properties": {
        "@id": "node/5291571722",
        "bench": "no",
        "bin": "no",
        "bus": "yes",
        "highway": "bus_stop",
        "lit": "yes",
        "public_transport": "platform",
        "shelter": "no",
        "tactile_paving": "no"
      },
      "geometry": {
        "type": "Point",
        "coordinates": [
          12.4896148,
          41.8868559
        ]
      },
      "id": "node/5291571722"
    },
    {
      "type": "Feature",
      "properties": {
        "@id": "node/5293911723",
        "addr:city": "Roma",
        "addr:country": "IT",
        "addr:housenumber": "256a",
        "addr:postcode": "00184",
        "addr:street": "Via Cavour",
        "amenity": "restaurant",
        "indoor_seating": "yes",
        "name": "Afrish",
        "outdoor_seating": "yes"
      },
      "geometry": {
        "type": "Point",
        "coordinates": [
          12.4923353,
          41.8943062
        ]
      },
      "id": "node/5293911723"
    },
    {
      "type": "Feature",
      "properties": {
        "@id": "node/5296362332",
        "artist:wikidata": "Q3836381",
        "artist_name": "Ludovico Pogliaghi",
        "artwork_type": "statue",
        "name": "La Concordia",
        "name:de": "Die Eintracht",
        "name:en": "The Harmony",
        "name:hu": "Egyetértés",
        "tourism": "artwork"
      },
      "geometry": {
        "type": "Point",
        "coordinates": [
          12.4832698,
          41.8951297
        ]
      },
      "id": "node/5296362332"
    },
    {
      "type": "Feature",
      "properties": {
        "@id": "node/5296362333",
        "artist:wikidata": "Q3629693",
        "artist_name": "Augusto Rivalta",
        "artwork_type": "statue",
        "name": "La Forza",
        "name:de": "Die Stärke",
        "name:en": "The Force",
        "name:hu": "Erő",
        "tourism": "artwork"
      },
      "geometry": {
        "type": "Point",
        "coordinates": [
          12.4835227,
          41.8951871
        ]
      },
      "id": "node/5296362333"
    },
    {
      "type": "Feature",
      "properties": {
        "@id": "node/5296362334",
        "artist:wikidata": "Q1368887",
        "artist_name": "Ettore Ximenes",
        "artwork_type": "statue",
        "name": "Il Diritto",
        "name:de": "Das Recht",
        "name:en": "The Law",
        "name:hu": "Jog",
        "tourism": "artwork"
      },
      "geometry": {
        "type": "Point",
        "coordinates": [
          12.48224,
          41.8948958
        ]
      },
      "id": "node/5296362334"
    },
    {
      "type": "Feature",
      "properties": {
        "@id": "node/5296362335",
        "artist:wikidata": "Q1360808",
        "artist_name": "Leonardo Bistolfi",
        "artwork_type": "statue",
        "name": "Il Sacrificio",
        "name:de": "Das Opfer",
        "name:en": "The Sacrifice",
        "name:hu": "Áldozat",
        "tourism": "artwork"
      },
      "geometry": {
        "type": "Point",
        "coordinates": [
          12.4824868,
          41.8949518
        ]
      },
      "id": "node/5296362335"
    },
    {
      "type": "Feature",
      "properties": {
        "@id": "node/5296362348",
        "man_made": "flagpole"
      },
      "geometry": {
        "type": "Point",
        "coordinates": [
          12.4826459,
          41.8950718
        ]
      },
      "id": "node/5296362348"
    },
    {
      "type": "Feature",
      "properties": {
        "@id": "node/5296362349",
        "man_made": "flagpole"
      },
      "geometry": {
        "type": "Point",
        "coordinates": [
          12.4830464,
          41.8951662
        ]
      },
      "id": "node/5296362349"
    },
    {
      "type": "Feature",
      "properties": {
        "@id": "node/5296362350",
        "artist:wikidata": "Q14566592",
        "artist_name": "Giuseppe Tonnini",
        "artwork_type": "sculpture",
        "name": "Leone Alato",
        "name:de": "Geflügelter Löwe",
        "name:en": "Winged Lion",
        "name:hu": "Szárnyas oroszlán",
        "tourism": "artwork"
      },
      "geometry": {
        "type": "Point",
        "coordinates": [
          12.4830029,
          41.8952649
        ]
      },
      "id": "node/5296362350"
    },
    {
      "type": "Feature",
      "properties": {
        "@id": "node/5296362351",
        "artist:wikidata": "Q14566592",
        "artist_name": "Giuseppe Tonnini",
        "artwork_type": "sculpture",
        "name": "Leone Alato",
        "name:de": "Geflügelter Löwe",
        "name:en": "Winged Lion",
        "name:hu": "Szárnyas oroszlán",
        "tourism": "artwork"
      },
      "geometry": {
        "type": "Point",
        "coordinates": [
          12.4826058,
          41.8951728
        ]
      },
      "id": "node/5296362351"
    },
    {
      "type": "Feature",
      "properties": {
        "@id": "node/5296362352",
        "artist:wikidata": "Q3724496",
        "artist_name": "Emilio Quadrelli",
        "artwork_type": "sculpture",
        "name": "Adriatico",
        "name:de": "Adriatisches Meer",
        "subject:wikidata": "Q13924",
        "tourism": "artwork"
      },
      "geometry": {
        "type": "Point",
        "coordinates": [
          12.4833931,
          41.8951746
        ]
      },
      "id": "node/5296362352"
    },
    {
      "type": "Feature",
      "properties": {
        "@id": "node/5296362353",
        "artist:wikidata": "Q1333398",
        "artist_name": "Pietro Canonica",
        "artwork_type": "sculpture",
        "name": "Tirreno",
        "name:de": "Tyrrhenisches Meer",
        "subject:wikidata": "Q38882",
        "tourism": "artwork"
      },
      "geometry": {
        "type": "Point",
        "coordinates": [
          12.4823515,
          41.8949341
        ]
      },
      "id": "node/5296362353"
    },
    {
      "type": "Feature",
      "properties": {
        "@id": "node/5296423360",
        "artist:wikidata": "Q3605412",
        "artist_name": "Nicola Cantalamessa, Adolfo Apolloni, Mario Rutelli e Arnaldo Zocchi",
        "artwork_type": "statue",
        "name": "Vittoria Alata",
        "name:de": "Geflügelte Viktoria",
        "name:en": "Winged Victory",
        "name:hu": "Szárnyas Victoria",
        "tourism": "artwork"
      },
      "geometry": {
        "type": "Point",
        "coordinates": [
          12.4834966,
          41.8947042
        ]
      },
      "id": "node/5296423360"
    },
    {
      "type": "Feature",
      "properties": {
        "@id": "node/5296423361",
        "artist:wikidata": "Q3876143",
        "artist_name": "Nicola Cantalamessa, Adolfo Apolloni, Mario Rutelli e Arnaldo Zocchi",
        "artwork_type": "statue",
        "name": "Vittoria Alata",
        "name:de": "Geflügelte Viktoria",
        "name:en": "Winged Victory",
        "name:hu": "Szárnyas Victoria",
        "tourism": "artwork"
      },
      "geometry": {
        "type": "Point",
        "coordinates": [
          12.4836672,
          41.8947398
        ]
      },
      "id": "node/5296423361"
    },
    {
      "type": "Feature",
      "properties": {
        "@id": "node/5296423362",
        "artist:wikidata": "Q2947043",
        "artist_name": "Nicola Cantalamessa, Adolfo Apolloni, Mario Rutelli e Arnaldo Zocchi",
        "artwork_type": "statue",
        "name": "Vittoria Alata",
        "name:de": "Geflügelte Viktoria",
        "name:en": "Winged Victory",
        "name:hu": "Szárnyas Victoria",
        "tourism": "artwork"
      },
      "geometry": {
        "type": "Point",
        "coordinates": [
          12.4824496,
          41.8944485
        ]
      },
      "id": "node/5296423362"
    },
    {
      "type": "Feature",
      "properties": {
        "@id": "node/5296423363",
        "artist:wikidata": "Q982524",
        "artist_name": "Nicola Cantalamessa, Adolfo Apolloni, Mario Rutelli e Arnaldo Zocchi",
        "artwork_type": "statue",
        "name": "Vittoria Alata",
        "name:de": "Geflügelte Viktoria",
        "name:en": "Winged Victory",
        "name:hu": "Szárnyas Victoria",
        "tourism": "artwork"
      },
      "geometry": {
        "type": "Point",
        "coordinates": [
          12.4826236,
          41.8944882
        ]
      },
      "id": "node/5296423363"
    },
    {
      "type": "Feature",
      "properties": {
        "@id": "node/5296473121",
        "artist:wikidata": "Q3617280",
        "artist_name": "Angelo Zanelli",
        "artwork_type": "statue",
        "name": "Dea Roma",
        "name:de": "Göttin Roma",
        "name:en": "Goddess of Rome",
        "name:hu": "Roma istennő",
        "tourism": "artwork"
      },
      "geometry": {
        "type": "Point",
        "coordinates": [
          12.4829367,
          41.8949097
        ]
      },
      "id": "node/5296473121"
    },
    {
      "type": "Feature",
      "properties": {
        "@id": "node/5309076421",
        "addr:housenumber": "22",
        "addr:street": "Via delle Tre Cannelle",
        "tourism": "apartment"
      },
      "geometry": {
        "type": "Point",
        "coordinates": [
          12.4851114,
          41.8965501
        ]
      },
      "id": "node/5309076421"
    },
    {
      "type": "Feature",
      "properties": {
        "@id": "node/5314051880",
        "amenity": "toilets",
        "changing_table": "yes",
        "charge": "1.50 EUR",
        "description": "according to a note, a key is required to use the changing table.",
        "drinking_water": "yes",
        "fee": "yes",
        "female": "yes",
        "male": "yes",
        "operator": "AMA",
        "payment:cash": "no",
        "wheelchair": "yes",
        "wikimedia_commons": "File:Toilets, Parco del Celio, Roma, Italia Sep 01, 2020 12-34-08 PM.jpeg"
      },
      "geometry": {
        "type": "Point",
        "coordinates": [
          12.4948454,
          41.8856025
        ]
      },
      "id": "node/5314051880"
    },
    {
      "type": "Feature",
      "properties": {
        "@id": "node/5314057547",
        "amenity": "watering_place",
        "disused": "yes",
        "drinking_water": "no",
        "historic": "yes",
        "wikimedia_commons": "File:Watering place, Celio, Rome, Italy Oct 01, 2023 02-07-53 PM.jpeg"
      },
      "geometry": {
        "type": "Point",
        "coordinates": [
          12.4913599,
          41.8863409
        ]
      },
      "id": "node/5314057547"
    },
    {
      "type": "Feature",
      "properties": {
        "@id": "node/5314059440",
        "amenity": "drinking_water",
        "fountain": "nasone",
        "wikimedia_commons": "File:Nasone piazza di San Gregorio, Roma, Italia Sep 01, 2020 11-51-42 AM.jpeg"
      },
      "geometry": {
        "type": "Point",
        "coordinates": [
          12.490124,
          41.8863528
        ]
      },
      "id": "node/5314059440"
    },
    {
      "type": "Feature",
      "properties": {
        "@id": "node/5322046143",
        "addr:city": "Roma",
        "addr:housenumber": "50",
        "addr:postcode": "00184",
        "addr:street": "Via Urbana",
        "beds": "33",
        "contact:email": "hostelmarello@yahoo.it",
        "contact:phone": "+39 06 4882120;+39 06 4825361",
        "contact:website": "https://ostellomarello.italia-it.info/",
        "description": "Turismo religioso",
        "description:en": "Religious tourism",
        "name": "Ostello Marello",
        "rooms": "13",
        "tourism": "hostel"
      },
      "geometry": {
        "type": "Point",
        "coordinates": [
          12.4936972,
          41.8957408
        ]
      },
      "id": "node/5322046143"
    },
    {
      "type": "Feature",
      "properties": {
        "@id": "node/5335143021",
        "information": "office",
        "name:de": "Eingang und Verkaufsstelle für Eintrittskarten",
        "name:signed": "no",
        "tourism": "information"
      },
      "geometry": {
        "type": "Point",
        "coordinates": [
          12.4896888,
          41.8878953
        ]
      },
      "id": "node/5335143021"
    },
    {
      "type": "Feature",
      "properties": {
        "@id": "node/5339247221",
        "addr:housenumber": "84",
        "addr:street": "Via Leonina",
        "amenity": "cafe",
        "cuisine": "italian_pizza",
        "name": "Pizzeria Leonina Snc",
        "name:en": "Pizzeria Leonina",
        "phone": "+39 06 48277 44"
      },
      "geometry": {
        "type": "Point",
        "coordinates": [
          12.4913222,
          41.894647
        ]
      },
      "id": "node/5339247221"
    },
    {
      "type": "Feature",
      "properties": {
        "@id": "node/5340218246",
        "amenity": "bench"
      },
      "geometry": {
        "type": "Point",
        "coordinates": [
          12.497595,
          41.8902024
        ]
      },
      "id": "node/5340218246"
    },
    {
      "type": "Feature",
      "properties": {
        "@id": "node/5340218247",
        "amenity": "bench"
      },
      "geometry": {
        "type": "Point",
        "coordinates": [
          12.4973969,
          41.8902381
        ]
      },
      "id": "node/5340218247"
    },
    {
      "type": "Feature",
      "properties": {
        "@id": "node/5340231224",
        "amenity": "bench"
      },
      "geometry": {
        "type": "Point",
        "coordinates": [
          12.4974841,
          41.8904954
        ]
      },
      "id": "node/5340231224"
    },
    {
      "type": "Feature",
      "properties": {
        "@id": "node/5340231225",
        "amenity": "bench"
      },
      "geometry": {
        "type": "Point",
        "coordinates": [
          12.4974661,
          41.8904433
        ]
      },
      "id": "node/5340231225"
    },
    {
      "type": "Feature",
      "properties": {
        "@id": "node/5340231226",
        "amenity": "bench"
      },
      "geometry": {
        "type": "Point",
        "coordinates": [
          12.4974475,
          41.8903891
        ]
      },
      "id": "node/5340231226"
    },
    {
      "type": "Feature",
      "properties": {
        "@id": "node/5340231227",
        "amenity": "bench"
      },
      "geometry": {
        "type": "Point",
        "coordinates": [
          12.4976666,
          41.890459
        ]
      },
      "id": "node/5340231227"
    },
    {
      "type": "Feature",
      "properties": {
        "@id": "node/5340231228",
        "amenity": "bench"
      },
      "geometry": {
        "type": "Point",
        "coordinates": [
          12.4976504,
          41.8904065
        ]
      },
      "id": "node/5340231228"
    },
    {
      "type": "Feature",
      "properties": {
        "@id": "node/5340231229",
        "amenity": "bench"
      },
      "geometry": {
        "type": "Point",
        "coordinates": [
          12.4976334,
          41.8903515
        ]
      },
      "id": "node/5340231229"
    },
    {
      "type": "Feature",
      "properties": {
        "@id": "node/5340233725",
        "amenity": "bench",
        "backrest": "no"
      },
      "geometry": {
        "type": "Point",
        "coordinates": [
          12.4966707,
          41.8903749
        ]
      },
      "id": "node/5340233725"
    },
    {
      "type": "Feature",
      "properties": {
        "@id": "node/5340233726",
        "amenity": "bench",
        "backrest": "no"
      },
      "geometry": {
        "type": "Point",
        "coordinates": [
          12.496882,
          41.8903362
        ]
      },
      "id": "node/5340233726"
    },
    {
      "type": "Feature",
      "properties": {
        "@id": "node/5340233727",
        "amenity": "bench",
        "backrest": "no"
      },
      "geometry": {
        "type": "Point",
        "coordinates": [
          12.4959551,
          41.8905125
        ]
      },
      "id": "node/5340233727"
    },
    {
      "type": "Feature",
      "properties": {
        "@id": "node/5340233728",
        "amenity": "bench",
        "backrest": "no"
      },
      "geometry": {
        "type": "Point",
        "coordinates": [
          12.4961702,
          41.8904711
        ]
      },
      "id": "node/5340233728"
    },
    {
      "type": "Feature",
      "properties": {
        "@id": "node/5340247517",
        "amenity": "drinking_water",
        "fountain": "drinking",
        "note": "not a nasone, historic drinking fountain",
        "wikimedia_commons": "File:Drinking fountain, Parco del Colle Oppio, Roma, Italia Jun 30, 2022 07-51-16 PM.jpeg"
      },
      "geometry": {
        "type": "Point",
        "coordinates": [
          12.4978518,
          41.8912427
        ]
      },
      "id": "node/5340247517"
    },
    {
      "type": "Feature",
      "properties": {
        "@id": "node/5340247518",
        "amenity": "bench",
        "backrest": "yes"
      },
      "geometry": {
        "type": "Point",
        "coordinates": [
          12.4976838,
          41.8911156
        ]
      },
      "id": "node/5340247518"
    },
    {
      "type": "Feature",
      "properties": {
        "@id": "node/5340247519",
        "amenity": "bench",
        "backrest": "yes"
      },
      "geometry": {
        "type": "Point",
        "coordinates": [
          12.4978185,
          41.8911894
        ]
      },
      "id": "node/5340247519"
    },
    {
      "type": "Feature",
      "properties": {
        "@id": "node/5340247520",
        "amenity": "bench",
        "backrest": "yes"
      },
      "geometry": {
        "type": "Point",
        "coordinates": [
          12.4978611,
          41.8913011
        ]
      },
      "id": "node/5340247520"
    },
    {
      "type": "Feature",
      "properties": {
        "@id": "node/5340252321",
        "amenity": "bench",
        "backrest": "yes"
      },
      "geometry": {
        "type": "Point",
        "coordinates": [
          12.4977597,
          41.8911438
        ]
      },
      "id": "node/5340252321"
    },
    {
      "type": "Feature",
      "properties": {
        "@id": "node/5340252322",
        "amenity": "drinking_water",
        "fountain": "drinking",
        "note": "not a nasone, historic drinking fountain",
        "wikimedia_commons": "File:Drinking fountain, Parco del Colle Oppio, Roma, Italia Jun 30, 2022 07-49-50 PM.jpeg"
      },
      "geometry": {
        "type": "Point",
        "coordinates": [
          12.4973968,
          41.8913872
        ]
      },
      "id": "node/5340252322"
    },
    {
      "type": "Feature",
      "properties": {
        "@id": "node/5340252323",
        "amenity": "bench",
        "backrest": "yes"
      },
      "geometry": {
        "type": "Point",
        "coordinates": [
          12.497367,
          41.891328
        ]
      },
      "id": "node/5340252323"
    },
    {
      "type": "Feature",
      "properties": {
        "@id": "node/5340252324",
        "amenity": "bench",
        "backrest": "yes"
      },
      "geometry": {
        "type": "Point",
        "coordinates": [
          12.4974515,
          41.8914354
        ]
      },
      "id": "node/5340252324"
    },
    {
      "type": "Feature",
      "properties": {
        "@id": "node/5340252325",
        "amenity": "bench",
        "backrest": "yes"
      },
      "geometry": {
        "type": "Point",
        "coordinates": [
          12.4973656,
          41.8912649
        ]
      },
      "id": "node/5340252325"
    },
    {
      "type": "Feature",
      "properties": {
        "@id": "node/5340252326",
        "amenity": "bench",
        "backrest": "yes"
      },
      "geometry": {
        "type": "Point",
        "coordinates": [
          12.4975193,
          41.8914657
        ]
      },
      "id": "node/5340252326"
    },
    {
      "type": "Feature",
      "properties": {
        "@id": "node/5340252327",
        "amenity": "bench",
        "backrest": "yes"
      },
      "geometry": {
        "type": "Point",
        "coordinates": [
          12.4978453,
          41.8913588
        ]
      },
      "id": "node/5340252327"
    },
    {
      "type": "Feature",
      "properties": {
        "@id": "node/5340273297",
        "amenity": "bench",
        "backrest": "yes"
      },
      "geometry": {
        "type": "Point",
        "coordinates": [
          12.4977997,
          41.8916994
        ]
      },
      "id": "node/5340273297"
    },
    {
      "type": "Feature",
      "properties": {
        "@id": "node/5340273298",
        "amenity": "bench",
        "backrest": "yes"
      },
      "geometry": {
        "type": "Point",
        "coordinates": [
          12.4978152,
          41.8915383
        ]
      },
      "id": "node/5340273298"
    },
    {
      "type": "Feature",
      "properties": {
        "@id": "node/5340273299",
        "amenity": "bench",
        "backrest": "yes"
      },
      "geometry": {
        "type": "Point",
        "coordinates": [
          12.497717,
          41.8915742
        ]
      },
      "id": "node/5340273299"
    },
    {
      "type": "Feature",
      "properties": {
        "@id": "node/5340273300",
        "amenity": "bench",
        "backrest": "yes"
      },
      "geometry": {
        "type": "Point",
        "coordinates": [
          12.4978979,
          41.8916635
        ]
      },
      "id": "node/5340273300"
    },
    {
      "type": "Feature",
      "properties": {
        "@id": "node/5364001121",
        "amenity": "post_box",
        "collection_times:signed": "no",
        "operator": "Poste Italiane",
        "operator:wikidata": "Q495026",
        "operator:wikipedia": "en:Poste italiane"
      },
      "geometry": {
        "type": "Point",
        "coordinates": [
          12.4901586,
          41.89398
        ]
      },
      "id": "node/5364001121"
    },
    {
      "type": "Feature",
      "properties": {
        "@id": "node/5364001122",
        "addr:housenumber": "311",
        "addr:postcode": "00184",
        "addr:street": "Via Cavour",
        "name": "Hotel Solis Invictus",
        "stars": "3",
        "tourism": "hotel",
        "website": "https://hotelsolis.it/"
      },
      "geometry": {
        "type": "Point",
        "coordinates": [
          12.4890628,
          41.893705
        ]
      },
      "id": "node/5364001122"
    },
    {
      "type": "Feature",
      "properties": {
        "@id": "node/5365793336",
        "amenity": "restaurant",
        "lgbtq": "welcome",
        "name": "Ristoro Della Salute",
        "website": "https://www.ristorantecolosseo.it/"
      },
      "geometry": {
        "type": "Point",
        "coordinates": [
          12.4942155,
          41.8898614
        ]
      },
      "id": "node/5365793336"
    },
    {
      "type": "Feature",
      "properties": {
        "@id": "node/5371227658",
        "amenity": "parking",
        "fee": "yes",
        "name": "Garage Palatino",
        "parking": "multi-storey"
      },
      "geometry": {
        "type": "Point",
        "coordinates": [
          12.4930001,
          41.8948492
        ]
      },
      "id": "node/5371227658"
    },
    {
      "type": "Feature",
      "properties": {
        "@id": "node/5422811896",
        "addr:city": "Roma",
        "addr:country": "IT",
        "addr:housenumber": "236",
        "addr:postcode": "00185",
        "addr:street": "Via Merulana",
        "amenity": "restaurant",
        "cuisine": "regional",
        "name": "Da Michele",
        "opening_hours": "Mo off",
        "restaurant:type:it": "pizzeria;ristorante"
      },
      "geometry": {
        "type": "Point",
        "coordinates": [
          12.501135,
          41.8931191
        ]
      },
      "id": "node/5422811896"
    },
    {
      "type": "Feature",
      "properties": {
        "@id": "node/5431635221",
        "amenity": "fast_food",
        "cuisine": "pasta",
        "name": "Maccheroni Express"
      },
      "geometry": {
        "type": "Point",
        "coordinates": [
          12.4911927,
          41.8942626
        ]
      },
      "id": "node/5431635221"
    },
    {
      "type": "Feature",
      "properties": {
        "@id": "node/5434161798",
        "amenity": "vending_machine",
        "check_date": "2025-08-24",
        "vending": "parking_tickets"
      },
      "geometry": {
        "type": "Point",
        "coordinates": [
          12.4835895,
          41.8885746
        ]
      },
      "id": "node/5434161798"
    },
    {
      "type": "Feature",
      "properties": {
        "@id": "node/5434161799",
        "addr:housenumber": "1/6",
        "addr:street": "Largo dell'Amba Aradam",
        "name": "B&B Bonne nuit Rome",
        "tourism": "guest_house"
      },
      "geometry": {
        "type": "Point",
        "coordinates": [
          12.498604,
          41.8828171
        ]
      },
      "id": "node/5434161799"
    },
    {
      "type": "Feature",
      "properties": {
        "@id": "node/5434161800",
        "addr:housenumber": "3",
        "addr:street": "Largo dell'Amba Aradam",
        "name": "Hotel Valeri",
        "tourism": "hotel"
      },
      "geometry": {
        "type": "Point",
        "coordinates": [
          12.4989766,
          41.8830983
        ]
      },
      "id": "node/5434161800"
    },
    {
      "type": "Feature",
      "properties": {
        "@id": "node/5434161801",
        "amenity": "vending_machine",
        "vending": "parking_tickets"
      },
      "geometry": {
        "type": "Point",
        "coordinates": [
          12.4992779,
          41.8832535
        ]
      },
      "id": "node/5434161801"
    },
    {
      "type": "Feature",
      "properties": {
        "@id": "node/5434161802",
        "amenity": "post_box"
      },
      "geometry": {
        "type": "Point",
        "coordinates": [
          12.4995682,
          41.8835321
        ]
      },
      "id": "node/5434161802"
    },
    {
      "type": "Feature",
      "properties": {
        "@id": "node/5434161803",
        "amenity": "vending_machine",
        "check_date": "2025-05-08",
        "vending": "parking_tickets"
      },
      "geometry": {
        "type": "Point",
        "coordinates": [
          12.500647,
          41.8841203
        ]
      },
      "id": "node/5434161803"
    },
    {
      "type": "Feature",
      "properties": {
        "@id": "node/5434165397",
        "amenity": "vending_machine",
        "check_date": "2025-08-24",
        "vending": "parking_tickets"
      },
      "geometry": {
        "type": "Point",
        "coordinates": [
          12.4842237,
          41.8904527
        ]
      },
      "id": "node/5434165397"
    },
    {
      "type": "Feature",
      "properties": {
        "@id": "node/5435192267",
        "amenity": "post_box",
        "collection_times:signed": "no"
      },
      "geometry": {
        "type": "Point",
        "coordinates": [
          12.4876949,
          41.8972141
        ]
      },
      "id": "node/5435192267"
    },
    {
      "type": "Feature",
      "properties": {
        "@id": "node/5444557794",
        "addr:city": "Roma",
        "addr:housenumber": "5",
        "addr:postcode": "00186",
        "addr:street": "Via della Greca",
        "amenity": "police",
        "name": "I Gruppo Centro Polizia Locale di Roma Capitale",
        "operator": "Polizia locale di Roma Capitale",
        "operator:wikidata": "Q61634147"
      },
      "geometry": {
        "type": "Point",
        "coordinates": [
          12.482204,
          41.8875233
        ]
      },
      "id": "node/5444557794"
    },
    {
      "type": "Feature",
      "properties": {
        "@id": "node/5456041815",
        "addr:floor": "G",
        "addr:housenumber": "76",
        "addr:street": "Via Leonina",
        "amenity": "fast_food",
        "check_date": "2024-01-02",
        "cuisine": "pizza;burger",
        "level": "0",
        "name": "Amici",
        "operator": "Hossain MD Amir & C. SaS",
        "payment:cash": "yes",
        "payment:credit_cards": "yes",
        "payment:debit_cards": "yes",
        "phone": "+39 351 1793847",
        "ref:vatin": "IT13434621002"
      },
      "geometry": {
        "type": "Point",
        "coordinates": [
          12.4915678,
          41.8946732
        ]
      },
      "id": "node/5456041815"
    },
    {
      "type": "Feature",
      "properties": {
        "@id": "node/5471743322",
        "name:en": "Via dei Quattro cantoni 55 мини отель Колезей",
        "tourism": "apartment"
      },
      "geometry": {
        "type": "Point",
        "coordinates": [
          12.4963176,
          41.8964087
        ]
      },
      "id": "node/5471743322"
    },
    {
      "type": "Feature",
      "properties": {
        "@id": "node/5482644381",
        "amenity": "bicycle_parking",
        "bicycle_parking": "stands",
        "capacity": "8",
        "covered": "no",
        "fee": "no",
        "supervised": "no"
      },
      "geometry": {
        "type": "Point",
        "coordinates": [
          12.4840897,
          41.8940971
        ]
      },
      "id": "node/5482644381"
    },
    {
      "type": "Feature",
      "properties": {
        "@id": "node/5494682018",
        "leaf_type": "needleleaved",
        "natural": "tree"
      },
      "geometry": {
        "type": "Point",
        "coordinates": [
          12.4962562,
          41.8926161
        ]
      },
      "id": "node/5494682018"
    },
    {
      "type": "Feature",
      "properties": {
        "@id": "node/5494682019",
        "leaf_type": "needleleaved",
        "natural": "tree"
      },
      "geometry": {
        "type": "Point",
        "coordinates": [
          12.4963313,
          41.8927039
        ]
      },
      "id": "node/5494682019"
    },
    {
      "type": "Feature",
      "properties": {
        "@id": "node/5494682020",
        "leaf_type": "needleleaved",
        "natural": "tree"
      },
      "geometry": {
        "type": "Point",
        "coordinates": [
          12.496444,
          41.8927778
        ]
      },
      "id": "node/5494682020"
    },
    {
      "type": "Feature",
      "properties": {
        "@id": "node/5494683221",
        "leaf_type": "needleleaved",
        "natural": "tree"
      },
      "geometry": {
        "type": "Point",
        "coordinates": [
          12.4965459,
          41.8928716
        ]
      },
      "id": "node/5494683221"
    },
    {
      "type": "Feature",
      "properties": {
        "@id": "node/5494683222",
        "leaf_type": "needleleaved",
        "natural": "tree"
      },
      "geometry": {
        "type": "Point",
        "coordinates": [
          12.496385,
          41.8930134
        ]
      },
      "id": "node/5494683222"
    },
    {
      "type": "Feature",
      "properties": {
        "@id": "node/5494683223",
        "leaf_type": "needleleaved",
        "natural": "tree"
      },
      "geometry": {
        "type": "Point",
        "coordinates": [
          12.4962267,
          41.8929555
        ]
      },
      "id": "node/5494683223"
    },
    {
      "type": "Feature",
      "properties": {
        "@id": "node/5494683224",
        "leaf_type": "needleleaved",
        "natural": "tree"
      },
      "geometry": {
        "type": "Point",
        "coordinates": [
          12.4961624,
          41.8928876
        ]
      },
      "id": "node/5494683224"
    },
    {
      "type": "Feature",
      "properties": {
        "@id": "node/5494683225",
        "leaf_type": "needleleaved",
        "natural": "tree"
      },
      "geometry": {
        "type": "Point",
        "coordinates": [
          12.4960953,
          41.8928157
        ]
      },
      "id": "node/5494683225"
    },
    {
      "type": "Feature",
      "properties": {
        "@id": "node/5494683226",
        "leaf_type": "needleleaved",
        "natural": "tree"
      },
      "geometry": {
        "type": "Point",
        "coordinates": [
          12.4957225,
          41.8922846
        ]
      },
      "id": "node/5494683226"
    },
    {
      "type": "Feature",
      "properties": {
        "@id": "node/5494683227",
        "leaf_type": "needleleaved",
        "natural": "tree"
      },
      "geometry": {
        "type": "Point",
        "coordinates": [
          12.4958566,
          41.8923605
        ]
      },
      "id": "node/5494683227"
    },
    {
      "type": "Feature",
      "properties": {
        "@id": "node/5494683228",
        "leaf_type": "needleleaved",
        "natural": "tree"
      },
      "geometry": {
        "type": "Point",
        "coordinates": [
          12.4959531,
          41.8924583
        ]
      },
      "id": "node/5494683228"
    },
    {
      "type": "Feature",
      "properties": {
        "@id": "node/5494683229",
        "leaf_type": "needleleaved",
        "natural": "tree"
      },
      "geometry": {
        "type": "Point",
        "coordinates": [
          12.4958888,
          41.892668
        ]
      },
      "id": "node/5494683229"
    },
    {
      "type": "Feature",
      "properties": {
        "@id": "node/5494683230",
        "leaf_type": "needleleaved",
        "natural": "tree"
      },
      "geometry": {
        "type": "Point",
        "coordinates": [
          12.4957681,
          41.8925761
        ]
      },
      "id": "node/5494683230"
    },
    {
      "type": "Feature",
      "properties": {
        "@id": "node/5494683231",
        "leaf_type": "needleleaved",
        "natural": "tree"
      },
      "geometry": {
        "type": "Point",
        "coordinates": [
          12.4956715,
          41.8925143
        ]
      },
      "id": "node/5494683231"
    },
    {
      "type": "Feature",
      "properties": {
        "@id": "node/5494683232",
        "leaf_type": "needleleaved",
        "natural": "tree"
      },
      "geometry": {
        "type": "Point",
        "coordinates": [
          12.4955133,
          41.8924144
        ]
      },
      "id": "node/5494683232"
    },
    {
      "type": "Feature",
      "properties": {
        "@id": "node/5494683233",
        "leaf_type": "needleleaved",
        "natural": "tree"
      },
      "geometry": {
        "type": "Point",
        "coordinates": [
          12.4951431,
          41.8922587
        ]
      },
      "id": "node/5494683233"
    },
    {
      "type": "Feature",
      "properties": {
        "@id": "node/5494683234",
        "leaf_type": "needleleaved",
        "natural": "tree"
      },
      "geometry": {
        "type": "Point",
        "coordinates": [
          12.495245,
          41.8922906
        ]
      },
      "id": "node/5494683234"
    },
    {
      "type": "Feature",
      "properties": {
        "@id": "node/5494683235",
        "leaf_type": "needleleaved",
        "natural": "tree"
      },
      "geometry": {
        "type": "Point",
        "coordinates": [
          12.4953899,
          41.8923306
        ]
      },
      "id": "node/5494683235"
    },
    {
      "type": "Feature",
      "properties": {
        "@id": "node/5494683236",
        "leaf_type": "needleleaved",
        "natural": "tree"
      },
      "geometry": {
        "type": "Point",
        "coordinates": [
          12.4955374,
          41.8922227
        ]
      },
      "id": "node/5494683236"
    },
    {
      "type": "Feature",
      "properties": {
        "@id": "node/5494683237",
        "leaf_type": "needleleaved",
        "natural": "tree"
      },
      "geometry": {
        "type": "Point",
        "coordinates": [
          12.4954087,
          41.8921549
        ]
      },
      "id": "node/5494683237"
    },
    {
      "type": "Feature",
      "properties": {
        "@id": "node/5494683238",
        "leaf_type": "needleleaved",
        "natural": "tree"
      },
      "geometry": {
        "type": "Point",
        "coordinates": [
          12.4952638,
          41.8921209
        ]
      },
      "id": "node/5494683238"
    },
    {
      "type": "Feature",
      "properties": {
        "@id": "node/5494683239",
        "leaf_type": "needleleaved",
        "natural": "tree"
      },
      "geometry": {
        "type": "Point",
        "coordinates": [
          12.4949634,
          41.8922547
        ]
      },
      "id": "node/5494683239"
    },
    {
      "type": "Feature",
      "properties": {
        "@id": "node/5494683240",
        "leaf_type": "needleleaved",
        "natural": "tree"
      },
      "geometry": {
        "type": "Point",
        "coordinates": [
          12.4948534,
          41.8923226
        ]
      },
      "id": "node/5494683240"
    },
    {
      "type": "Feature",
      "properties": {
        "@id": "node/5494683241",
        "leaf_type": "needleleaved",
        "natural": "tree"
      },
      "geometry": {
        "type": "Point",
        "coordinates": [
          12.4947274,
          41.8922088
        ]
      },
      "id": "node/5494683241"
    },
    {
      "type": "Feature",
      "properties": {
        "@id": "node/5506371670",
        "addr:city": "Roma",
        "addr:housenumber": "1",
        "addr:postcode": "00184",
        "addr:street": "Via del Colosseo",
        "addr:unit": "c",
        "amenity": "pub",
        "brewery": "yes",
        "email": "info@shamrockpubroma.it",
        "indoor_seating": "yes",
        "name": "Shamrock Pub Roma",
        "opening_hours": "Mo-Su 12:00-02:00",
        "operator": "SHAMROCK SAS di Alessandro Corbellini e C.",
        "outdoor_seating": "yes",
        "phone": "+39 06 679 1729",
        "ref:vatin": "IT05595481002",
        "website": "https://www.shamrockpubroma.it/"
      },
      "geometry": {
        "type": "Point",
        "coordinates": [
          12.4889243,
          41.8932281
        ]
      },
      "id": "node/5506371670"
    },
    {
      "type": "Feature",
      "properties": {
        "@id": "node/5506371671",
        "addr:housenumber": "23",
        "addr:street": "Via del Buon Consiglio",
        "addr:unit": "a",
        "amenity": "restaurant",
        "cuisine": "regional;italian",
        "indoor_seating": "yes",
        "name": "La Nuova Piazzetta",
        "outdoor_seating": "yes",
        "phone": "+39 06 699 1640",
        "website": "https://lanuovapiazzetta.it/"
      },
      "geometry": {
        "type": "Point",
        "coordinates": [
          12.489175,
          41.8933649
        ]
      },
      "id": "node/5506371671"
    },
    {
      "type": "Feature",
      "properties": {
        "@id": "node/5506371672",
        "addr:housenumber": "1",
        "addr:street": "Via del Cardello",
        "amenity": "restaurant",
        "cuisine": "italian",
        "name": "Al Cardello",
        "opening_hours": "Mo-Su 11:30-24:00",
        "phone": "+39 06 474 5259"
      },
      "geometry": {
        "type": "Point",
        "coordinates": [
          12.4899596,
          41.8932211
        ]
      },
      "id": "node/5506371672"
    },
    {
      "type": "Feature",
      "properties": {
        "@id": "node/5506371673",
        "addr:housenumber": "13",
        "addr:street": "Via del Cardello",
        "amenity": "restaurant",
        "cuisine": "italian",
        "name": "Le Terme del Colosseo",
        "opening_hours": "Mo-Su 11:30-15:00, 18:00-23:30",
        "phone": "+39 06 483616",
        "website": "https://letermedelcolosseo.it"
      },
      "geometry": {
        "type": "Point",
        "coordinates": [
          12.4899958,
          41.8931283
        ]
      },
      "id": "node/5506371673"
    },
    {
      "type": "Feature",
      "properties": {
        "@id": "node/5535092255",
        "amenity": "drinking_water",
        "fountain": "nasone",
        "wikimedia_commons": "File:Drinking fountain at Largo Gaetana Agnesi, Colosseo, Roma, Italia Sep 22, 2025 11-22-58 AM.jpeg"
      },
      "geometry": {
        "type": "Point",
        "coordinates": [
          12.491523,
          41.8917992
        ]
      },
      "id": "node/5535092255"
    },
    {
      "type": "Feature",
      "properties": {
        "@id": "node/5535609501",
        "addr:housenumber": "44",
        "addr:postcode": "00184",
        "addr:street": "Via Panisperna",
        "amenity": "restaurant",
        "check_date": "2024-02-18",
        "cuisine": "italian",
        "name": "Barzilai Bistrot",
        "website": "http://www.barzilaibistrot.it"
      },
      "geometry": {
        "type": "Point",
        "coordinates": [
          12.4903778,
          41.8963775
        ]
      },
      "id": "node/5535609501"
    },
    {
      "type": "Feature",
      "properties": {
        "@id": "node/5535622168",
        "addr:housenumber": "245",
        "addr:postcode": "00184",
        "addr:street": "Via Panisperna",
        "amenity": "ice_cream",
        "name": "Glauco",
        "opening_hours": "Mo-Su 11:00-24:00"
      },
      "geometry": {
        "type": "Point",
        "coordinates": [
          12.4906403,
          41.8963226
        ]
      },
      "id": "node/5535622168"
    },
    {
      "type": "Feature",
      "properties": {
        "@id": "node/5545048721",
        "addr:city": "Roma",
        "addr:housenumber": "233",
        "addr:postcode": "00184",
        "addr:street": "Via Cavour",
        "description": "Case vacanza.",
        "email": "casevacanza@spaceideas.it",
        "name": "Rome Style Apartments",
        "phone": "+39 3290678517",
        "tourism": "apartment",
        "website": "https://www.romestyleapartments.com/"
      },
      "geometry": {
        "type": "Point",
        "coordinates": [
          12.491557,
          41.894373
        ]
      },
      "id": "node/5545048721"
    },
    {
      "type": "Feature",
      "properties": {
        "@id": "node/5557340560",
        "addr:city": "Roma",
        "addr:housenumber": "18",
        "addr:postcode": "00184",
        "addr:street": "Largo della Polveriera",
        "amenity": "cafe",
        "cuisine": "coffee_shop;sandwich",
        "diet:vegetarian": "yes",
        "name": "Polveriera",
        "outdoor_seating": "yes"
      },
      "geometry": {
        "type": "Point",
        "coordinates": [
          12.4929574,
          41.8928315
        ]
      },
      "id": "node/5557340560"
    },
    {
      "type": "Feature",
      "properties": {
        "@id": "node/5574005054",
        "amenity": "university",
        "name": "Dipartimento di ingegneria dell'Informazione, Elettronica e Telecomunicazioni",
        "website": "https://web.uniroma1.it/dip_diet/"
      },
      "geometry": {
        "type": "Point",
        "coordinates": [
          12.4938755,
          41.8935665
        ]
      },
      "id": "node/5574005054"
    },
    {
      "type": "Feature",
      "properties": {
        "@id": "node/5586787424",
        "historic": "ruins",
        "name": "Aula Regia",
        "name:es": "Aula Regia",
        "name:fr": "Aula Regia",
        "wikidata": "Q94574",
        "wikimedia_commons": "Category:Aula Regia",
        "wikipedia": "it:Aula Regia"
      },
      "geometry": {
        "type": "Point",
        "coordinates": [
          12.4872868,
          41.8891287
        ]
      },
      "id": "node/5586787424"
    },
    {
      "type": "Feature",
      "properties": {
        "@id": "node/5604962421",
        "amenity": "cafe",
        "indoor_seating": "yes",
        "name": "Magasin",
        "outdoor_seating": "yes"
      },
      "geometry": {
        "type": "Point",
        "coordinates": [
          12.4900726,
          41.8967645
        ]
      },
      "id": "node/5604962421"
    },
    {
      "type": "Feature",
      "properties": {
        "@id": "node/5611906441",
        "amenity": "cafe",
        "name": "Da Nunzia Al Colle Oppio",
        "outdoor_seating": "yes"
      },
      "geometry": {
        "type": "Point",
        "coordinates": [
          12.497903,
          41.8909789
        ]
      },
      "id": "node/5611906441"
    },
    {
      "type": "Feature",
      "properties": {
        "@id": "node/5615949445",
        "archaeological_site": "church;mithraeum;domus",
        "charge": "10 EUR",
        "fee": "yes",
        "historic": "archaeological_site",
        "historic:civilization": "ancient_roman",
        "opening_hours": "Mo-Sa 09:00-12:30,15:00-18:00; Su 12:15-18:00"
      },
      "geometry": {
        "type": "Point",
        "coordinates": [
          12.4975759,
          41.8894074
        ]
      },
      "id": "node/5615949445"
    },
    {
      "type": "Feature",
      "properties": {
        "@id": "node/5615949447",
        "addr:city": "Roma",
        "addr:housenumber": "108",
        "addr:postcode": "00184",
        "addr:street": "Via di San Giovanni in Laterano",
        "name": "Profumo Maison d'Hotes",
        "phone": "+39 06 7096043",
        "source": "survey",
        "tourism": "hotel",
        "website": "https://www.profumomaisonroma.com/"
      },
      "geometry": {
        "type": "Point",
        "coordinates": [
          12.497476,
          41.889061
        ]
      },
      "id": "node/5615949447"
    },
    {
      "type": "Feature",
      "properties": {
        "@id": "node/5615949477",
        "artist_name": "Ľ. Ferko",
        "historic": "memorial",
        "inscription": "In questo monastero abitarono negli anni 867-869 i santi Constatnti-Cirillo e Motodio apostoli degli Slavi creatori della liturgia e della scrittura paleoslava.",
        "inscription:sk": "V tomto kláštore v r.867-869 bývali slovanskí apoštoli sv.Konštantín-Cyril a sv.Metod, zakladatelia staroslevenskej liturgie a písomníctva.",
        "memorial": "plaque",
        "source": "survey",
        "start_date": "1988"
      },
      "geometry": {
        "type": "Point",
        "coordinates": [
          12.498738,
          41.8965151
        ]
      },
      "id": "node/5615949477"
    },
    {
      "type": "Feature",
      "properties": {
        "@id": "node/5645513337",
        "addr:city": "Roma",
        "addr:housenumber": "76",
        "addr:postcode": "00184",
        "addr:street": "Via Milano",
        "fee": "no",
        "name": "Museo di Patologia del libro",
        "official_name": "Museo dell'Istituto centrale di patologia del libro Alfonso Gallo",
        "opening_hours": "\"Chiuso al pubblico\"",
        "phone": "+39 06 482911",
        "tourism": "museum"
      },
      "geometry": {
        "type": "Point",
        "coordinates": [
          12.491651,
          41.8972316
        ]
      },
      "id": "node/5645513337"
    },
    {
      "type": "Feature",
      "properties": {
        "@id": "node/5647603422",
        "amenity": "restaurant",
        "name": "Caffe Napoleon"
      },
      "geometry": {
        "type": "Point",
        "coordinates": [
          12.4817738,
          41.8964897
        ]
      },
      "id": "node/5647603422"
    },
    {
      "type": "Feature",
      "properties": {
        "@id": "node/5647614124",
        "amenity": "cafe",
        "cuisine": "ice_cream;italian",
        "name": "Antica Roma"
      },
      "geometry": {
        "type": "Point",
        "coordinates": [
          12.4823183,
          41.8968502
        ]
      },
      "id": "node/5647614124"
    },
    {
      "type": "Feature",
      "properties": {
        "@id": "node/5728348331",
        "historic": "memorial",
        "inscription": "Qui era la casa consacrata dalle dimoria e dalla morte del divino Michelangelo",
        "memorial": "plaque",
        "source": "survey",
        "start_date": "1871"
      },
      "geometry": {
        "type": "Point",
        "coordinates": [
          12.4833857,
          41.8961944
        ]
      },
      "id": "node/5728348331"
    },
    {
      "type": "Feature",
      "properties": {
        "@id": "node/5728348332",
        "historic": "memorial",
        "inscription": "Il 24 Maggio 1918, Il governo Italiano su questa piazza riconobbe ufficialmente la Ceco-Slovacchia conferendo la bandiera della legione al generale Milan Rastislav Štefánik",
        "memorial": "plaque",
        "source": "survey",
        "start_date": "2004-10-29"
      },
      "geometry": {
        "type": "Point",
        "coordinates": [
          12.4833968,
          41.896197
        ]
      },
      "id": "node/5728348332"
    },
    {
      "type": "Feature",
      "properties": {
        "@id": "node/5732659653",
        "amenity": "drinking_water",
        "fountain": "nasone",
        "wikimedia_commons": "File:Drinking fountain, Piazza di San Pietro in Vincoli, Roma, Italia May 03, 2023 10-23-44 PM.jpeg"
      },
      "geometry": {
        "type": "Point",
        "coordinates": [
          12.4923174,
          41.8936702
        ]
      },
      "id": "node/5732659653"
    },
    {
      "type": "Feature",
      "properties": {
        "@id": "node/5733532021",
        "addr:housenumber": "13",
        "addr:postcode": "00187",
        "addr:street": "Via di Sant'Eufemia",
        "amenity": "research_institute",
        "check_date": "2025-12-18",
        "name": "Escuela Española de Historia y Arqueología en Roma-CSIC",
        "website": "https://www.eehar.csic.es/"
      },
      "geometry": {
        "type": "Point",
        "coordinates": [
          12.4847364,
          41.8962893
        ]
      },
      "id": "node/5733532021"
    },
    {
      "type": "Feature",
      "properties": {
        "@id": "node/5762607353",
        "addr:housenumber": "125",
        "addr:postcode": "00184",
        "addr:street": "Via Labicana",
        "amenity": "restaurant",
        "name": "Aroma"
      },
      "geometry": {
        "type": "Point",
        "coordinates": [
          12.4955298,
          41.890136
        ]
      },
      "id": "node/5762607353"
    },
    {
      "type": "Feature",
      "properties": {
        "@id": "node/5768796753",
        "addr:city": "Roma",
        "addr:housenumber": "1",
        "addr:postcode": "00184",
        "addr:street": "Largo Gaetana Agnesi",
        "amenity": "cafe",
        "name": "Squisito Cook"
      },
      "geometry": {
        "type": "Point",
        "coordinates": [
          12.4909956,
          41.8915557
        ]
      },
      "id": "node/5768796753"
    },
    {
      "type": "Feature",
      "properties": {
        "@id": "node/5801329944",
        "amenity": "drinking_water",
        "description:de": "Wasserbrunnen",
        "man_made": "water_tap"
      },
      "geometry": {
        "type": "Point",
        "coordinates": [
          12.4884569,
          41.8880861
        ]
      },
      "id": "node/5801329944"
    },
    {
      "type": "Feature",
      "properties": {
        "@id": "node/5825601653",
        "addr:city": "Roma",
        "addr:housenumber": "124",
        "addr:street": "Via dei Serpenti",
        "amenity": "restaurant",
        "cuisine": "indian",
        "diet:vegetarian": "yes",
        "name": "Maharajah",
        "outdoor_seating": "yes",
        "phone": "+39 064747144",
        "smoking": "no",
        "website": "https://www.maharajah1.com/"
      },
      "geometry": {
        "type": "Point",
        "coordinates": [
          12.4903266,
          41.8961092
        ]
      },
      "id": "node/5825601653"
    },
    {
      "type": "Feature",
      "properties": {
        "@id": "node/5826868885",
        "amenity": "atm",
        "check_date": "2024-06-29"
      },
      "geometry": {
        "type": "Point",
        "coordinates": [
          12.4880026,
          41.8974217
        ]
      },
      "id": "node/5826868885"
    },
    {
      "type": "Feature",
      "properties": {
        "@id": "node/5834708406",
        "addr:city": "Roma",
        "addr:street": "Via di San Giovanni in Laterano",
        "amenity": "fast_food",
        "cuisine": "burger",
        "drive_through": "no",
        "name": "Peterland",
        "takeaway": "yes"
      },
      "geometry": {
        "type": "Point",
        "coordinates": [
          12.4956318,
          41.8895918
        ]
      },
      "id": "node/5834708406"
    },
    {
      "type": "Feature",
      "properties": {
        "@id": "node/5853362082",
        "amenity": "vending_machine",
        "check_date": "2024-10-11",
        "payment:coins": "yes",
        "vending": "parking_tickets"
      },
      "geometry": {
        "type": "Point",
        "coordinates": [
          12.4897885,
          41.8937108
        ]
      },
      "id": "node/5853362082"
    },
    {
      "type": "Feature",
      "properties": {
        "@id": "node/5853362084",
        "addr:city": "Roma",
        "addr:housenumber": "286",
        "addr:postcode": "00184",
        "addr:street": "Via Cavour",
        "amenity": "fast_food",
        "name": "L'angolo del panino"
      },
      "geometry": {
        "type": "Point",
        "coordinates": [
          12.4897154,
          41.8936684
        ]
      },
      "id": "node/5853362084"
    },
    {
      "type": "Feature",
      "properties": {
        "@id": "node/5853362486",
        "addr:city": "Roma",
        "addr:housenumber": "293",
        "addr:postcode": "00184",
        "addr:street": "Via Cavour",
        "amenity": "restaurant",
        "cuisine": "regional;italian",
        "name": "Trattoria da Valentino"
      },
      "geometry": {
        "type": "Point",
        "coordinates": [
          12.4897248,
          41.8938775
        ]
      },
      "id": "node/5853362486"
    },
    {
      "type": "Feature",
      "properties": {
        "@id": "node/5853362488",
        "addr:city": "Roma",
        "addr:housenumber": "291",
        "addr:postcode": "00184",
        "addr:street": "Via Cavour",
        "amenity": "restaurant",
        "name": "Bianco pepe"
      },
      "geometry": {
        "type": "Point",
        "coordinates": [
          12.4897804,
          41.8938915
        ]
      },
      "id": "node/5853362488"
    },
    {
      "type": "Feature",
      "properties": {
        "@id": "node/5853362489",
        "addr:city": "Roma",
        "addr:housenumber": "289",
        "addr:postcode": "00184",
        "addr:street": "Via Cavour",
        "amenity": "ice_cream",
        "indoor_seating": "yes",
        "name": "Gelateria",
        "outdoor_seating": "no"
      },
      "geometry": {
        "type": "Point",
        "coordinates": [
          12.4898173,
          41.8939025
        ]
      },
      "id": "node/5853362489"
    },
    {
      "type": "Feature",
      "properties": {
        "@id": "node/5853362493",
        "addr:city": "Roma",
        "addr:housenumber": "277",
        "addr:postcode": "00184",
        "addr:street": "Via Cavour",
        "amenity": "post_office",
        "check_date:opening_hours": "2024-10-11",
        "fax": "+39 06 48930597",
        "name": "Poste Italiane – Roma 44",
        "opening_hours": "Mo-Fr 08:20-13:35; Sa 08:20-12:35; PH off",
        "operator": "Poste Italiane",
        "operator:wikidata": "Q495026",
        "operator:wikipedia": "en:Poste italiane",
        "phone": "+39 06 46207425",
        "ref": "55301"
      },
      "geometry": {
        "type": "Point",
        "coordinates": [
          12.4901267,
          41.8939727
        ]
      },
      "id": "node/5853362493"
    },
    {
      "type": "Feature",
      "properties": {
        "@id": "node/5853362499",
        "addr:city": "Roma",
        "addr:housenumber": "106",
        "addr:postcode": "00184",
        "addr:street": "Via del Boschetto",
        "amenity": "music_school",
        "name": "Saint Louis College of Music"
      },
      "geometry": {
        "type": "Point",
        "coordinates": [
          12.4911306,
          41.8955586
        ]
      },
      "id": "node/5853362499"
    },
    {
      "type": "Feature",
      "properties": {
        "@id": "node/5853750588",
        "amenity": "bench",
        "backrest": "yes"
      },
      "geometry": {
        "type": "Point",
        "coordinates": [
          12.4973932,
          41.8907202
        ]
      },
      "id": "node/5853750588"
    },
    {
      "type": "Feature",
      "properties": {
        "@id": "node/5860781285",
        "historic": "relic",
        "name": "La testa di San Valentino",
        "name:en": "The Skull of St Valentine",
        "name:hu": "Szent Valentinus (Bálint) feje",
        "subject:wikidata": "Q192151",
        "tourism": "attraction"
      },
      "geometry": {
        "type": "Point",
        "coordinates": [
          12.4816509,
          41.8880726
        ]
      },
      "id": "node/5860781285"
    },
    {
      "type": "Feature",
      "properties": {
        "@id": "node/5865669985",
        "addr:housenumber": "130",
        "addr:street": "Via dei Serpenti",
        "amenity": "ice_cream",
        "name": "il Gelatone"
      },
      "geometry": {
        "type": "Point",
        "coordinates": [
          12.4903384,
          41.8956683
        ]
      },
      "id": "node/5865669985"
    },
    {
      "type": "Feature",
      "properties": {
        "@id": "node/5895824551",
        "addr:city": "Roma",
        "addr:housenumber": "19/b",
        "addr:postcode": "00184",
        "addr:street": "Via Cimarra",
        "amenity": "music_school",
        "check_date": "2025-08-27",
        "name": "Saint Louis College of Music"
      },
      "geometry": {
        "type": "Point",
        "coordinates": [
          12.4914677,
          41.8962495
        ]
      },
      "id": "node/5895824551"
    },
    {
      "type": "Feature",
      "properties": {
        "@id": "node/5947386111",
        "amenity": "clock",
        "display": "analog",
        "indoor": "no",
        "support": "wall_mounted",
        "visibility": "area"
      },
      "geometry": {
        "type": "Point",
        "coordinates": [
          12.4835033,
          41.8930271
        ]
      },
      "id": "node/5947386111"
    },
    {
      "type": "Feature",
      "properties": {
        "@id": "node/5952951477",
        "addr:city": "Roma",
        "addr:housenumber": "12",
        "addr:postcode": "00184",
        "addr:street": "Via Urbana",
        "amenity": "restaurant",
        "check_date": "2025-09-02",
        "cuisine": "italian;regional",
        "name": "La mucca biricchina",
        "opening_hours": "Mo-Su 11:30-23:30",
        "outdoor_seating": "no",
        "phone": "+39 06 488 2158"
      },
      "geometry": {
        "type": "Point",
        "coordinates": [
          12.4948981,
          41.8970874
        ]
      },
      "id": "node/5952951477"
    },
    {
      "type": "Feature",
      "properties": {
        "@id": "node/5952993541",
        "addr:city": "Roma",
        "addr:country": "IT",
        "addr:housenumber": "98",
        "addr:postcode": "00184",
        "addr:street": "Via Panisperna",
        "amenity": "restaurant",
        "check_date": "2025-09-01",
        "contact:email": "ristorantetema@gmail.com",
        "cuisine": "italian;mediterranean",
        "name": "Tema",
        "outdoor_seating": "no",
        "phone": "+39 06 486484",
        "website": "http://www.ristorantetema.com/"
      },
      "geometry": {
        "type": "Point",
        "coordinates": [
          12.4943931,
          41.8971471
        ]
      },
      "id": "node/5952993541"
    },
    {
      "type": "Feature",
      "properties": {
        "@id": "node/5964598373",
        "amenity": "social_facility",
        "description": "I Circoscrizione",
        "name": "Centro Anziani Monti",
        "operator": "Comune di Roma",
        "social_facility:for": "senior"
      },
      "geometry": {
        "type": "Point",
        "coordinates": [
          12.4877883,
          41.8937359
        ]
      },
      "id": "node/5964598373"
    },
    {
      "type": "Feature",
      "properties": {
        "@id": "node/5978649686",
        "name": "Colosseo",
        "name:it": "Colosseo",
        "name:ru": "колизей",
        "tourism": "viewpoint"
      },
      "geometry": {
        "type": "Point",
        "coordinates": [
          12.4943495,
          41.8910113
        ]
      },
      "id": "node/5978649686"
    },
    {
      "type": "Feature",
      "properties": {
        "@id": "node/5983727095",
        "addr:housenumber": "88",
        "addr:street": "Via di San Teodoro",
        "amenity": "cafe",
        "name": "Santeo",
        "opening_hours": "Mo-Su 07:00-20:00",
        "phone": "+39 06 69920945"
      },
      "geometry": {
        "type": "Point",
        "coordinates": [
          12.4832886,
          41.8884173
        ]
      },
      "id": "node/5983727095"
    },
    {
      "type": "Feature",
      "properties": {
        "@id": "node/5987022885",
        "addr:city": "Roma",
        "addr:country": "IT",
        "addr:housenumber": "134",
        "addr:postcode": "00184",
        "addr:street": "Via Urbana",
        "amenity": "cafe",
        "name": "Aromaticus",
        "opening_hours": "Tu-Su 11:00-21:30",
        "phone": "+39 06 4881355",
        "website": "https://www.aromaticus-roma.com"
      },
      "geometry": {
        "type": "Point",
        "coordinates": [
          12.4945281,
          41.8968565
        ]
      },
      "id": "node/5987022885"
    },
    {
      "type": "Feature",
      "properties": {
        "@id": "node/6044688593",
        "addr:housenumber": "40",
        "addr:postcode": "00184",
        "addr:street": "Via di San Giovanni in Laterano",
        "alt_name": "Il gelato di Costanza",
        "amenity": "ice_cream",
        "facebook": "https://www.facebook.com/people/Il-gelato-di-Costanza/61559407749876/",
        "name:it": "Gelateria da Costanza",
        "operator": "Cremeria Don Pepe’ di Clemente Costanza Srl.",
        "ref:vatin": "IT08605011009"
      },
      "geometry": {
        "type": "Point",
        "coordinates": [
          12.4952132,
          41.889766
        ]
      },
      "id": "node/6044688593"
    },
    {
      "type": "Feature",
      "properties": {
        "@id": "node/6095666220",
        "amenity": "cafe",
        "name": "Art Cafe",
        "opening_hours": "Mo-Fr 07:00-21:00"
      },
      "geometry": {
        "type": "Point",
        "coordinates": [
          12.4836902,
          41.8880651
        ]
      },
      "id": "node/6095666220"
    },
    {
      "type": "Feature",
      "properties": {
        "@id": "node/6124956489",
        "addr:housenumber": "73",
        "addr:street": "Via Leonina",
        "amenity": "restaurant",
        "cuisine": "pizza",
        "name": "La Boccaccia"
      },
      "geometry": {
        "type": "Point",
        "coordinates": [
          12.4917003,
          41.8947079
        ]
      },
      "id": "node/6124956489"
    },
    {
      "type": "Feature",
      "properties": {
        "@id": "node/6173175321",
        "addr:housenumber": "178",
        "addr:street": "Via dei Serpenti",
        "amenity": "fast_food",
        "cuisine": "sandwich",
        "name": "Fuorinorma"
      },
      "geometry": {
        "type": "Point",
        "coordinates": [
          12.4908025,
          41.8943032
        ]
      },
      "id": "node/6173175321"
    },
    {
      "type": "Feature",
      "properties": {
        "@id": "node/6198251878",
        "addr:city": "Roma",
        "addr:housenumber": "5",
        "addr:postcode": "00185",
        "addr:street": "Piazza di Santa Maria Maggiore",
        "amenity": "college",
        "name": "Pontificio seminario lombardo",
        "official_name": "Pontificio seminario lombardo dei santi Ambrogio e Carlo in Urbe",
        "wikipedia": "it:Pontificio seminario lombardo"
      },
      "geometry": {
        "type": "Point",
        "coordinates": [
          12.4995551,
          41.8975454
        ]
      },
      "id": "node/6198251878"
    },
    {
      "type": "Feature",
      "properties": {
        "@id": "node/6251333335",
        "addr:city": "Roma",
        "addr:floor": "0",
        "addr:housenumber": "18",
        "addr:postcode": "00184",
        "addr:street": "Via Eudossiana",
        "addr:unit": "RM031",
        "amenity": "library",
        "name": "Biblioteca di Ingegneria civile, meccanica e aerospaziale G. Boaga",
        "operator": "Sapienza - Università di Roma",
        "operator:type": "university",
        "operator:wikidata": "Q209344",
        "ref:isil": "IT-RM1176",
        "website": "https://ici.web.uniroma1.it/it/biblioteca-di-ingegneria-civile-meccanica-e-aerospaziale-bicma-g-boaga"
      },
      "geometry": {
        "type": "Point",
        "coordinates": [
          12.4932551,
          41.8930992
        ]
      },
      "id": "node/6251333335"
    },
    {
      "type": "Feature",
      "properties": {
        "@id": "node/6251333336",
        "addr:city": "Roma",
        "addr:floor": "0",
        "addr:housenumber": "12b",
        "addr:postcode": "00184",
        "addr:street": "Via delle Sette Sale",
        "addr:unit": "RM038",
        "amenity": "library",
        "name": "Biblioteca Ingegneria astronautica, elettrica ed energetica - sede Ingegneria elettrica",
        "operator": "Sapienza - Università di Roma",
        "operator:type": "university",
        "operator:wikidata": "Q209344",
        "ref:isil": "IT-RM0906",
        "website": "https://diaee.web.uniroma1.it/it/biblioteche/biblioteca-diaee"
      },
      "geometry": {
        "type": "Point",
        "coordinates": [
          12.4942545,
          41.8936936
        ]
      },
      "id": "node/6251333336"
    },
    {
      "type": "Feature",
      "properties": {
        "@id": "node/6251346678",
        "addr:city": "Roma",
        "addr:floor": "1",
        "addr:housenumber": "18",
        "addr:postcode": "00184",
        "addr:street": "Via Eudossiana",
        "addr:unit": "RM031",
        "amenity": "library",
        "name": "Biblioteca di Ingegneria meccanica e aerospaziale - sede principale",
        "operator": "Sapienza - Università di Roma",
        "operator:type": "university",
        "operator:wikidata": "Q209344",
        "ref:isil": "IT-RM1340",
        "website": "https://www.dima.uniroma1.it/dima/strutture/biblioteca"
      },
      "geometry": {
        "type": "Point",
        "coordinates": [
          12.4930525,
          41.8932329
        ]
      },
      "id": "node/6251346678"
    },
    {
      "type": "Feature",
      "properties": {
        "@id": "node/6251369570",
        "addr:city": "Roma",
        "addr:floor": "3",
        "addr:housenumber": "18",
        "addr:postcode": "00184",
        "addr:street": "Via Eudossiana",
        "addr:unit": "RM032",
        "amenity": "library",
        "name": "Biblioteca di Ingegneria dell'informazione, elettronica e telecomunicazioni",
        "operator": "Sapienza - Università di Roma",
        "operator:type": "university",
        "operator:wikidata": "Q209344",
        "ref:isil": "IT-RM0899"
      },
      "geometry": {
        "type": "Point",
        "coordinates": [
          12.4930178,
          41.8932591
        ]
      },
      "id": "node/6251369570"
    },
    {
      "type": "Feature",
      "properties": {
        "@id": "node/6261652487",
        "amenity": "toilets",
        "changing_table": "no",
        "fee": "no",
        "wheelchair": "yes"
      },
      "geometry": {
        "type": "Point",
        "coordinates": [
          12.488923,
          41.89029
        ]
      },
      "id": "node/6261652487"
    },
    {
      "type": "Feature",
      "properties": {
        "@id": "node/6268124882",
        "railway": "tram_level_crossing"
      },
      "geometry": {
        "type": "Point",
        "coordinates": [
          12.4939617,
          41.889524
        ]
      },
      "id": "node/6268124882"
    },
    {
      "type": "Feature",
      "properties": {
        "@id": "node/6268126004",
        "railway": "crossing"
      },
      "geometry": {
        "type": "Point",
        "coordinates": [
          12.4902688,
          41.8867781
        ]
      },
      "id": "node/6268126004"
    },
    {
      "type": "Feature",
      "properties": {
        "@id": "node/6268126617",
        "railway": "tram_crossing"
      },
      "geometry": {
        "type": "Point",
        "coordinates": [
          12.4943078,
          41.8904113
        ]
      },
      "id": "node/6268126617"
    },
    {
      "type": "Feature",
      "properties": {
        "@id": "node/6268126929",
        "railway": "tram_level_crossing"
      },
      "geometry": {
        "type": "Point",
        "coordinates": [
          12.4916012,
          41.8883595
        ]
      },
      "id": "node/6268126929"
    },
    {
      "type": "Feature",
      "properties": {
        "@id": "node/6280605307",
        "amenity": "drinking_water",
        "indoor": "yes",
        "level": "1"
      },
      "geometry": {
        "type": "Point",
        "coordinates": [
          12.4936946,
          41.8939824
        ]
      },
      "id": "node/6280605307"
    },
    {
      "type": "Feature",
      "properties": {
        "@id": "node/6299885385",
        "addr:city": "Roma",
        "addr:country": "IT",
        "addr:housenumber": "9/c",
        "addr:postcode": "00184",
        "addr:street": "Via di Santa Prassede",
        "amenity": "pub",
        "cuisine": "italian",
        "internet_access": "wlan",
        "name": "Birreria Marconi",
        "phone": "+39 06 97614636"
      },
      "geometry": {
        "type": "Point",
        "coordinates": [
          12.4985744,
          41.8966883
        ]
      },
      "id": "node/6299885385"
    },
    {
      "type": "Feature",
      "properties": {
        "@id": "node/6303120404",
        "amenity": "vending_machine",
        "level": "0",
        "vending": "food"
      },
      "geometry": {
        "type": "Point",
        "coordinates": [
          12.4937289,
          41.8940495
        ]
      },
      "id": "node/6303120404"
    },
    {
      "type": "Feature",
      "properties": {
        "@id": "node/6303120405",
        "amenity": "vending_machine",
        "level": "0",
        "vending": "coffee"
      },
      "geometry": {
        "type": "Point",
        "coordinates": [
          12.4937172,
          41.8940476
        ]
      },
      "id": "node/6303120405"
    },
    {
      "type": "Feature",
      "properties": {
        "@id": "node/6325416986",
        "amenity": "ice_cream",
        "name": "Gelateria Artigianale"
      },
      "geometry": {
        "type": "Point",
        "coordinates": [
          12.4838449,
          41.8880054
        ]
      },
      "id": "node/6325416986"
    },
    {
      "type": "Feature",
      "properties": {
        "@id": "node/6330664785",
        "amenity": "restaurant",
        "name": "Ostaria da Nerone"
      },
      "geometry": {
        "type": "Point",
        "coordinates": [
          12.4932583,
          41.8923548
        ]
      },
      "id": "node/6330664785"
    },
    {
      "type": "Feature",
      "properties": {
        "@id": "node/6401719414",
        "addr:housenumber": "12",
        "addr:postcode": "00185",
        "addr:street": "Piazza di Santa Maria Maggiore",
        "name": "B&B Buone Vacanze",
        "opening_hours": "24/7",
        "tourism": "hotel"
      },
      "geometry": {
        "type": "Point",
        "coordinates": [
          12.4989569,
          41.896626
        ]
      },
      "id": "node/6401719414"
    },
    {
      "type": "Feature",
      "properties": {
        "@id": "node/6402045185",
        "addr:postcode": "00184",
        "internet_access": "wlan",
        "name": "Casa per ferie II Il",
        "name:en": "Holiday home The Rosary",
        "name:it": "Casa per ferie Il Rosario",
        "tourism": "hotel",
        "website": "http://www.casailrosarioroma.it/index.php/it/"
      },
      "geometry": {
        "type": "Point",
        "coordinates": [
          12.4893213,
          41.8951379
        ]
      },
      "id": "node/6402045185"
    },
    {
      "type": "Feature",
      "properties": {
        "@id": "node/6402747548",
        "artist:wikidata": "Q108890575",
        "artist_name": "Padre Andrea Martini",
        "artwork_type": "statue",
        "material": "metal",
        "name": "San Francesco",
        "subject:wikidata": "Q676555",
        "subject:wikipedia": "it:Francesco d'Assisi",
        "tourism": "artwork"
      },
      "geometry": {
        "type": "Point",
        "coordinates": [
          12.4876589,
          41.8923707
        ]
      },
      "id": "node/6402747548"
    },
    {
      "type": "Feature",
      "properties": {
        "@id": "node/6402747557",
        "amenity": "waste_basket",
        "check_date": "2024-01-04"
      },
      "geometry": {
        "type": "Point",
        "coordinates": [
          12.490349,
          41.889617
        ]
      },
      "id": "node/6402747557"
    },
    {
      "type": "Feature",
      "properties": {
        "@id": "node/6402747571",
        "amenity": "waste_basket",
        "check_date": "2024-01-04"
      },
      "geometry": {
        "type": "Point",
        "coordinates": [
          12.4904652,
          41.8894961
        ]
      },
      "id": "node/6402747571"
    },
    {
      "type": "Feature",
      "properties": {
        "@id": "node/6426417157",
        "amenity": "bench",
        "backrest": "yes",
        "material": "wood"
      },
      "geometry": {
        "type": "Point",
        "coordinates": [
          12.4834874,
          41.8845165
        ]
      },
      "id": "node/6426417157"
    },
    {
      "type": "Feature",
      "properties": {
        "@id": "node/6475574631",
        "addr:city": "Roma",
        "addr:postcode": "00153",
        "addr:street": "Viale Aventino",
        "name": "Circo Maximo Experience",
        "operator": "Sovraintendenza Roma",
        "tourism": "attraction"
      },
      "geometry": {
        "type": "Point",
        "coordinates": [
          12.4885973,
          41.8843462
        ]
      },
      "id": "node/6475574631"
    },
    {
      "type": "Feature",
      "properties": {
        "@id": "node/6486032185",
        "amenity": "restaurant",
        "check_date:opening_hours": "2023-02-22",
        "cuisine": "italian",
        "name": "Pasta & Social",
        "opening_hours:signed": "no"
      },
      "geometry": {
        "type": "Point",
        "coordinates": [
          12.4847857,
          41.8973094
        ]
      },
      "id": "node/6486032185"
    },
    {
      "type": "Feature",
      "properties": {
        "@id": "node/6517776485",
        "addr:housenumber": "59a",
        "addr:postcode": "00184",
        "addr:street": "Via di San Giovanni in Laterano",
        "amenity": "restaurant",
        "cuisine": "seafood;mediterranean;pasta;italian",
        "diet:vegan": "yes",
        "diet:vegetarian": "yes",
        "email": "ristoranteisidoro@gmail.com",
        "indoor_seating": "yes",
        "name": "Ristorante Isidoro",
        "opening_hours": "Tu-Fr 00:00-23:00; Sa 19:00-23:00",
        "outdoor_seating": "yes",
        "phone": "+39067008266",
        "website": "https://www.hostariaisidoro.com/"
      },
      "geometry": {
        "type": "Point",
        "coordinates": [
          12.4983734,
          41.8889275
        ]
      },
      "id": "node/6517776485"
    },
    {
      "type": "Feature",
      "properties": {
        "@id": "node/6540366085",
        "addr:housenumber": "52",
        "addr:street": "Via degli Zingari",
        "fixme": "Il nome di questo luogo è veramente Air B&B o si tratta di un appartamento affittato con l'omonima piattaforma?",
        "name": "Air B&B",
        "tourism": "hotel"
      },
      "geometry": {
        "type": "Point",
        "coordinates": [
          12.4922766,
          41.8952275
        ]
      },
      "id": "node/6540366085"
    },
    {
      "type": "Feature",
      "properties": {
        "@id": "node/6547137240",
        "historic": "wayside_cross"
      },
      "geometry": {
        "type": "Point",
        "coordinates": [
          12.4876743,
          41.8890958
        ]
      },
      "id": "node/6547137240"
    },
    {
      "type": "Feature",
      "properties": {
        "@id": "node/6547153465",
        "amenity": "drinking_water",
        "check_date": "2025-08-19",
        "fountain": "drinking"
      },
      "geometry": {
        "type": "Point",
        "coordinates": [
          12.4941377,
          41.8971021
        ]
      },
      "id": "node/6547153465"
    },
    {
      "type": "Feature",
      "properties": {
        "@id": "node/6547164641",
        "amenity": "drinking_water",
        "fountain": "nasone",
        "wikimedia_commons": "File:Fountain Via in Miranda, Foro Romano, Roma, Italia Oct 05, 2022 04-55-47 PM.jpeg"
      },
      "geometry": {
        "type": "Point",
        "coordinates": [
          12.4870814,
          41.8924043
        ]
      },
      "id": "node/6547164641"
    },
    {
      "type": "Feature",
      "properties": {
        "@id": "node/6551350374",
        "amenity": "fountain",
        "drinking_water": "no",
        "fountain": "wall_mounted",
        "support": "wall_mounted",
        "wikimedia_commons": "File:Wall fountain, Roma, Italia Sep 01, 2020 12-33-55 PM.jpeg"
      },
      "geometry": {
        "type": "Point",
        "coordinates": [
          12.4946921,
          41.8857128
        ]
      },
      "id": "node/6551350374"
    },
    {
      "type": "Feature",
      "properties": {
        "@id": "node/6573371207",
        "addr:housenumber": "4",
        "addr:street": "Via delle Terme di Traiano",
        "addr:unit": "a",
        "amenity": "bar",
        "name": "Voodoo Bar",
        "opening_hours": "Mo-Th 18:00-02:00; Fr-Sa 18:00-03:00; Su 18:00-02:00",
        "phone": "+39 06 8379 6815",
        "website": "https://www.facebook.com/voodobar/"
      },
      "geometry": {
        "type": "Point",
        "coordinates": [
          12.4980998,
          41.8934174
        ]
      },
      "id": "node/6573371207"
    },
    {
      "type": "Feature",
      "properties": {
        "@id": "node/6573379647",
        "addr:housenumber": "4",
        "addr:street": "Via delle Terme di Traiano",
        "addr:unit": "a",
        "amenity": "bar",
        "name": "The Sanctuary - Eco Retreat",
        "opening_hours": "Tu-We 18:00-02:00; Th 18:00-03:00; Fr 18:00-04:00; Sa 11:00-04:00; Su 11:00-02:00",
        "phone": "+39 06 8379 6820",
        "website": "https://www.thesanctuaryroma.it/"
      },
      "geometry": {
        "type": "Point",
        "coordinates": [
          12.498334,
          41.8934297
        ]
      },
      "id": "node/6573379647"
    },
    {
      "type": "Feature",
      "properties": {
        "@id": "node/6616168986",
        "amenity": "drinking_water"
      },
      "geometry": {
        "type": "Point",
        "coordinates": [
          12.4967144,
          41.8922741
        ]
      },
      "id": "node/6616168986"
    },
    {
      "type": "Feature",
      "properties": {
        "@id": "node/6653924127",
        "addr:city": "Roma",
        "addr:housenumber": "160",
        "addr:postcode": "00184",
        "addr:street": "Via Nazionale",
        "amenity": "ice_cream",
        "description": "Gelato ice cream shop",
        "diet:vegan": "yes",
        "fixme": "according to a list on the company website, the POI is located at via Nazionale 170",
        "name": "The Gelatist",
        "opening_hours": "Mo-Su 10:00-01:00",
        "website": "https://www.thegelatist.it/"
      },
      "geometry": {
        "type": "Point",
        "coordinates": [
          12.4871384,
          41.8968931
        ]
      },
      "id": "node/6653924127"
    },
    {
      "type": "Feature",
      "properties": {
        "@id": "node/6695937286",
        "addr:city": "Roma",
        "addr:housenumber": "3",
        "addr:postcode": "00184",
        "addr:street": "Piazza degli Zingari",
        "amenity": "cafe",
        "brewery": "yes",
        "name": "Antigallery",
        "phone": "+39 06 45472023",
        "ref:vatin": "IT14286101002"
      },
      "geometry": {
        "type": "Point",
        "coordinates": [
          12.4929538,
          41.8955791
        ]
      },
      "id": "node/6695937286"
    },
    {
      "type": "Feature",
      "properties": {
        "@id": "node/6697475311",
        "artist:wikidata": "Q3719661",
        "artist_name": "Edoardo Rubino",
        "artwork_type": "statue",
        "name": "Vittoria Alata",
        "name:en": "Winged Victory",
        "tourism": "artwork"
      },
      "geometry": {
        "type": "Point",
        "coordinates": [
          12.4830432,
          41.8951735
        ]
      },
      "id": "node/6697475311"
    },
    {
      "type": "Feature",
      "properties": {
        "@id": "node/6697475312",
        "artist:wikidata": "Q3719571",
        "artist_name": "Edoardo De Albertis",
        "artwork_type": "statue",
        "name": "Vittoria Alata",
        "name:en": "Winged Victory",
        "tourism": "artwork"
      },
      "geometry": {
        "type": "Point",
        "coordinates": [
          12.482642,
          41.8950816
        ]
      },
      "id": "node/6697475312"
    },
    {
      "type": "Feature",
      "properties": {
        "@id": "node/6697931767",
        "historic": "memorial",
        "image": "https://upload.wikimedia.org/wikipedia/commons/8/84/Vittoriano_altare_Fiume_P1000740.jpg",
        "inscription": "FIUME",
        "memorial": "sculpture",
        "name": "Altare di città Fiume",
        "name:de": "Altar der Stadt Rijeka",
        "subject:wikidata": "Q1647"
      },
      "geometry": {
        "type": "Point",
        "coordinates": [
          12.4828181,
          41.8943383
        ]
      },
      "id": "node/6697931767"
    },
    {
      "type": "Feature",
      "properties": {
        "@id": "node/6698073207",
        "historic": "memorial",
        "memorial": "sculpture",
        "name": "Bollettino della Vittoria",
        "subject:wikidata": "Q3641757"
      },
      "geometry": {
        "type": "Point",
        "coordinates": [
          12.4831512,
          41.8943826
        ]
      },
      "id": "node/6698073207"
    },
    {
      "type": "Feature",
      "properties": {
        "@id": "node/6698598585",
        "addr:city": "Roma",
        "addr:housenumber": "31",
        "addr:postcode": "00184",
        "addr:street": "Via dei Ciancaleoni",
        "amenity": "restaurant",
        "contact:website": "https://www.blackmarkethall.com/",
        "name": "Black Market Hall",
        "outdoor_seating": "yes"
      },
      "geometry": {
        "type": "Point",
        "coordinates": [
          12.4935707,
          41.8967525
        ]
      },
      "id": "node/6698598585"
    },
    {
      "type": "Feature",
      "properties": {
        "@id": "node/6705228512",
        "artwork_type": "statue",
        "name": "Dea Roma",
        "name:en": "Fountain of the Goddess Roma",
        "subject:wikidata": "Q953033",
        "tourism": "artwork",
        "wikidata": "Q125809209",
        "wikimedia_commons": "Category:Fountain in Piazza del Campidoglio (Rome) - Dea Roma"
      },
      "geometry": {
        "type": "Point",
        "coordinates": [
          12.4833077,
          41.8931218
        ]
      },
      "id": "node/6705228512"
    },
    {
      "type": "Feature",
      "properties": {
        "@id": "node/6705819691",
        "artwork_type": "statue",
        "name": "Trofeo Mario",
        "name:en": "Trophy of Marius",
        "tourism": "artwork",
        "wikimedia_commons": "File:Campidoglio, Roma_-_trofei_(dx)_fronte.jpg"
      },
      "geometry": {
        "type": "Point",
        "coordinates": [
          12.4824862,
          41.8933748
        ]
      },
      "id": "node/6705819691"
    },
    {
      "type": "Feature",
      "properties": {
        "@id": "node/6705819692",
        "artwork_type": "statue",
        "name": "Costantino II",
        "subject:wikidata": "Q46734",
        "tourism": "artwork",
        "wikimedia_commons": "File:Campidoglio,_Roma_-_Costantino_II_cesare_fronte.jpg"
      },
      "geometry": {
        "type": "Point",
        "coordinates": [
          12.4824498,
          41.8933344
        ]
      },
      "id": "node/6705819692"
    },
    {
      "type": "Feature",
      "properties": {
        "@id": "node/6705819693",
        "historic": "milestone",
        "name": "La prima pietra miliare della Via Appia",
        "name:en": "The first milestone of the Via Appia",
        "name:hu": "A Via Appia első mérföldköve",
        "name:it": "Miliario",
        "name:la": "Miliarium"
      },
      "geometry": {
        "type": "Point",
        "coordinates": [
          12.4824134,
          41.8932952
        ]
      },
      "id": "node/6705819693"
    },
    {
      "type": "Feature",
      "properties": {
        "@id": "node/6705819694",
        "historic": "milestone"
      },
      "geometry": {
        "type": "Point",
        "coordinates": [
          12.4827424,
          41.893671
        ]
      },
      "id": "node/6705819694"
    },
    {
      "type": "Feature",
      "properties": {
        "@id": "node/6705819695",
        "artwork_type": "statue",
        "image": "https://upload.wikimedia.org/wikipedia/commons/1/1c/Campidoglio%2C_Roma_-_trofei_%28dx%29_fronte.jpg",
        "name": "Trofeo Mario",
        "name:en": "Trophy of Marius",
        "tourism": "artwork",
        "wikidata": "Q126182518",
        "wikimedia_commons": "Category:Trofei di Mario"
      },
      "geometry": {
        "type": "Point",
        "coordinates": [
          12.4826774,
          41.8935932
        ]
      },
      "id": "node/6705819695"
    },
    {
      "type": "Feature",
      "properties": {
        "@id": "node/6705819696",
        "amenity": "fountain",
        "artwork_type": "statue",
        "name": "Fontana del Leone Egizio",
        "tourism": "artwork",
        "wikimedia_commons": "File:43_leone_e_araceli.JPG"
      },
      "geometry": {
        "type": "Point",
        "coordinates": [
          12.4820117,
          41.8937976
        ]
      },
      "id": "node/6705819696"
    },
    {
      "type": "Feature",
      "properties": {
        "@id": "node/6705819697",
        "amenity": "fountain",
        "artwork_type": "statue",
        "name": "Fontana del Leone Egizio",
        "tourism": "artwork"
      },
      "geometry": {
        "type": "Point",
        "coordinates": [
          12.4819494,
          41.8937282
        ]
      },
      "id": "node/6705819697"
    },
    {
      "type": "Feature",
      "properties": {
        "@id": "node/6717890087",
        "addr:city": "Roma",
        "addr:housenumber": "3",
        "addr:postcode": "00185",
        "addr:street": "Via Carlo Alberto",
        "amenity": "restaurant",
        "contact:facebook": "https://it-it.facebook.com/laterrazzadeipapi/",
        "name": "Terrazza dei Papi"
      },
      "geometry": {
        "type": "Point",
        "coordinates": [
          12.5000057,
          41.8967418
        ]
      },
      "id": "node/6717890087"
    },
    {
      "type": "Feature",
      "properties": {
        "@id": "node/6753006242",
        "artist_name": "Tommaso della Porta;Leonardo Sormani",
        "artwork_type": "statue",
        "height": "40",
        "layer": "1",
        "material": "stone",
        "min_height": "38",
        "tourism": "artwork"
      },
      "geometry": {
        "type": "Point",
        "coordinates": [
          12.4842737,
          41.8958089
        ]
      },
      "id": "node/6753006242"
    },
    {
      "type": "Feature",
      "properties": {
        "@id": "node/6754330447",
        "natural": "tree"
      },
      "geometry": {
        "type": "Point",
        "coordinates": [
          12.4909616,
          41.8908818
        ]
      },
      "id": "node/6754330447"
    },
    {
      "type": "Feature",
      "properties": {
        "@id": "node/6754330448",
        "denotation": "urban",
        "natural": "tree"
      },
      "geometry": {
        "type": "Point",
        "coordinates": [
          12.491018,
          41.8908526
        ]
      },
      "id": "node/6754330448"
    },
    {
      "type": "Feature",
      "properties": {
        "@id": "node/6754330449",
        "natural": "tree"
      },
      "geometry": {
        "type": "Point",
        "coordinates": [
          12.4911345,
          41.890814
        ]
      },
      "id": "node/6754330449"
    },
    {
      "type": "Feature",
      "properties": {
        "@id": "node/6754330450",
        "natural": "tree"
      },
      "geometry": {
        "type": "Point",
        "coordinates": [
          12.4911802,
          41.8907985
        ]
      },
      "id": "node/6754330450"
    },
    {
      "type": "Feature",
      "properties": {
        "@id": "node/6754330451",
        "natural": "tree"
      },
      "geometry": {
        "type": "Point",
        "coordinates": [
          12.490983,
          41.8908657
        ]
      },
      "id": "node/6754330451"
    },
    {
      "type": "Feature",
      "properties": {
        "@id": "node/6779119985",
        "tourism": "viewpoint"
      },
      "geometry": {
        "type": "Point",
        "coordinates": [
          12.4924135,
          41.8916738
        ]
      },
      "id": "node/6779119985"
    },
    {
      "type": "Feature",
      "properties": {
        "@id": "node/6782648847",
        "addr:city": "Roma",
        "addr:housenumber": "165",
        "addr:postcode": "00184",
        "addr:street": "Via Nazionale",
        "amenity": "cafe",
        "indoor_seating": "yes",
        "name": "BarIsta",
        "outdoor_seating": "yes"
      },
      "geometry": {
        "type": "Point",
        "coordinates": [
          12.4873466,
          41.8970175
        ]
      },
      "id": "node/6782648847"
    },
    {
      "type": "Feature",
      "properties": {
        "@id": "node/6792719853",
        "name": "Leoni di Giada",
        "opening_hours": "24/7",
        "tourism": "hotel"
      },
      "geometry": {
        "type": "Point",
        "coordinates": [
          12.5006875,
          41.8964149
        ]
      },
      "id": "node/6792719853"
    },
    {
      "type": "Feature",
      "properties": {
        "@id": "node/6794907856",
        "addr:city": "Roma",
        "addr:housenumber": "83",
        "addr:postcode": "00185",
        "addr:street": "Via Merulana",
        "amenity": "cafe",
        "name": "081 Cafe",
        "phone": "+39 340 3397933"
      },
      "geometry": {
        "type": "Point",
        "coordinates": [
          12.5021426,
          41.8919304
        ]
      },
      "id": "node/6794907856"
    },
    {
      "type": "Feature",
      "properties": {
        "@id": "node/6795359170",
        "amenity": "cafe",
        "check_date": "2023-05-05",
        "name": "Bar Licenza 93"
      },
      "geometry": {
        "type": "Point",
        "coordinates": [
          12.4974613,
          41.8952679
        ]
      },
      "id": "node/6795359170"
    },
    {
      "type": "Feature",
      "properties": {
        "@id": "node/6795599191",
        "addr:city": "Roma",
        "addr:country": "IT",
        "addr:housenumber": "44",
        "addr:postcode": "00185",
        "addr:street": "Via Leopardi",
        "amenity": "fast_food",
        "cuisine": "pizza",
        "name": "Pizza a taglio – Friggitoria"
      },
      "geometry": {
        "type": "Point",
        "coordinates": [
          12.5019181,
          41.8945605
        ]
      },
      "id": "node/6795599191"
    },
    {
      "type": "Feature",
      "properties": {
        "@id": "node/6796339086",
        "amenity": "cafe",
        "check_date": "2024-12-22",
        "cuisine": "italian_pizza",
        "name": "Grano"
      },
      "geometry": {
        "type": "Point",
        "coordinates": [
          12.4854679,
          41.89606
        ]
      },
      "id": "node/6796339086"
    },
    {
      "type": "Feature",
      "properties": {
        "@id": "node/6841124063",
        "access": "customers",
        "amenity": "drinking_water",
        "bottle": "yes",
        "check_date": "2024-01-04",
        "fee": "no",
        "man_made": "water_tap",
        "wheelchair": "yes",
        "wikimedia_commons": "File:Drinking water tap, Colosseo, Roma, Italia Mar 11, 2023 03-29-29 PM.jpeg"
      },
      "geometry": {
        "type": "Point",
        "coordinates": [
          12.4926424,
          41.8906483
        ]
      },
      "id": "node/6841124063"
    },
    {
      "type": "Feature",
      "properties": {
        "@id": "node/6842862789",
        "bus": "yes",
        "highway": "bus_stop",
        "name:zh": "競技場上下車處",
        "public_transport": "platform"
      },
      "geometry": {
        "type": "Point",
        "coordinates": [
          12.4943678,
          41.8870242
        ]
      },
      "id": "node/6842862789"
    },
    {
      "type": "Feature",
      "properties": {
        "@id": "node/6863307585",
        "amenity": "cafe",
        "lgbtq": "welcome",
        "name": "Salotto del colosseo"
      },
      "geometry": {
        "type": "Point",
        "coordinates": [
          12.4952411,
          41.8897622
        ]
      },
      "id": "node/6863307585"
    },
    {
      "type": "Feature",
      "properties": {
        "@id": "node/6863797285",
        "amenity": "bus_station",
        "bus": "yes",
        "public_transport": "station"
      },
      "geometry": {
        "type": "Point",
        "coordinates": [
          12.4922134,
          41.8944611
        ]
      },
      "id": "node/6863797285"
    },
    {
      "type": "Feature",
      "properties": {
        "@id": "node/6866900126",
        "amenity": "doctors",
        "healthcare": "doctor"
      },
      "geometry": {
        "type": "Point",
        "coordinates": [
          12.5023351,
          41.8973846
        ]
      },
      "id": "node/6866900126"
    },
    {
      "type": "Feature",
      "properties": {
        "@id": "node/6874462385",
        "amenity": "bicycle_parking"
      },
      "geometry": {
        "type": "Point",
        "coordinates": [
          12.4817791,
          41.889193
        ]
      },
      "id": "node/6874462385"
    },
    {
      "type": "Feature",
      "properties": {
        "@id": "node/6875008769",
        "railway": "tram_level_crossing"
      },
      "geometry": {
        "type": "Point",
        "coordinates": [
          12.488028,
          41.8835464
        ]
      },
      "id": "node/6875008769"
    },
    {
      "type": "Feature",
      "properties": {
        "@id": "node/6875738650",
        "amenity": "recycling",
        "recycling:cans": "yes",
        "recycling:food_waste": "yes",
        "recycling:glass_bottles": "yes",
        "recycling:green_waste": "yes",
        "recycling:paper": "yes",
        "recycling:plastic": "yes",
        "recycling:scrap_metal": "yes",
        "recycling_type": "container"
      },
      "geometry": {
        "type": "Point",
        "coordinates": [
          12.5005994,
          41.8840959
        ]
      },
      "id": "node/6875738650"
    },
    {
      "type": "Feature",
      "properties": {
        "@id": "node/6909528285",
        "addr:housenumber": "31",
        "addr:postcode": "00153",
        "addr:street": "Via della Fonte di Fauno",
        "name": "Fauno urban resort",
        "tourism": "hotel"
      },
      "geometry": {
        "type": "Point",
        "coordinates": [
          12.4864557,
          41.8835663
        ]
      },
      "id": "node/6909528285"
    },
    {
      "type": "Feature",
      "properties": {
        "@id": "node/6924499385",
        "name": "Guest House",
        "tourism": "guest_house"
      },
      "geometry": {
        "type": "Point",
        "coordinates": [
          12.5007013,
          41.8913614
        ]
      },
      "id": "node/6924499385"
    },
    {
      "type": "Feature",
      "properties": {
        "@id": "node/6932750975",
        "amenity": "bench",
        "backrest": "no"
      },
      "geometry": {
        "type": "Point",
        "coordinates": [
          12.4930928,
          41.8955873
        ]
      },
      "id": "node/6932750975"
    },
    {
      "type": "Feature",
      "properties": {
        "@id": "node/6936079391",
        "amenity": "toilets",
        "opening_hours": "Mo-Su 08:30-16:30"
      },
      "geometry": {
        "type": "Point",
        "coordinates": [
          12.4852272,
          41.8878308
        ]
      },
      "id": "node/6936079391"
    },
    {
      "type": "Feature",
      "properties": {
        "@id": "node/6939859092",
        "amenity": "toilets",
        "fee": "no"
      },
      "geometry": {
        "type": "Point",
        "coordinates": [
          12.481981,
          41.8926768
        ]
      },
      "id": "node/6939859092"
    },
    {
      "type": "Feature",
      "properties": {
        "@id": "node/6974555685",
        "name:ru": "гостевой дом",
        "tourism": "guest_house"
      },
      "geometry": {
        "type": "Point",
        "coordinates": [
          12.5018693,
          41.8956705
        ]
      },
      "id": "node/6974555685"
    },
    {
      "type": "Feature",
      "properties": {
        "@id": "node/6992316685",
        "amenity": "restaurant",
        "name": "RoYaL Art Cafè"
      },
      "geometry": {
        "type": "Point",
        "coordinates": [
          12.4925537,
          41.8915062
        ]
      },
      "id": "node/6992316685"
    },
    {
      "type": "Feature",
      "properties": {
        "@id": "node/7004610585",
        "addr:city": "Roma",
        "addr:country": "IT",
        "addr:housenumber": "224",
        "addr:postcode": "00185",
        "addr:street": "Via Merulana",
        "amenity": "restaurant",
        "cuisine": "italian;steak_house",
        "email": "ristorantecaffe@ornelli.it",
        "indoor_seating": "yes",
        "name": "Ornelli",
        "opening_hours": "Mo-Sa 08:00-23:00",
        "outdoor_seating": "yes",
        "phone": "+39 064872788",
        "website": "http://www.ornelliristorantecaffe.it"
      },
      "geometry": {
        "type": "Point",
        "coordinates": [
          12.5013743,
          41.8927007
        ]
      },
      "id": "node/7004610585"
    },
    {
      "type": "Feature",
      "properties": {
        "@id": "node/7031708785",
        "name:ru": "Дом 1",
        "tourism": "apartment"
      },
      "geometry": {
        "type": "Point",
        "coordinates": [
          12.4927669,
          41.8927334
        ]
      },
      "id": "node/7031708785"
    },
    {
      "type": "Feature",
      "properties": {
        "@id": "node/7041644185",
        "amenity": "recycling",
        "recycling:clothes": "yes",
        "recycling:glass": "yes",
        "recycling_type": "container"
      },
      "geometry": {
        "type": "Point",
        "coordinates": [
          12.4823548,
          41.8853161
        ]
      },
      "id": "node/7041644185"
    },
    {
      "type": "Feature",
      "properties": {
        "@id": "node/7082273930",
        "amenity": "post_box",
        "collection_times": "Mo-Fr 16:00;Sa 12:00;PH off",
        "operator": "Poste Italiane",
        "operator:wikidata": "Q495026",
        "operator:wikipedia": "en:Poste italiane"
      },
      "geometry": {
        "type": "Point",
        "coordinates": [
          12.4971025,
          41.88919
        ]
      },
      "id": "node/7082273930"
    },
    {
      "type": "Feature",
      "properties": {
        "@id": "node/7082306423",
        "addr:city": "Roma",
        "addr:housenumber": "88",
        "addr:street": "Via di San Giovanni in Laterano",
        "amenity": "restaurant",
        "cuisine": "italian;pizza",
        "internet_access": "no",
        "name": "Trattoria Pizzeria Luzzi",
        "opening_hours": "Th-Tu 12:00-24:00",
        "oven": "wood_fired",
        "phone": "+39 06 7096332",
        "smoking": "no",
        "start_date": "1945",
        "website": "https://trattorialuzzi.it/il-nostro-menu/"
      },
      "geometry": {
        "type": "Point",
        "coordinates": [
          12.4966238,
          41.8892927
        ]
      },
      "id": "node/7082306423"
    },
    {
      "type": "Feature",
      "properties": {
        "@id": "node/7082323605",
        "amenity": "recycling",
        "recycling:clothes": "yes",
        "recycling_type": "container"
      },
      "geometry": {
        "type": "Point",
        "coordinates": [
          12.4969132,
          41.8894047
        ]
      },
      "id": "node/7082323605"
    },
    {
      "type": "Feature",
      "properties": {
        "@id": "node/7085935353",
        "access": "yes",
        "amenity": "drinking_water",
        "fee": "no",
        "man_made": "water_tap"
      },
      "geometry": {
        "type": "Point",
        "coordinates": [
          12.4941883,
          41.8915996
        ]
      },
      "id": "node/7085935353"
    },
    {
      "type": "Feature",
      "properties": {
        "@id": "node/7116368791",
        "man_made": "flagpole"
      },
      "geometry": {
        "type": "Point",
        "coordinates": [
          12.4889204,
          41.8837105
        ]
      },
      "id": "node/7116368791"
    },
    {
      "type": "Feature",
      "properties": {
        "@id": "node/7203154248",
        "amenity": "drinking_water",
        "fountain": "nasone",
        "wikimedia_commons": "File:Nasone Via Marco Aurelio, Roma, Italia Jun 30, 2022 08-08-32 PM.jpeg"
      },
      "geometry": {
        "type": "Point",
        "coordinates": [
          12.4955486,
          41.8882028
        ]
      },
      "id": "node/7203154248"
    },
    {
      "type": "Feature",
      "properties": {
        "@id": "node/7203162603",
        "amenity": "police",
        "name": "Commisariato di Polizia Celio",
        "operator": "Polizia di Stato",
        "operator:wikidata": "Q897817",
        "police": "IT:polizia_di_stato"
      },
      "geometry": {
        "type": "Point",
        "coordinates": [
          12.4953314,
          41.8881466
        ]
      },
      "id": "node/7203162603"
    },
    {
      "type": "Feature",
      "properties": {
        "@id": "node/7203197425",
        "amenity": "monastery",
        "community": "Jesu XPI Passio",
        "name": "Casa Generalizia dei Passionisti"
      },
      "geometry": {
        "type": "Point",
        "coordinates": [
          12.4927902,
          41.8869969
        ]
      },
      "id": "node/7203197425"
    },
    {
      "type": "Feature",
      "properties": {
        "@id": "node/7239169954",
        "historic": "memorial",
        "memorial": "statue",
        "name": "Giulio Cesare",
        "name:hu": "Julius Caesar",
        "name:ru": "Памятник Юлию Цезарю",
        "subject:wikidata": "Q1048"
      },
      "geometry": {
        "type": "Point",
        "coordinates": [
          12.4853829,
          41.8939965
        ]
      },
      "id": "node/7239169954"
    },
    {
      "type": "Feature",
      "properties": {
        "@id": "node/7264023573",
        "crossing": "traffic_signals",
        "railway": "tram_crossing"
      },
      "geometry": {
        "type": "Point",
        "coordinates": [
          12.4887149,
          41.8840827
        ]
      },
      "id": "node/7264023573"
    },
    {
      "type": "Feature",
      "properties": {
        "@id": "node/7264023574",
        "crossing": "traffic_signals",
        "railway": "tram_crossing"
      },
      "geometry": {
        "type": "Point",
        "coordinates": [
          12.4887403,
          41.8840639
        ]
      },
      "id": "node/7264023574"
    },
    {
      "type": "Feature",
      "properties": {
        "@id": "node/7264039255",
        "railway": "tram_level_crossing"
      },
      "geometry": {
        "type": "Point",
        "coordinates": [
          12.4889725,
          41.8842991
        ]
      },
      "id": "node/7264039255"
    },
    {
      "type": "Feature",
      "properties": {
        "@id": "node/7264039257",
        "railway": "tram_level_crossing"
      },
      "geometry": {
        "type": "Point",
        "coordinates": [
          12.4894135,
          41.8849946
        ]
      },
      "id": "node/7264039257"
    },
    {
      "type": "Feature",
      "properties": {
        "@id": "node/7264039258",
        "railway": "tram_level_crossing"
      },
      "geometry": {
        "type": "Point",
        "coordinates": [
          12.4935813,
          41.8890918
        ]
      },
      "id": "node/7264039258"
    },
    {
      "type": "Feature",
      "properties": {
        "@id": "node/7264039259",
        "railway": "tram_level_crossing"
      },
      "geometry": {
        "type": "Point",
        "coordinates": [
          12.4936734,
          41.8891583
        ]
      },
      "id": "node/7264039259"
    },
    {
      "type": "Feature",
      "properties": {
        "@id": "node/7264039260",
        "railway": "tram_crossing"
      },
      "geometry": {
        "type": "Point",
        "coordinates": [
          12.4937558,
          41.8892662
        ]
      },
      "id": "node/7264039260"
    },
    {
      "type": "Feature",
      "properties": {
        "@id": "node/7264039261",
        "railway": "tram_level_crossing"
      },
      "geometry": {
        "type": "Point",
        "coordinates": [
          12.4939252,
          41.8895321
        ]
      },
      "id": "node/7264039261"
    },
    {
      "type": "Feature",
      "properties": {
        "@id": "node/7264039283",
        "railway": "tram_level_crossing"
      },
      "geometry": {
        "type": "Point",
        "coordinates": [
          12.4880729,
          41.8835408
        ]
      },
      "id": "node/7264039283"
    },
    {
      "type": "Feature",
      "properties": {
        "@id": "node/7264039284",
        "railway": "tram_level_crossing"
      },
      "geometry": {
        "type": "Point",
        "coordinates": [
          12.4889859,
          41.8842695
        ]
      },
      "id": "node/7264039284"
    },
    {
      "type": "Feature",
      "properties": {
        "@id": "node/7264039286",
        "railway": "tram_level_crossing"
      },
      "geometry": {
        "type": "Point",
        "coordinates": [
          12.4893965,
          41.884894
        ]
      },
      "id": "node/7264039286"
    },
    {
      "type": "Feature",
      "properties": {
        "@id": "node/7264039287",
        "railway": "tram_level_crossing"
      },
      "geometry": {
        "type": "Point",
        "coordinates": [
          12.4894268,
          41.8849432
        ]
      },
      "id": "node/7264039287"
    },
    {
      "type": "Feature",
      "properties": {
        "@id": "node/7299099488",
        "addr:city": "Roma",
        "addr:housenumber": "83",
        "addr:postcode": "00184",
        "addr:street": "Largo Brancaccio",
        "email": "suite@justchilling.info",
        "guest_house": "bed_and_breakfast",
        "level": "3",
        "name": "Just Chilling Suite",
        "phone": "+39 329 0607219",
        "ref:vatin": "IT14726351001",
        "tourism": "guest_house"
      },
      "geometry": {
        "type": "Point",
        "coordinates": [
          12.4993453,
          41.8951402
        ]
      },
      "id": "node/7299099488"
    },
    {
      "type": "Feature",
      "properties": {
        "@id": "node/7347029006",
        "amenity": "waste_basket"
      },
      "geometry": {
        "type": "Point",
        "coordinates": [
          12.4914566,
          41.8906366
        ]
      },
      "id": "node/7347029006"
    },
    {
      "type": "Feature",
      "properties": {
        "@id": "node/7549830489",
        "addr:housenumber": "95a",
        "addr:street": "Via Quattro Novembre",
        "amenity": "ice_cream",
        "name": "Il Cannolo Siciliano"
      },
      "geometry": {
        "type": "Point",
        "coordinates": [
          12.4853983,
          41.8961788
        ]
      },
      "id": "node/7549830489"
    },
    {
      "type": "Feature",
      "properties": {
        "@id": "node/7644009735",
        "addr:housenumber": "5a",
        "addr:postcode": "00153",
        "addr:street": "Via del Circo Massimo",
        "amenity": "cafe",
        "cuisine": "bistro",
        "name": "Gusto Massimo",
        "operator": "Tiziano di M.E.F. Srl.",
        "outdoor_seating": "yes",
        "ref:vatin": "IT08205531000",
        "restaurant:type:it": "bar;bistro"
      },
      "geometry": {
        "type": "Point",
        "coordinates": [
          12.4873767,
          41.8836081
        ]
      },
      "id": "node/7644009735"
    },
    {
      "type": "Feature",
      "properties": {
        "@id": "node/7780730299",
        "access": "yes",
        "amenity": "drinking_water",
        "bottle": "yes",
        "building": "water_dispenser",
        "carbonized": "yes",
        "chilled": "yes",
        "drinking_water": "yes",
        "fee": "no",
        "man_made": "water_tap",
        "operator": "Acea",
        "operator:wikidata": "Q3604235",
        "wikimedia_commons": "File:Casetta dell’acqua al Colosseo, Roma, Italia Mar 11, 2023 04-38-01 PM.jpeg"
      },
      "geometry": {
        "type": "Point",
        "coordinates": [
          12.4918731,
          41.8894443
        ]
      },
      "id": "node/7780730299"
    },
    {
      "type": "Feature",
      "properties": {
        "@id": "node/7780730300",
        "railway": "tram_crossing"
      },
      "geometry": {
        "type": "Point",
        "coordinates": [
          12.4937931,
          41.8892547
        ]
      },
      "id": "node/7780730300"
    },
    {
      "type": "Feature",
      "properties": {
        "@id": "node/7780730315",
        "natural": "tree"
      },
      "geometry": {
        "type": "Point",
        "coordinates": [
          12.490724,
          41.8905092
        ]
      },
      "id": "node/7780730315"
    },
    {
      "type": "Feature",
      "properties": {
        "@id": "node/7780730316",
        "natural": "tree"
      },
      "geometry": {
        "type": "Point",
        "coordinates": [
          12.4906779,
          41.8903458
        ]
      },
      "id": "node/7780730316"
    },
    {
      "type": "Feature",
      "properties": {
        "@id": "node/7780730317",
        "natural": "tree"
      },
      "geometry": {
        "type": "Point",
        "coordinates": [
          12.4907065,
          41.8904501
        ]
      },
      "id": "node/7780730317"
    },
    {
      "type": "Feature",
      "properties": {
        "@id": "node/7780730318",
        "natural": "tree"
      },
      "geometry": {
        "type": "Point",
        "coordinates": [
          12.4907012,
          41.8903888
        ]
      },
      "id": "node/7780730318"
    },
    {
      "type": "Feature",
      "properties": {
        "@id": "node/7780785675",
        "railway": "tram_level_crossing"
      },
      "geometry": {
        "type": "Point",
        "coordinates": [
          12.4941659,
          41.8901206
        ]
      },
      "id": "node/7780785675"
    },
    {
      "type": "Feature",
      "properties": {
        "@id": "node/7780785678",
        "railway": "tram_crossing"
      },
      "geometry": {
        "type": "Point",
        "coordinates": [
          12.496929,
          41.8900781
        ]
      },
      "id": "node/7780785678"
    },
    {
      "type": "Feature",
      "properties": {
        "@id": "node/7780785679",
        "railway": "tram_level_crossing"
      },
      "geometry": {
        "type": "Point",
        "coordinates": [
          12.4936276,
          41.8890823
        ]
      },
      "id": "node/7780785679"
    },
    {
      "type": "Feature",
      "properties": {
        "@id": "node/7780814386",
        "railway": "tram_crossing"
      },
      "geometry": {
        "type": "Point",
        "coordinates": [
          12.4969194,
          41.8900544
        ]
      },
      "id": "node/7780814386"
    },
    {
      "type": "Feature",
      "properties": {
        "@id": "node/7785070630",
        "addr:housenumber": "66",
        "addr:street": "Via dei Santi Quattro",
        "amenity": "restaurant",
        "cuisine": "regional",
        "email": "pasqualinoalcolosseo@gmail.it",
        "lgbtq": "welcome",
        "name": "Antica Trattoria Pasqualino Al Colosseo",
        "opening_hours": "Mo-Su 11:00-00:00",
        "outdoor_seating": "yes",
        "phone": "+39 06 700 45 76"
      },
      "geometry": {
        "type": "Point",
        "coordinates": [
          12.4951477,
          41.8893426
        ]
      },
      "id": "node/7785070630"
    },
    {
      "type": "Feature",
      "properties": {
        "@id": "node/7788357785",
        "leaf_type": "needleleaved",
        "natural": "tree"
      },
      "geometry": {
        "type": "Point",
        "coordinates": [
          12.4844316,
          41.8856154
        ]
      },
      "id": "node/7788357785"
    },
    {
      "type": "Feature",
      "properties": {
        "@id": "node/7788357786",
        "leaf_type": "needleleaved",
        "natural": "tree"
      },
      "geometry": {
        "type": "Point",
        "coordinates": [
          12.4845539,
          41.8855596
        ]
      },
      "id": "node/7788357786"
    },
    {
      "type": "Feature",
      "properties": {
        "@id": "node/7788357787",
        "leaf_type": "needleleaved",
        "natural": "tree"
      },
      "geometry": {
        "type": "Point",
        "coordinates": [
          12.4847348,
          41.8854537
        ]
      },
      "id": "node/7788357787"
    },
    {
      "type": "Feature",
      "properties": {
        "@id": "node/7788357788",
        "leaf_type": "needleleaved",
        "natural": "tree"
      },
      "geometry": {
        "type": "Point",
        "coordinates": [
          12.4846013,
          41.8856005
        ]
      },
      "id": "node/7788357788"
    },
    {
      "type": "Feature",
      "properties": {
        "@id": "node/7788357789",
        "leaf_type": "needleleaved",
        "natural": "tree"
      },
      "geometry": {
        "type": "Point",
        "coordinates": [
          12.4848334,
          41.8854602
        ]
      },
      "id": "node/7788357789"
    },
    {
      "type": "Feature",
      "properties": {
        "@id": "node/7788357790",
        "leaf_type": "needleleaved",
        "natural": "tree"
      },
      "geometry": {
        "type": "Point",
        "coordinates": [
          12.4847947,
          41.8854166
        ]
      },
      "id": "node/7788357790"
    },
    {
      "type": "Feature",
      "properties": {
        "@id": "node/7788357791",
        "leaf_type": "needleleaved",
        "natural": "tree"
      },
      "geometry": {
        "type": "Point",
        "coordinates": [
          12.4848409,
          41.8853887
        ]
      },
      "id": "node/7788357791"
    },
    {
      "type": "Feature",
      "properties": {
        "@id": "node/7788357792",
        "leaf_type": "broadleaved",
        "natural": "tree"
      },
      "geometry": {
        "type": "Point",
        "coordinates": [
          12.4853075,
          41.885346
        ]
      },
      "id": "node/7788357792"
    },
    {
      "type": "Feature",
      "properties": {
        "@id": "node/7788357793",
        "leaf_type": "broadleaved",
        "natural": "tree"
      },
      "geometry": {
        "type": "Point",
        "coordinates": [
          12.4843118,
          41.8859247
        ]
      },
      "id": "node/7788357793"
    },
    {
      "type": "Feature",
      "properties": {
        "@id": "node/7788357794",
        "leaf_type": "broadleaved",
        "natural": "tree"
      },
      "geometry": {
        "type": "Point",
        "coordinates": [
          12.4843218,
          41.8860315
        ]
      },
      "id": "node/7788357794"
    },
    {
      "type": "Feature",
      "properties": {
        "@id": "node/7788357795",
        "leaf_type": "broadleaved",
        "natural": "tree"
      },
      "geometry": {
        "type": "Point",
        "coordinates": [
          12.4839304,
          41.8861683
        ]
      },
      "id": "node/7788357795"
    },
    {
      "type": "Feature",
      "properties": {
        "@id": "node/7788357796",
        "leaf_type": "needleleaved",
        "natural": "tree"
      },
      "geometry": {
        "type": "Point",
        "coordinates": [
          12.4837219,
          41.8863263
        ]
      },
      "id": "node/7788357796"
    },
    {
      "type": "Feature",
      "properties": {
        "@id": "node/7788357797",
        "leaf_type": "needleleaved",
        "natural": "tree"
      },
      "geometry": {
        "type": "Point",
        "coordinates": [
          12.4836174,
          41.8863706
        ]
      },
      "id": "node/7788357797"
    },
    {
      "type": "Feature",
      "properties": {
        "@id": "node/7788357798",
        "leaf_type": "needleleaved",
        "natural": "tree"
      },
      "geometry": {
        "type": "Point",
        "coordinates": [
          12.4835569,
          41.8864112
        ]
      },
      "id": "node/7788357798"
    },
    {
      "type": "Feature",
      "properties": {
        "@id": "node/7788357799",
        "leaf_type": "needleleaved",
        "natural": "tree"
      },
      "geometry": {
        "type": "Point",
        "coordinates": [
          12.483496,
          41.8864733
        ]
      },
      "id": "node/7788357799"
    },
    {
      "type": "Feature",
      "properties": {
        "@id": "node/7788357800",
        "leaf_type": "broadleaved",
        "natural": "tree"
      },
      "geometry": {
        "type": "Point",
        "coordinates": [
          12.4852826,
          41.8854909
        ]
      },
      "id": "node/7788357800"
    },
    {
      "type": "Feature",
      "properties": {
        "@id": "node/7788357801",
        "natural": "tree"
      },
      "geometry": {
        "type": "Point",
        "coordinates": [
          12.485558,
          41.8852284
        ]
      },
      "id": "node/7788357801"
    },
    {
      "type": "Feature",
      "properties": {
        "@id": "node/7788357837",
        "natural": "tree"
      },
      "geometry": {
        "type": "Point",
        "coordinates": [
          12.4878251,
          41.8838788
        ]
      },
      "id": "node/7788357837"
    },
    {
      "type": "Feature",
      "properties": {
        "@id": "node/7788357871",
        "natural": "tree"
      },
      "geometry": {
        "type": "Point",
        "coordinates": [
          12.4893439,
          41.8841445
        ]
      },
      "id": "node/7788357871"
    },
    {
      "type": "Feature",
      "properties": {
        "@id": "node/7788357872",
        "denotation": "park",
        "leaf_type": "needleleaved",
        "natural": "tree"
      },
      "geometry": {
        "type": "Point",
        "coordinates": [
          12.4897001,
          41.8842116
        ]
      },
      "id": "node/7788357872"
    },
    {
      "type": "Feature",
      "properties": {
        "@id": "node/7788357873",
        "natural": "tree"
      },
      "geometry": {
        "type": "Point",
        "coordinates": [
          12.4897078,
          41.8843375
        ]
      },
      "id": "node/7788357873"
    },
    {
      "type": "Feature",
      "properties": {
        "@id": "node/7788357874",
        "natural": "tree"
      },
      "geometry": {
        "type": "Point",
        "coordinates": [
          12.4897309,
          41.8844506
        ]
      },
      "id": "node/7788357874"
    },
    {
      "type": "Feature",
      "properties": {
        "@id": "node/7788357875",
        "natural": "tree"
      },
      "geometry": {
        "type": "Point",
        "coordinates": [
          12.489825,
          41.8843862
        ]
      },
      "id": "node/7788357875"
    },
    {
      "type": "Feature",
      "properties": {
        "@id": "node/7788357876",
        "denotation": "park",
        "leaf_type": "needleleaved",
        "natural": "tree"
      },
      "geometry": {
        "type": "Point",
        "coordinates": [
          12.4903559,
          41.8841743
        ]
      },
      "id": "node/7788357876"
    },
    {
      "type": "Feature",
      "properties": {
        "@id": "node/7788357877",
        "denotation": "park",
        "leaf_type": "needleleaved",
        "natural": "tree"
      },
      "geometry": {
        "type": "Point",
        "coordinates": [
          12.4901936,
          41.8842874
        ]
      },
      "id": "node/7788357877"
    },
    {
      "type": "Feature",
      "properties": {
        "@id": "node/7788357878",
        "denotation": "park",
        "leaf_type": "needleleaved",
        "natural": "tree"
      },
      "geometry": {
        "type": "Point",
        "coordinates": [
          12.4902627,
          41.8844083
        ]
      },
      "id": "node/7788357878"
    },
    {
      "type": "Feature",
      "properties": {
        "@id": "node/7788357879",
        "denotation": "park",
        "leaf_type": "needleleaved",
        "natural": "tree"
      },
      "geometry": {
        "type": "Point",
        "coordinates": [
          12.4900796,
          41.8844494
        ]
      },
      "id": "node/7788357879"
    },
    {
      "type": "Feature",
      "properties": {
        "@id": "node/7788357880",
        "denotation": "park",
        "leaf_type": "needleleaved",
        "natural": "tree"
      },
      "geometry": {
        "type": "Point",
        "coordinates": [
          12.4904284,
          41.884344
        ]
      },
      "id": "node/7788357880"
    },
    {
      "type": "Feature",
      "properties": {
        "@id": "node/7788357881",
        "denotation": "park",
        "leaf_type": "needleleaved",
        "natural": "tree"
      },
      "geometry": {
        "type": "Point",
        "coordinates": [
          12.4907944,
          41.8838375
        ]
      },
      "id": "node/7788357881"
    },
    {
      "type": "Feature",
      "properties": {
        "@id": "node/7788357882",
        "denotation": "park",
        "leaf_type": "needleleaved",
        "natural": "tree"
      },
      "geometry": {
        "type": "Point",
        "coordinates": [
          12.4911328,
          41.8836987
        ]
      },
      "id": "node/7788357882"
    },
    {
      "type": "Feature",
      "properties": {
        "@id": "node/7788357883",
        "denotation": "park",
        "leaf_type": "needleleaved",
        "natural": "tree"
      },
      "geometry": {
        "type": "Point",
        "coordinates": [
          12.4914505,
          41.8835085
        ]
      },
      "id": "node/7788357883"
    },
    {
      "type": "Feature",
      "properties": {
        "@id": "node/7788357884",
        "denotation": "park",
        "leaf_type": "needleleaved",
        "natural": "tree"
      },
      "geometry": {
        "type": "Point",
        "coordinates": [
          12.4907288,
          41.8840483
        ]
      },
      "id": "node/7788357884"
    },
    {
      "type": "Feature",
      "properties": {
        "@id": "node/7788357885",
        "denotation": "park",
        "leaf_type": "needleleaved",
        "natural": "tree"
      },
      "geometry": {
        "type": "Point",
        "coordinates": [
          12.4906218,
          41.8841975
        ]
      },
      "id": "node/7788357885"
    },
    {
      "type": "Feature",
      "properties": {
        "@id": "node/7788357886",
        "denotation": "park",
        "leaf_type": "needleleaved",
        "natural": "tree"
      },
      "geometry": {
        "type": "Point",
        "coordinates": [
          12.4914678,
          41.8832051
        ]
      },
      "id": "node/7788357886"
    },
    {
      "type": "Feature",
      "properties": {
        "@id": "node/7788357887",
        "denotation": "park",
        "leaf_type": "needleleaved",
        "natural": "tree"
      },
      "geometry": {
        "type": "Point",
        "coordinates": [
          12.4917958,
          41.8836036
        ]
      },
      "id": "node/7788357887"
    },
    {
      "type": "Feature",
      "properties": {
        "@id": "node/7788357888",
        "denotation": "park",
        "leaf_type": "needleleaved",
        "natural": "tree"
      },
      "geometry": {
        "type": "Point",
        "coordinates": [
          12.4915127,
          41.8837784
        ]
      },
      "id": "node/7788357888"
    },
    {
      "type": "Feature",
      "properties": {
        "@id": "node/7788357889",
        "denotation": "park",
        "leaf_type": "needleleaved",
        "natural": "tree"
      },
      "geometry": {
        "type": "Point",
        "coordinates": [
          12.4914229,
          41.8838992
        ]
      },
      "id": "node/7788357889"
    },
    {
      "type": "Feature",
      "properties": {
        "@id": "node/7788357890",
        "denotation": "park",
        "leaf_type": "needleleaved",
        "natural": "tree"
      },
      "geometry": {
        "type": "Point",
        "coordinates": [
          12.4913159,
          41.8840046
        ]
      },
      "id": "node/7788357890"
    },
    {
      "type": "Feature",
      "properties": {
        "@id": "node/7788357891",
        "denotation": "park",
        "leaf_type": "needleleaved",
        "natural": "tree"
      },
      "geometry": {
        "type": "Point",
        "coordinates": [
          12.4889501,
          41.8837775
        ]
      },
      "id": "node/7788357891"
    },
    {
      "type": "Feature",
      "properties": {
        "@id": "node/7788357892",
        "railway": "tram_crossing"
      },
      "geometry": {
        "type": "Point",
        "coordinates": [
          12.4893458,
          41.8848788
        ]
      },
      "id": "node/7788357892"
    },
    {
      "type": "Feature",
      "properties": {
        "@id": "node/7788357894",
        "railway": "tram_crossing"
      },
      "geometry": {
        "type": "Point",
        "coordinates": [
          12.489374,
          41.8848586
        ]
      },
      "id": "node/7788357894"
    },
    {
      "type": "Feature",
      "properties": {
        "@id": "node/7788400908",
        "natural": "tree"
      },
      "geometry": {
        "type": "Point",
        "coordinates": [
          12.4855911,
          41.8864599
        ]
      },
      "id": "node/7788400908"
    },
    {
      "type": "Feature",
      "properties": {
        "@id": "node/7807845534",
        "man_made": "flagpole"
      },
      "geometry": {
        "type": "Point",
        "coordinates": [
          12.4841639,
          41.8952673
        ]
      },
      "id": "node/7807845534"
    },
    {
      "type": "Feature",
      "properties": {
        "@id": "node/7807845535",
        "man_made": "flagpole"
      },
      "geometry": {
        "type": "Point",
        "coordinates": [
          12.4840894,
          41.8954136
        ]
      },
      "id": "node/7807845535"
    },
    {
      "type": "Feature",
      "properties": {
        "@id": "node/7807845536",
        "man_made": "flagpole"
      },
      "geometry": {
        "type": "Point",
        "coordinates": [
          12.4839669,
          41.8955372
        ]
      },
      "id": "node/7807845536"
    },
    {
      "type": "Feature",
      "properties": {
        "@id": "node/7807845537",
        "man_made": "flagpole"
      },
      "geometry": {
        "type": "Point",
        "coordinates": [
          12.4841772,
          41.8951122
        ]
      },
      "id": "node/7807845537"
    },
    {
      "type": "Feature",
      "properties": {
        "@id": "node/7807846711",
        "leaf_type": "broadleaved",
        "natural": "tree"
      },
      "geometry": {
        "type": "Point",
        "coordinates": [
          12.4848541,
          41.8947814
        ]
      },
      "id": "node/7807846711"
    },
    {
      "type": "Feature",
      "properties": {
        "@id": "node/7807846728",
        "leaf_type": "broadleaved",
        "natural": "tree"
      },
      "geometry": {
        "type": "Point",
        "coordinates": [
          12.4853025,
          41.8944432
        ]
      },
      "id": "node/7807846728"
    },
    {
      "type": "Feature",
      "properties": {
        "@id": "node/7807846729",
        "leaf_type": "broadleaved",
        "natural": "tree"
      },
      "geometry": {
        "type": "Point",
        "coordinates": [
          12.4851205,
          41.89458
        ]
      },
      "id": "node/7807846729"
    },
    {
      "type": "Feature",
      "properties": {
        "@id": "node/7807846731",
        "leaf_type": "broadleaved",
        "natural": "tree"
      },
      "geometry": {
        "type": "Point",
        "coordinates": [
          12.4854037,
          41.8943871
        ]
      },
      "id": "node/7807846731"
    },
    {
      "type": "Feature",
      "properties": {
        "@id": "node/7807846741",
        "leaf_type": "broadleaved",
        "natural": "tree"
      },
      "geometry": {
        "type": "Point",
        "coordinates": [
          12.4863958,
          41.8938665
        ]
      },
      "id": "node/7807846741"
    },
    {
      "type": "Feature",
      "properties": {
        "@id": "node/7807846742",
        "leaf_type": "broadleaved",
        "natural": "tree"
      },
      "geometry": {
        "type": "Point",
        "coordinates": [
          12.486574,
          41.8937529
        ]
      },
      "id": "node/7807846742"
    },
    {
      "type": "Feature",
      "properties": {
        "@id": "node/7864377693",
        "amenity": "bench",
        "backrest": "no"
      },
      "geometry": {
        "type": "Point",
        "coordinates": [
          12.4916566,
          41.8831963
        ]
      },
      "id": "node/7864377693"
    },
    {
      "type": "Feature",
      "properties": {
        "@id": "node/7864507613",
        "amenity": "fountain",
        "disused": "yes",
        "drinking_water": "no",
        "wikimedia_commons": "File:Disused fountain, parco Celio, Roma, Italia Sep 01, 2020 12-02-12 PM.jpeg"
      },
      "geometry": {
        "type": "Point",
        "coordinates": [
          12.4930638,
          41.8857664
        ]
      },
      "id": "node/7864507613"
    },
    {
      "type": "Feature",
      "properties": {
        "@id": "node/7864507614",
        "amenity": "fountain",
        "disused": "yes",
        "drinking_water": "no",
        "wikimedia_commons": "File:Disused fountain Parco del Celio, Roma, Italia Sep 01, 2020 12-03-55 PM.jpeg"
      },
      "geometry": {
        "type": "Point",
        "coordinates": [
          12.4932908,
          41.8855068
        ]
      },
      "id": "node/7864507614"
    },
    {
      "type": "Feature",
      "properties": {
        "@id": "node/7864605644",
        "amenity": "fountain",
        "disused": "yes",
        "drinking_water": "no",
        "wikimedia_commons": "File:Disused Fountain, Villa Celimontana, Roma, Italia Sep 01, 2020 12-31-34 PM.jpeg"
      },
      "geometry": {
        "type": "Point",
        "coordinates": [
          12.494053,
          41.8855619
        ]
      },
      "id": "node/7864605644"
    },
    {
      "type": "Feature",
      "properties": {
        "@id": "node/7864669614",
        "amenity": "fountain",
        "drinking_water": "yes",
        "fountain": "scenic",
        "name": "Fontana del Dolmen",
        "wikimedia_commons": "File:Fountain, Parco del Celio, Roma, Italia Sep 01, 2020 12-33-30 PM.jpeg"
      },
      "geometry": {
        "type": "Point",
        "coordinates": [
          12.4944843,
          41.885604
        ]
      },
      "id": "node/7864669614"
    },
    {
      "type": "Feature",
      "properties": {
        "@id": "node/7869827179",
        "amenity": "drinking_water",
        "fountain": "nasone",
        "wikimedia_commons": "File:Drinking fountain in Via delle Vasche, Roma, Italia Aug 03, 2025 12-32-47 PM.jpeg"
      },
      "geometry": {
        "type": "Point",
        "coordinates": [
          12.4947756,
          41.8966135
        ]
      },
      "id": "node/7869827179"
    },
    {
      "type": "Feature",
      "properties": {
        "@id": "node/7896481085",
        "amenity": "cafe",
        "name": "Coco Caffe"
      },
      "geometry": {
        "type": "Point",
        "coordinates": [
          12.4925672,
          41.8924968
        ]
      },
      "id": "node/7896481085"
    },
    {
      "type": "Feature",
      "properties": {
        "@id": "node/7960069557",
        "addr:city": "Roma",
        "addr:country": "IT",
        "addr:housenumber": "211",
        "addr:postcode": "00186;00184",
        "addr:street": "Via Cavour",
        "guest_house": "bed_and_breakfast",
        "internet_access": "yes",
        "internet_access:fee": "no",
        "name": "Tourist House",
        "operator": "Tourist House",
        "rooms": "3",
        "tourism": "guest_house"
      },
      "geometry": {
        "type": "Point",
        "coordinates": [
          12.4929805,
          41.8947026
        ]
      },
      "id": "node/7960069557"
    },
    {
      "type": "Feature",
      "properties": {
        "@id": "node/7988440385",
        "addr:housenumber": "6",
        "addr:street": "Via di San Giovanni Decollato",
        "amenity": "restaurant",
        "cuisine": "breakfast;cake;coffee_shop;italian;local;mediterranean;noodles",
        "name": "Normale",
        "phone": "+39 06 9259 3125"
      },
      "geometry": {
        "type": "Point",
        "coordinates": [
          12.4823117,
          41.8906847
        ]
      },
      "id": "node/7988440385"
    },
    {
      "type": "Feature",
      "properties": {
        "@id": "node/8082018009",
        "amenity": "recycling",
        "recycling:glass_bottles": "yes",
        "recycling_type": "container"
      },
      "geometry": {
        "type": "Point",
        "coordinates": [
          12.4874902,
          41.8837507
        ]
      },
      "id": "node/8082018009"
    },
    {
      "type": "Feature",
      "properties": {
        "@id": "node/8166631294",
        "amenity": "ice_cream"
      },
      "geometry": {
        "type": "Point",
        "coordinates": [
          12.4883417,
          41.8931961
        ]
      },
      "id": "node/8166631294"
    },
    {
      "type": "Feature",
      "properties": {
        "@id": "node/8166631297",
        "amenity": "telephone",
        "operator": "TIM"
      },
      "geometry": {
        "type": "Point",
        "coordinates": [
          12.481931,
          41.8887245
        ]
      },
      "id": "node/8166631297"
    },
    {
      "type": "Feature",
      "properties": {
        "@id": "node/8262032129",
        "amenity": "bench",
        "backrest": "no"
      },
      "geometry": {
        "type": "Point",
        "coordinates": [
          12.4824144,
          41.8894163
        ]
      },
      "id": "node/8262032129"
    },
    {
      "type": "Feature",
      "properties": {
        "@id": "node/8262032130",
        "amenity": "bench",
        "backrest": "no"
      },
      "geometry": {
        "type": "Point",
        "coordinates": [
          12.4825106,
          41.8894192
        ]
      },
      "id": "node/8262032130"
    },
    {
      "type": "Feature",
      "properties": {
        "@id": "node/8262032131",
        "amenity": "bench",
        "backrest": "no"
      },
      "geometry": {
        "type": "Point",
        "coordinates": [
          12.4824203,
          41.8891732
        ]
      },
      "id": "node/8262032131"
    },
    {
      "type": "Feature",
      "properties": {
        "@id": "node/8262032132",
        "amenity": "bench",
        "backrest": "no"
      },
      "geometry": {
        "type": "Point",
        "coordinates": [
          12.4825037,
          41.8891976
        ]
      },
      "id": "node/8262032132"
    },
    {
      "type": "Feature",
      "properties": {
        "@id": "node/8262032133",
        "amenity": "bench",
        "backrest": "no"
      },
      "geometry": {
        "type": "Point",
        "coordinates": [
          12.4825871,
          41.8892168
        ]
      },
      "id": "node/8262032133"
    },
    {
      "type": "Feature",
      "properties": {
        "@id": "node/8262032134",
        "amenity": "bench",
        "backrest": "no"
      },
      "geometry": {
        "type": "Point",
        "coordinates": [
          12.482331,
          41.8891961
        ]
      },
      "id": "node/8262032134"
    },
    {
      "type": "Feature",
      "properties": {
        "@id": "node/8262032138",
        "amenity": "bench",
        "backrest": "no"
      },
      "geometry": {
        "type": "Point",
        "coordinates": [
          12.4822219,
          41.8892896
        ]
      },
      "id": "node/8262032138"
    },
    {
      "type": "Feature",
      "properties": {
        "@id": "node/8262032139",
        "amenity": "bench",
        "backrest": "no"
      },
      "geometry": {
        "type": "Point",
        "coordinates": [
          12.4821884,
          41.8893503
        ]
      },
      "id": "node/8262032139"
    },
    {
      "type": "Feature",
      "properties": {
        "@id": "node/8262032140",
        "amenity": "bench",
        "backrest": "no"
      },
      "geometry": {
        "type": "Point",
        "coordinates": [
          12.4822752,
          41.889165
        ]
      },
      "id": "node/8262032140"
    },
    {
      "type": "Feature",
      "properties": {
        "@id": "node/8262032141",
        "natural": "tree"
      },
      "geometry": {
        "type": "Point",
        "coordinates": [
          12.4824622,
          41.8894124
        ]
      },
      "id": "node/8262032141"
    },
    {
      "type": "Feature",
      "properties": {
        "@id": "node/8262032142",
        "natural": "tree"
      },
      "geometry": {
        "type": "Point",
        "coordinates": [
          12.4823707,
          41.8894096
        ]
      },
      "id": "node/8262032142"
    },
    {
      "type": "Feature",
      "properties": {
        "@id": "node/8262032143",
        "natural": "tree"
      },
      "geometry": {
        "type": "Point",
        "coordinates": [
          12.4822802,
          41.8894076
        ]
      },
      "id": "node/8262032143"
    },
    {
      "type": "Feature",
      "properties": {
        "@id": "node/8262032144",
        "natural": "tree"
      },
      "geometry": {
        "type": "Point",
        "coordinates": [
          12.4823744,
          41.8891717
        ]
      },
      "id": "node/8262032144"
    },
    {
      "type": "Feature",
      "properties": {
        "@id": "node/8262032145",
        "natural": "tree"
      },
      "geometry": {
        "type": "Point",
        "coordinates": [
          12.4824603,
          41.8891896
        ]
      },
      "id": "node/8262032145"
    },
    {
      "type": "Feature",
      "properties": {
        "@id": "node/8262032146",
        "natural": "tree"
      },
      "geometry": {
        "type": "Point",
        "coordinates": [
          12.4825481,
          41.8892102
        ]
      },
      "id": "node/8262032146"
    },
    {
      "type": "Feature",
      "properties": {
        "@id": "node/8286710353",
        "railway": "tram_level_crossing"
      },
      "geometry": {
        "type": "Point",
        "coordinates": [
          12.4909667,
          41.8870575
        ]
      },
      "id": "node/8286710353"
    },
    {
      "type": "Feature",
      "properties": {
        "@id": "node/8286710354",
        "railway": "tram_level_crossing"
      },
      "geometry": {
        "type": "Point",
        "coordinates": [
          12.4912103,
          41.8875501
        ]
      },
      "id": "node/8286710354"
    },
    {
      "type": "Feature",
      "properties": {
        "@id": "node/8319359561",
        "railway": "tram_level_crossing"
      },
      "geometry": {
        "type": "Point",
        "coordinates": [
          12.4983941,
          41.8898095
        ]
      },
      "id": "node/8319359561"
    },
    {
      "type": "Feature",
      "properties": {
        "@id": "node/8319359563",
        "railway": "tram_crossing"
      },
      "geometry": {
        "type": "Point",
        "coordinates": [
          12.4998386,
          41.8895356
        ]
      },
      "id": "node/8319359563"
    },
    {
      "type": "Feature",
      "properties": {
        "@id": "node/8319359564",
        "railway": "tram_crossing"
      },
      "geometry": {
        "type": "Point",
        "coordinates": [
          12.5008641,
          41.8893449
        ]
      },
      "id": "node/8319359564"
    },
    {
      "type": "Feature",
      "properties": {
        "@id": "node/8387137795",
        "addr:city": "Roma",
        "addr:housenumber": "10",
        "addr:postcode": "00184",
        "addr:street": "Via Angelo Poliziano",
        "amenity": "restaurant",
        "contact:facebook": "https://www.facebook.com/Pescetto-Fish-Bistrot-105077334537647",
        "cuisine": "fish",
        "indoor_seating": "yes",
        "name": "Pescetto",
        "outdoor_seating": "yes",
        "phone": "+39 06 45504839",
        "wheelchair": "limited"
      },
      "geometry": {
        "type": "Point",
        "coordinates": [
          12.5012437,
          41.8924973
        ]
      },
      "id": "node/8387137795"
    },
    {
      "type": "Feature",
      "properties": {
        "@id": "node/8387143259",
        "addr:city": "Roma",
        "addr:housenumber": "74",
        "addr:postcode": "00185",
        "addr:street": "Via Merulana",
        "amenity": "restaurant",
        "name": "Da Nino",
        "phone": "+39 06 70453458"
      },
      "geometry": {
        "type": "Point",
        "coordinates": [
          12.5019655,
          41.8922737
        ]
      },
      "id": "node/8387143259"
    },
    {
      "type": "Feature",
      "properties": {
        "@id": "node/8387143262",
        "addr:city": "Roma",
        "addr:housenumber": "77",
        "addr:postcode": "00185",
        "addr:street": "Via Merulana",
        "amenity": "fast_food",
        "cuisine": "pizza",
        "name": "Le Padelline",
        "phone": "+39 06 94426432"
      },
      "geometry": {
        "type": "Point",
        "coordinates": [
          12.5020292,
          41.892148
        ]
      },
      "id": "node/8387143262"
    },
    {
      "type": "Feature",
      "properties": {
        "@id": "node/8387143275",
        "addr:city": "Roma",
        "addr:housenumber": "7",
        "addr:postcode": "00185",
        "addr:street": "Via Machiavelli",
        "amenity": "restaurant",
        "cuisine": "fish",
        "mobile": "+39 339 1135460",
        "name": "Baia Chia",
        "website": "https://www.ristorantebaiachia.it/"
      },
      "geometry": {
        "type": "Point",
        "coordinates": [
          12.5024419,
          41.8917084
        ]
      },
      "id": "node/8387143275"
    },
    {
      "type": "Feature",
      "properties": {
        "@id": "node/8387143286",
        "addr:city": "Roma",
        "addr:country": "IT",
        "addr:housenumber": "203",
        "addr:postcode": "00185",
        "addr:street": "Via Merulana",
        "amenity": "fast_food",
        "cuisine": "pizza",
        "name": "Pizza & Sfizi",
        "payment:cash": "yes",
        "phone": "+39 06 77200501",
        "takeaway": "yes"
      },
      "geometry": {
        "type": "Point",
        "coordinates": [
          12.5017899,
          41.8919592
        ]
      },
      "id": "node/8387143286"
    },
    {
      "type": "Feature",
      "properties": {
        "@id": "node/8387143291",
        "addr:city": "Roma",
        "addr:country": "IT",
        "addr:housenumber": "208",
        "addr:postcode": "00185",
        "addr:street": "Via Merulana",
        "amenity": "pharmacy",
        "dispensing": "yes",
        "healthcare": "pharmacy",
        "name": "Farmacia Colle Oppio"
      },
      "geometry": {
        "type": "Point",
        "coordinates": [
          12.501709,
          41.8920915
        ]
      },
      "id": "node/8387143291"
    },
    {
      "type": "Feature",
      "properties": {
        "@id": "node/8561505117",
        "amenity": "bar",
        "indoor_seating": "yes",
        "lgbtq": "no",
        "name:en": "The Court Cocktail Bar",
        "outdoor_seating": "no"
      },
      "geometry": {
        "type": "Point",
        "coordinates": [
          12.4955767,
          41.8901331
        ]
      },
      "id": "node/8561505117"
    },
    {
      "type": "Feature",
      "properties": {
        "@id": "node/8691019738",
        "leaf_type": "needleleaved",
        "natural": "tree"
      },
      "geometry": {
        "type": "Point",
        "coordinates": [
          12.4826254,
          41.8871433
        ]
      },
      "id": "node/8691019738"
    },
    {
      "type": "Feature",
      "properties": {
        "@id": "node/8691019739",
        "leaf_type": "needleleaved",
        "natural": "tree"
      },
      "geometry": {
        "type": "Point",
        "coordinates": [
          12.4826872,
          41.8870987
        ]
      },
      "id": "node/8691019739"
    },
    {
      "type": "Feature",
      "properties": {
        "@id": "node/8691019740",
        "leaf_type": "needleleaved",
        "natural": "tree"
      },
      "geometry": {
        "type": "Point",
        "coordinates": [
          12.4828215,
          41.88701
        ]
      },
      "id": "node/8691019740"
    },
    {
      "type": "Feature",
      "properties": {
        "@id": "node/8691019741",
        "leaf_type": "needleleaved",
        "natural": "tree"
      },
      "geometry": {
        "type": "Point",
        "coordinates": [
          12.4829988,
          41.8869004
        ]
      },
      "id": "node/8691019741"
    },
    {
      "type": "Feature",
      "properties": {
        "@id": "node/8691019742",
        "leaf_type": "needleleaved",
        "natural": "tree"
      },
      "geometry": {
        "type": "Point",
        "coordinates": [
          12.4830863,
          41.8867729
        ]
      },
      "id": "node/8691019742"
    },
    {
      "type": "Feature",
      "properties": {
        "@id": "node/8691019743",
        "leaf_type": "needleleaved",
        "natural": "tree"
      },
      "geometry": {
        "type": "Point",
        "coordinates": [
          12.483186,
          41.886685
        ]
      },
      "id": "node/8691019743"
    },
    {
      "type": "Feature",
      "properties": {
        "@id": "node/8691019744",
        "leaf_type": "needleleaved",
        "natural": "tree"
      },
      "geometry": {
        "type": "Point",
        "coordinates": [
          12.4832933,
          41.8866366
        ]
      },
      "id": "node/8691019744"
    },
    {
      "type": "Feature",
      "properties": {
        "@id": "node/8691019745",
        "leaf_type": "needleleaved",
        "natural": "tree"
      },
      "geometry": {
        "type": "Point",
        "coordinates": [
          12.4833974,
          41.8865623
        ]
      },
      "id": "node/8691019745"
    },
    {
      "type": "Feature",
      "properties": {
        "@id": "node/8691019746",
        "leaf_type": "needleleaved",
        "natural": "tree"
      },
      "geometry": {
        "type": "Point",
        "coordinates": [
          12.4827474,
          41.8870565
        ]
      },
      "id": "node/8691019746"
    },
    {
      "type": "Feature",
      "properties": {
        "@id": "node/8691019747",
        "leaf_type": "needleleaved",
        "natural": "tree"
      },
      "geometry": {
        "type": "Point",
        "coordinates": [
          12.4828729,
          41.8869605
        ]
      },
      "id": "node/8691019747"
    },
    {
      "type": "Feature",
      "properties": {
        "@id": "node/8691019748",
        "leaf_type": "needleleaved",
        "natural": "tree"
      },
      "geometry": {
        "type": "Point",
        "coordinates": [
          12.4829394,
          41.8869212
        ]
      },
      "id": "node/8691019748"
    },
    {
      "type": "Feature",
      "properties": {
        "@id": "node/8691019749",
        "leaf_type": "needleleaved",
        "natural": "tree"
      },
      "geometry": {
        "type": "Point",
        "coordinates": [
          12.4831574,
          41.886752
        ]
      },
      "id": "node/8691019749"
    },
    {
      "type": "Feature",
      "properties": {
        "@id": "node/8691019750",
        "natural": "tree"
      },
      "geometry": {
        "type": "Point",
        "coordinates": [
          12.4856427,
          41.885181
        ]
      },
      "id": "node/8691019750"
    },
    {
      "type": "Feature",
      "properties": {
        "@id": "node/8691019751",
        "natural": "tree"
      },
      "geometry": {
        "type": "Point",
        "coordinates": [
          12.4857295,
          41.8851285
        ]
      },
      "id": "node/8691019751"
    },
    {
      "type": "Feature",
      "properties": {
        "@id": "node/8691019752",
        "natural": "tree"
      },
      "geometry": {
        "type": "Point",
        "coordinates": [
          12.4858054,
          41.8851023
        ]
      },
      "id": "node/8691019752"
    },
    {
      "type": "Feature",
      "properties": {
        "@id": "node/8691019753",
        "natural": "tree"
      },
      "geometry": {
        "type": "Point",
        "coordinates": [
          12.485861,
          41.8850528
        ]
      },
      "id": "node/8691019753"
    },
    {
      "type": "Feature",
      "properties": {
        "@id": "node/8691019754",
        "natural": "tree"
      },
      "geometry": {
        "type": "Point",
        "coordinates": [
          12.4859165,
          41.8850094
        ]
      },
      "id": "node/8691019754"
    },
    {
      "type": "Feature",
      "properties": {
        "@id": "node/8691019755",
        "natural": "tree"
      },
      "geometry": {
        "type": "Point",
        "coordinates": [
          12.4860155,
          41.8849478
        ]
      },
      "id": "node/8691019755"
    },
    {
      "type": "Feature",
      "properties": {
        "@id": "node/8691019756",
        "natural": "tree"
      },
      "geometry": {
        "type": "Point",
        "coordinates": [
          12.4865239,
          41.8846642
        ]
      },
      "id": "node/8691019756"
    },
    {
      "type": "Feature",
      "properties": {
        "@id": "node/8691019757",
        "natural": "tree"
      },
      "geometry": {
        "type": "Point",
        "coordinates": [
          12.4865903,
          41.8846188
        ]
      },
      "id": "node/8691019757"
    },
    {
      "type": "Feature",
      "properties": {
        "@id": "node/8691019758",
        "natural": "tree"
      },
      "geometry": {
        "type": "Point",
        "coordinates": [
          12.4866676,
          41.8845865
        ]
      },
      "id": "node/8691019758"
    },
    {
      "type": "Feature",
      "properties": {
        "@id": "node/8691019759",
        "natural": "tree"
      },
      "geometry": {
        "type": "Point",
        "coordinates": [
          12.4867543,
          41.8845431
        ]
      },
      "id": "node/8691019759"
    },
    {
      "type": "Feature",
      "properties": {
        "@id": "node/8691019760",
        "natural": "tree"
      },
      "geometry": {
        "type": "Point",
        "coordinates": [
          12.4868167,
          41.8844997
        ]
      },
      "id": "node/8691019760"
    },
    {
      "type": "Feature",
      "properties": {
        "@id": "node/8691019761",
        "natural": "tree"
      },
      "geometry": {
        "type": "Point",
        "coordinates": [
          12.4869143,
          41.88442
        ]
      },
      "id": "node/8691019761"
    },
    {
      "type": "Feature",
      "properties": {
        "@id": "node/8691019762",
        "natural": "tree"
      },
      "geometry": {
        "type": "Point",
        "coordinates": [
          12.4869618,
          41.8844008
        ]
      },
      "id": "node/8691019762"
    },
    {
      "type": "Feature",
      "properties": {
        "@id": "node/8691019763",
        "natural": "tree"
      },
      "geometry": {
        "type": "Point",
        "coordinates": [
          12.4870241,
          41.8843715
        ]
      },
      "id": "node/8691019763"
    },
    {
      "type": "Feature",
      "properties": {
        "@id": "node/8691019764",
        "natural": "tree"
      },
      "geometry": {
        "type": "Point",
        "coordinates": [
          12.4871055,
          41.8843292
        ]
      },
      "id": "node/8691019764"
    },
    {
      "type": "Feature",
      "properties": {
        "@id": "node/8691019765",
        "natural": "tree"
      },
      "geometry": {
        "type": "Point",
        "coordinates": [
          12.4871909,
          41.8842938
        ]
      },
      "id": "node/8691019765"
    },
    {
      "type": "Feature",
      "properties": {
        "@id": "node/8691019766",
        "natural": "tree"
      },
      "geometry": {
        "type": "Point",
        "coordinates": [
          12.4872288,
          41.8842676
        ]
      },
      "id": "node/8691019766"
    },
    {
      "type": "Feature",
      "properties": {
        "@id": "node/8691019767",
        "natural": "tree"
      },
      "geometry": {
        "type": "Point",
        "coordinates": [
          12.4872736,
          41.8842353
        ]
      },
      "id": "node/8691019767"
    },
    {
      "type": "Feature",
      "properties": {
        "@id": "node/8691019768",
        "natural": "tree"
      },
      "geometry": {
        "type": "Point",
        "coordinates": [
          12.4873576,
          41.8841879
        ]
      },
      "id": "node/8691019768"
    },
    {
      "type": "Feature",
      "properties": {
        "@id": "node/8691019769",
        "natural": "tree"
      },
      "geometry": {
        "type": "Point",
        "coordinates": [
          12.4874118,
          41.8841626
        ]
      },
      "id": "node/8691019769"
    },
    {
      "type": "Feature",
      "properties": {
        "@id": "node/8691019770",
        "natural": "tree"
      },
      "geometry": {
        "type": "Point",
        "coordinates": [
          12.4874891,
          41.8841303
        ]
      },
      "id": "node/8691019770"
    },
    {
      "type": "Feature",
      "properties": {
        "@id": "node/8691019771",
        "natural": "tree"
      },
      "geometry": {
        "type": "Point",
        "coordinates": [
          12.4873305,
          41.8842252
        ]
      },
      "id": "node/8691019771"
    },
    {
      "type": "Feature",
      "properties": {
        "@id": "node/8691019772",
        "natural": "tree"
      },
      "geometry": {
        "type": "Point",
        "coordinates": [
          12.487889,
          41.8841202
        ]
      },
      "id": "node/8691019772"
    },
    {
      "type": "Feature",
      "properties": {
        "@id": "node/8691019773",
        "natural": "tree"
      },
      "geometry": {
        "type": "Point",
        "coordinates": [
          12.4878362,
          41.8841142
        ]
      },
      "id": "node/8691019773"
    },
    {
      "type": "Feature",
      "properties": {
        "@id": "node/8691019774",
        "natural": "tree"
      },
      "geometry": {
        "type": "Point",
        "coordinates": [
          12.4877874,
          41.8841001
        ]
      },
      "id": "node/8691019774"
    },
    {
      "type": "Feature",
      "properties": {
        "@id": "node/8691019775",
        "natural": "tree"
      },
      "geometry": {
        "type": "Point",
        "coordinates": [
          12.4879555,
          41.8840839
        ]
      },
      "id": "node/8691019775"
    },
    {
      "type": "Feature",
      "properties": {
        "@id": "node/8691019776",
        "natural": "tree"
      },
      "geometry": {
        "type": "Point",
        "coordinates": [
          12.4879758,
          41.8841344
        ]
      },
      "id": "node/8691019776"
    },
    {
      "type": "Feature",
      "properties": {
        "@id": "node/8691019777",
        "natural": "tree"
      },
      "geometry": {
        "type": "Point",
        "coordinates": [
          12.4880842,
          41.8841384
        ]
      },
      "id": "node/8691019777"
    },
    {
      "type": "Feature",
      "properties": {
        "@id": "node/8691019778",
        "natural": "tree"
      },
      "geometry": {
        "type": "Point",
        "coordinates": [
          12.4881412,
          41.8841223
        ]
      },
      "id": "node/8691019778"
    },
    {
      "type": "Feature",
      "properties": {
        "@id": "node/8691019779",
        "natural": "tree"
      },
      "geometry": {
        "type": "Point",
        "coordinates": [
          12.4879161,
          41.8838699
        ]
      },
      "id": "node/8691019779"
    },
    {
      "type": "Feature",
      "properties": {
        "@id": "node/8691019780",
        "natural": "tree"
      },
      "geometry": {
        "type": "Point",
        "coordinates": [
          12.4878985,
          41.8839083
        ]
      },
      "id": "node/8691019780"
    },
    {
      "type": "Feature",
      "properties": {
        "@id": "node/8691019781",
        "natural": "tree"
      },
      "geometry": {
        "type": "Point",
        "coordinates": [
          12.4878172,
          41.8839537
        ]
      },
      "id": "node/8691019781"
    },
    {
      "type": "Feature",
      "properties": {
        "@id": "node/8691019782",
        "natural": "tree"
      },
      "geometry": {
        "type": "Point",
        "coordinates": [
          12.4877684,
          41.8839224
        ]
      },
      "id": "node/8691019782"
    },
    {
      "type": "Feature",
      "properties": {
        "@id": "node/8691019783",
        "natural": "tree"
      },
      "geometry": {
        "type": "Point",
        "coordinates": [
          12.4882278,
          41.8859811
        ]
      },
      "id": "node/8691019783"
    },
    {
      "type": "Feature",
      "properties": {
        "@id": "node/8691019784",
        "natural": "tree"
      },
      "geometry": {
        "type": "Point",
        "coordinates": [
          12.4886439,
          41.8858511
        ]
      },
      "id": "node/8691019784"
    },
    {
      "type": "Feature",
      "properties": {
        "@id": "node/8691019785",
        "natural": "tree"
      },
      "geometry": {
        "type": "Point",
        "coordinates": [
          12.4877274,
          41.8858525
        ]
      },
      "id": "node/8691019785"
    },
    {
      "type": "Feature",
      "properties": {
        "@id": "node/8691019786",
        "natural": "tree"
      },
      "geometry": {
        "type": "Point",
        "coordinates": [
          12.4876531,
          41.8858835
        ]
      },
      "id": "node/8691019786"
    },
    {
      "type": "Feature",
      "properties": {
        "@id": "node/8691019787",
        "natural": "tree"
      },
      "geometry": {
        "type": "Point",
        "coordinates": [
          12.4872044,
          41.8861457
        ]
      },
      "id": "node/8691019787"
    },
    {
      "type": "Feature",
      "properties": {
        "@id": "node/8691019788",
        "natural": "tree"
      },
      "geometry": {
        "type": "Point",
        "coordinates": [
          12.4868626,
          41.8863426
        ]
      },
      "id": "node/8691019788"
    },
    {
      "type": "Feature",
      "properties": {
        "@id": "node/8691019789",
        "natural": "tree"
      },
      "geometry": {
        "type": "Point",
        "coordinates": [
          12.4867779,
          41.8863968
        ]
      },
      "id": "node/8691019789"
    },
    {
      "type": "Feature",
      "properties": {
        "@id": "node/8691019790",
        "natural": "tree"
      },
      "geometry": {
        "type": "Point",
        "coordinates": [
          12.4867184,
          41.8864267
        ]
      },
      "id": "node/8691019790"
    },
    {
      "type": "Feature",
      "properties": {
        "@id": "node/8895929845",
        "addr:housenumber": "5",
        "addr:street": "Via Carlo Botta",
        "amenity": "pub",
        "name": "Cutty Sark"
      },
      "geometry": {
        "type": "Point",
        "coordinates": [
          12.5013663,
          41.8911554
        ]
      },
      "id": "node/8895929845"
    },
    {
      "type": "Feature",
      "properties": {
        "@id": "node/8917220218",
        "addr:housenumber": "93",
        "addr:street": "Via dei Santi Quattro",
        "amenity": "restaurant",
        "name": "Shamrock",
        "website": "https://www.shamrockrestaurant.it/"
      },
      "geometry": {
        "type": "Point",
        "coordinates": [
          12.4972468,
          41.88899
        ]
      },
      "id": "node/8917220218"
    },
    {
      "type": "Feature",
      "properties": {
        "@id": "node/9001933166",
        "addr:city": "Roma",
        "addr:housenumber": "47",
        "addr:postcode": "00184",
        "addr:street": "Via Baccina",
        "amenity": "music_school",
        "name": "Saint Louis College of Music",
        "opening_hours": "Mo-Fr 08:00-21:00, Sa 08:00-20:00"
      },
      "geometry": {
        "type": "Point",
        "coordinates": [
          12.4901637,
          41.8948917
        ]
      },
      "id": "node/9001933166"
    },
    {
      "type": "Feature",
      "properties": {
        "@id": "node/9051032377",
        "historic": "memorial",
        "image": "Roman Bronze Statue Near Forum (48425330207).jpg",
        "memorial": "statue",
        "name": "Augusto",
        "name:hu": "Augustus",
        "subject:wikidata": "Q1405"
      },
      "geometry": {
        "type": "Point",
        "coordinates": [
          12.4861426,
          41.8939812
        ]
      },
      "id": "node/9051032377"
    },
    {
      "type": "Feature",
      "properties": {
        "@id": "node/9051032378",
        "historic": "memorial",
        "image": "Rione I Monti, Roma, Italy - panoramio (6).jpg",
        "memorial": "statue",
        "name": "Nerva",
        "name:hu": "Nerva",
        "subject:wikidata": "Q1424"
      },
      "geometry": {
        "type": "Point",
        "coordinates": [
          12.4864866,
          41.8937941
        ]
      },
      "id": "node/9051032378"
    },
    {
      "type": "Feature",
      "properties": {
        "@id": "node/9091151721",
        "image": "https://it.wikipedia.org/wiki/Larix_decidua#/media/File:Larix_decidua_Embrun2.jpg",
        "natural": "tree"
      },
      "geometry": {
        "type": "Point",
        "coordinates": [
          12.482739,
          41.8851779
        ]
      },
      "id": "node/9091151721"
    },
    {
      "type": "Feature",
      "properties": {
        "@id": "node/9108120217",
        "amenity": "drinking_water",
        "name": "Acqua",
        "name:en": "Drinkable water",
        "name:fr": "Eau potable"
      },
      "geometry": {
        "type": "Point",
        "coordinates": [
          12.4847106,
          41.8877336
        ]
      },
      "id": "node/9108120217"
    },
    {
      "type": "Feature",
      "properties": {
        "@id": "node/9108120317",
        "amenity": "toilets"
      },
      "geometry": {
        "type": "Point",
        "coordinates": [
          12.4847056,
          41.8875224
        ]
      },
      "id": "node/9108120317"
    },
    {
      "type": "Feature",
      "properties": {
        "@id": "node/9187240594",
        "genus:en": "Cypress",
        "natural": "tree",
        "species": "Cupressus sempervirens"
      },
      "geometry": {
        "type": "Point",
        "coordinates": [
          12.4842641,
          41.8899925
        ]
      },
      "id": "node/9187240594"
    },
    {
      "type": "Feature",
      "properties": {
        "@id": "node/9187240595",
        "genus:en": "Cypress",
        "natural": "tree",
        "species": "Cupressus sempervirens"
      },
      "geometry": {
        "type": "Point",
        "coordinates": [
          12.4843553,
          41.8900234
        ]
      },
      "id": "node/9187240595"
    },
    {
      "type": "Feature",
      "properties": {
        "@id": "node/9187240596",
        "genus:en": "Cypress",
        "natural": "tree",
        "species": "Cupressus sempervirens"
      },
      "geometry": {
        "type": "Point",
        "coordinates": [
          12.4844639,
          41.8900154
        ]
      },
      "id": "node/9187240596"
    },
    {
      "type": "Feature",
      "properties": {
        "@id": "node/9187240597",
        "genus:en": "Cypress",
        "natural": "tree",
        "species": "Cupressus sempervirens"
      },
      "geometry": {
        "type": "Point",
        "coordinates": [
          12.4843271,
          41.89024
        ]
      },
      "id": "node/9187240597"
    },
    {
      "type": "Feature",
      "properties": {
        "@id": "node/9187240598",
        "genus:en": "Cypress",
        "natural": "tree",
        "species": "Cupressus sempervirens"
      },
      "geometry": {
        "type": "Point",
        "coordinates": [
          12.4845859,
          41.8901372
        ]
      },
      "id": "node/9187240598"
    },
    {
      "type": "Feature",
      "properties": {
        "@id": "node/9187240599",
        "genus:en": "Cypress",
        "natural": "tree",
        "species": "Cupressus sempervirens"
      },
      "geometry": {
        "type": "Point",
        "coordinates": [
          12.4846959,
          41.890255
        ]
      },
      "id": "node/9187240599"
    },
    {
      "type": "Feature",
      "properties": {
        "@id": "node/9187240601",
        "genus:en": "Cypress",
        "natural": "tree",
        "species": "Cupressus sempervirens"
      },
      "geometry": {
        "type": "Point",
        "coordinates": [
          12.4847375,
          41.8907292
        ]
      },
      "id": "node/9187240601"
    },
    {
      "type": "Feature",
      "properties": {
        "@id": "node/9187240606",
        "genus:en": "Cypress",
        "natural": "tree",
        "species": "Cupressus sempervirens"
      },
      "geometry": {
        "type": "Point",
        "coordinates": [
          12.4851022,
          41.8904627
        ]
      },
      "id": "node/9187240606"
    },
    {
      "type": "Feature",
      "properties": {
        "@id": "node/9187240607",
        "genus:en": "Cypress",
        "natural": "tree",
        "species": "Cupressus sempervirens"
      },
      "geometry": {
        "type": "Point",
        "coordinates": [
          12.4849876,
          41.8904866
        ]
      },
      "id": "node/9187240607"
    },
    {
      "type": "Feature",
      "properties": {
        "@id": "node/9187240608",
        "genus:en": "Cypress",
        "natural": "tree",
        "species": "Cupressus sempervirens"
      },
      "geometry": {
        "type": "Point",
        "coordinates": [
          12.4849903,
          41.8904297
        ]
      },
      "id": "node/9187240608"
    },
    {
      "type": "Feature",
      "properties": {
        "@id": "node/9187240609",
        "genus:en": "Cypress",
        "natural": "tree",
        "species": "Cupressus sempervirens"
      },
      "geometry": {
        "type": "Point",
        "coordinates": [
          12.4849688,
          41.8903928
        ]
      },
      "id": "node/9187240609"
    },
    {
      "type": "Feature",
      "properties": {
        "@id": "node/9191777710",
        "tourism": "viewpoint"
      },
      "geometry": {
        "type": "Point",
        "coordinates": [
          12.4860544,
          41.8933638
        ]
      },
      "id": "node/9191777710"
    },
    {
      "type": "Feature",
      "properties": {
        "@id": "node/9191777714",
        "tourism": "viewpoint"
      },
      "geometry": {
        "type": "Point",
        "coordinates": [
          12.4869984,
          41.8929886
        ]
      },
      "id": "node/9191777714"
    },
    {
      "type": "Feature",
      "properties": {
        "@id": "node/9210046953",
        "tourism": "viewpoint"
      },
      "geometry": {
        "type": "Point",
        "coordinates": [
          12.4862565,
          41.8910651
        ]
      },
      "id": "node/9210046953"
    },
    {
      "type": "Feature",
      "properties": {
        "@id": "node/9221862353",
        "leaf_type": "broadleaved",
        "natural": "tree"
      },
      "geometry": {
        "type": "Point",
        "coordinates": [
          12.4865051,
          41.8907945
        ]
      },
      "id": "node/9221862353"
    },
    {
      "type": "Feature",
      "properties": {
        "@id": "node/9221862399",
        "tourism": "viewpoint",
        "wheelchair": "yes"
      },
      "geometry": {
        "type": "Point",
        "coordinates": [
          12.4865663,
          41.8908514
        ]
      },
      "id": "node/9221862399"
    },
    {
      "type": "Feature",
      "properties": {
        "@id": "node/9221867806",
        "tourism": "viewpoint"
      },
      "geometry": {
        "type": "Point",
        "coordinates": [
          12.4858875,
          41.8911156
        ]
      },
      "id": "node/9221867806"
    },
    {
      "type": "Feature",
      "properties": {
        "@id": "node/9241000686",
        "tourism": "viewpoint"
      },
      "geometry": {
        "type": "Point",
        "coordinates": [
          12.4862308,
          41.8948138
        ]
      },
      "id": "node/9241000686"
    },
    {
      "type": "Feature",
      "properties": {
        "@id": "node/9241895446",
        "tourism": "viewpoint"
      },
      "geometry": {
        "type": "Point",
        "coordinates": [
          12.4862221,
          41.8952047
        ]
      },
      "id": "node/9241895446"
    },
    {
      "type": "Feature",
      "properties": {
        "@id": "node/9249952090",
        "amenity": "bench"
      },
      "geometry": {
        "type": "Point",
        "coordinates": [
          12.4885734,
          41.8874001
        ]
      },
      "id": "node/9249952090"
    },
    {
      "type": "Feature",
      "properties": {
        "@id": "node/9249996851",
        "amenity": "bench"
      },
      "geometry": {
        "type": "Point",
        "coordinates": [
          12.4886429,
          41.8875273
        ]
      },
      "id": "node/9249996851"
    },
    {
      "type": "Feature",
      "properties": {
        "@id": "node/9249997962",
        "amenity": "bench",
        "backrest": "yes"
      },
      "geometry": {
        "type": "Point",
        "coordinates": [
          12.4862548,
          41.8897938
        ]
      },
      "id": "node/9249997962"
    },
    {
      "type": "Feature",
      "properties": {
        "@id": "node/9249998215",
        "amenity": "bench"
      },
      "geometry": {
        "type": "Point",
        "coordinates": [
          12.4860529,
          41.8877649
        ]
      },
      "id": "node/9249998215"
    },
    {
      "type": "Feature",
      "properties": {
        "@id": "node/9250007232",
        "amenity": "bench"
      },
      "geometry": {
        "type": "Point",
        "coordinates": [
          12.4886506,
          41.8875569
        ]
      },
      "id": "node/9250007232"
    },
    {
      "type": "Feature",
      "properties": {
        "@id": "node/9250051775",
        "tourism": "viewpoint"
      },
      "geometry": {
        "type": "Point",
        "coordinates": [
          12.4849547,
          41.8898803
        ]
      },
      "id": "node/9250051775"
    },
    {
      "type": "Feature",
      "properties": {
        "@id": "node/9250058312",
        "amenity": "bench",
        "backrest": "yes"
      },
      "geometry": {
        "type": "Point",
        "coordinates": [
          12.4855344,
          41.8898307
        ]
      },
      "id": "node/9250058312"
    },
    {
      "type": "Feature",
      "properties": {
        "@id": "node/9250058561",
        "amenity": "toilets",
        "changing_table": "no",
        "fee": "no",
        "wheelchair": "yes"
      },
      "geometry": {
        "type": "Point",
        "coordinates": [
          12.4863898,
          41.8902873
        ]
      },
      "id": "node/9250058561"
    },
    {
      "type": "Feature",
      "properties": {
        "@id": "node/9274970885",
        "tourism": "viewpoint"
      },
      "geometry": {
        "type": "Point",
        "coordinates": [
          12.4865513,
          41.8909149
        ]
      },
      "id": "node/9274970885"
    },
    {
      "type": "Feature",
      "properties": {
        "@id": "node/9284079325",
        "natural": "tree"
      },
      "geometry": {
        "type": "Point",
        "coordinates": [
          12.4912854,
          41.890842
        ]
      },
      "id": "node/9284079325"
    },
    {
      "type": "Feature",
      "properties": {
        "@id": "node/9284079326",
        "natural": "tree"
      },
      "geometry": {
        "type": "Point",
        "coordinates": [
          12.4911205,
          41.8907896
        ]
      },
      "id": "node/9284079326"
    },
    {
      "type": "Feature",
      "properties": {
        "@id": "node/9378989717",
        "addr:housenumber": "46",
        "amenity": "fast_food",
        "cuisine": "pizza",
        "description": "Teglia frazionata",
        "name": "Ruver"
      },
      "geometry": {
        "type": "Point",
        "coordinates": [
          12.486481,
          41.8827058
        ]
      },
      "id": "node/9378989717"
    },
    {
      "type": "Feature",
      "properties": {
        "@id": "node/9379069380",
        "railway": "tram_crossing"
      },
      "geometry": {
        "type": "Point",
        "coordinates": [
          12.501156,
          41.8973344
        ]
      },
      "id": "node/9379069380"
    },
    {
      "type": "Feature",
      "properties": {
        "@id": "node/9379069381",
        "railway": "tram_crossing"
      },
      "geometry": {
        "type": "Point",
        "coordinates": [
          12.502254,
          41.8966624
        ]
      },
      "id": "node/9379069381"
    },
    {
      "type": "Feature",
      "properties": {
        "@id": "node/9379069382",
        "railway": "tram_level_crossing"
      },
      "geometry": {
        "type": "Point",
        "coordinates": [
          12.5023053,
          41.8966311
        ]
      },
      "id": "node/9379069382"
    },
    {
      "type": "Feature",
      "properties": {
        "@id": "node/9502197891",
        "amenity": "taxi",
        "name": "Taxi Colosseo 060609"
      },
      "geometry": {
        "type": "Point",
        "coordinates": [
          12.4919034,
          41.8914528
        ]
      },
      "id": "node/9502197891"
    },
    {
      "type": "Feature",
      "properties": {
        "@id": "node/9502323081",
        "access": "permit",
        "archaeological_site": "domus",
        "historic": "archaeological_site",
        "historic:civilization": "ancient_roman",
        "name": "Privata Traiani Domus"
      },
      "geometry": {
        "type": "Point",
        "coordinates": [
          12.4818424,
          41.8826182
        ]
      },
      "id": "node/9502323081"
    },
    {
      "type": "Feature",
      "properties": {
        "@id": "node/9516089018",
        "amenity": "bicycle_parking",
        "bicycle_parking": "stands",
        "capacity": "13",
        "covered": "no",
        "fee": "no"
      },
      "geometry": {
        "type": "Point",
        "coordinates": [
          12.4832865,
          41.8917264
        ]
      },
      "id": "node/9516089018"
    },
    {
      "type": "Feature",
      "properties": {
        "@id": "node/9563207249",
        "addr:city": "Roma",
        "addr:housenumber": "87",
        "addr:postcode": "00186",
        "addr:street": "Via dei Cerchi",
        "email": "info@museodellacucina.com",
        "fee": "no",
        "museum": "ethnography",
        "name": "Museo della Cucina e Biblioteca",
        "operator": "Fondazione Boscolo",
        "phone": "+39 391 3846470",
        "start_date": "2022-03-21",
        "tourism": "museum",
        "website": "https://www.museodellacucina.com/"
      },
      "geometry": {
        "type": "Point",
        "coordinates": [
          12.4846241,
          41.8875648
        ]
      },
      "id": "node/9563207249"
    },
    {
      "type": "Feature",
      "properties": {
        "@id": "node/9590344617",
        "addr:housenumber": "22",
        "addr:street": "Via Ostilia",
        "amenity": "restaurant",
        "cuisine": "italian",
        "name": "Contrario"
      },
      "geometry": {
        "type": "Point",
        "coordinates": [
          12.4952577,
          41.8889491
        ]
      },
      "id": "node/9590344617"
    },
    {
      "type": "Feature",
      "properties": {
        "@id": "node/9593481217",
        "amenity": "restaurant",
        "cuisine": "italian",
        "name": "Dulcis in fundo"
      },
      "geometry": {
        "type": "Point",
        "coordinates": [
          12.4828748,
          41.890747
        ]
      },
      "id": "node/9593481217"
    },
    {
      "type": "Feature",
      "properties": {
        "@id": "node/9600000917",
        "addr:housenumber": "46",
        "addr:postcode": "00184",
        "addr:street": "Via dei Santi Quattro",
        "amenity": "car_rental",
        "email": "cmc@centromotocolosseo.it",
        "name": "Colosseum Motorcycle center",
        "operator": "Alfonso",
        "phone": "+39 06 7045 1069",
        "website": "https://www.centromotocolosseo.it/"
      },
      "geometry": {
        "type": "Point",
        "coordinates": [
          12.4941658,
          41.8894314
        ]
      },
      "id": "node/9600000917"
    },
    {
      "type": "Feature",
      "properties": {
        "@id": "node/9655096717",
        "addr:city": "Roma",
        "addr:housenumber": "8",
        "addr:postcode": "00184",
        "addr:street": "Piazza di San Martino ai Monti",
        "amenity": "cafe",
        "name:en": "Drink Kong",
        "opening_hours": "Mo-Su 18:30-02:00",
        "phone": "+39 06 2348 8666",
        "website": "https://www.drinkkong.com/"
      },
      "geometry": {
        "type": "Point",
        "coordinates": [
          12.4978655,
          41.8951436
        ]
      },
      "id": "node/9655096717"
    },
    {
      "type": "Feature",
      "properties": {
        "@id": "node/9738039522",
        "fee": "no",
        "name": "Vespa Museum",
        "tourism": "museum"
      },
      "geometry": {
        "type": "Point",
        "coordinates": [
          12.489145,
          41.8934971
        ]
      },
      "id": "node/9738039522"
    },
    {
      "type": "Feature",
      "properties": {
        "@id": "node/9771367571",
        "tourism": "viewpoint"
      },
      "geometry": {
        "type": "Point",
        "coordinates": [
          12.49195,
          41.8890518
        ]
      },
      "id": "node/9771367571"
    },
    {
      "type": "Feature",
      "properties": {
        "@id": "node/9772371889",
        "addr:city": "Roma",
        "addr:housenumber": "120",
        "addr:postcode": "00184",
        "addr:street": "Via di San Giovanni in Laterano",
        "amenity": "ice_cream",
        "name": "Very Buono",
        "outdoor_seating": "yes"
      },
      "geometry": {
        "type": "Point",
        "coordinates": [
          12.497769,
          41.8889767
        ]
      },
      "id": "node/9772371889"
    },
    {
      "type": "Feature",
      "properties": {
        "@id": "node/9775950447",
        "addr:housenumber": "30",
        "addr:street": "Via di San Giovanni in Laterano",
        "amenity": "restaurant",
        "cuisine": "italian;pizza",
        "name": "Pizzeria Bisteccheria",
        "outdoor_seating": "yes",
        "toilets": "yes",
        "toilets:access": "customers",
        "toilets:wheelchair": "no"
      },
      "geometry": {
        "type": "Point",
        "coordinates": [
          12.4949427,
          41.8898381
        ]
      },
      "id": "node/9775950447"
    },
    {
      "type": "Feature",
      "properties": {
        "@id": "node/9780170488",
        "amenity": "atm",
        "brand": "Euronet",
        "brand:wikidata": "Q5412010",
        "cash_in": "no",
        "check_date": "2024-01-02",
        "operator": "Euronet",
        "operator:wikidata": "Q5412010"
      },
      "geometry": {
        "type": "Point",
        "coordinates": [
          12.4879685,
          41.8937848
        ]
      },
      "id": "node/9780170488"
    },
    {
      "type": "Feature",
      "properties": {
        "@id": "node/9780170489",
        "amenity": "atm",
        "brand": "Euronet",
        "brand:wikidata": "Q5412010",
        "cash_in": "no",
        "check_date": "2024-01-02",
        "operator": "Euronet",
        "operator:wikidata": "Q5412010"
      },
      "geometry": {
        "type": "Point",
        "coordinates": [
          12.4880397,
          41.8937104
        ]
      },
      "id": "node/9780170489"
    },
    {
      "type": "Feature",
      "properties": {
        "@id": "node/9801403645",
        "addr:housenumber": "38",
        "amenity": "restaurant",
        "check_date": "2023-05-06",
        "cuisine": "pizza;italian",
        "diet:vegetarian": "yes",
        "email": "info@pizzaforumroma.it",
        "indoor_seating": "yes",
        "level": "0",
        "lgbtq": "welcome",
        "name": "Pizza Forum",
        "outdoor_seating": "yes",
        "payment:mastercard": "yes",
        "payment:visa": "yes",
        "phone": "+390677591158",
        "website": "https://www.pizzaforumroma.it/"
      },
      "geometry": {
        "type": "Point",
        "coordinates": [
          12.4951002,
          41.8897943
        ]
      },
      "id": "node/9801403645"
    },
    {
      "type": "Feature",
      "properties": {
        "@id": "node/9801404485",
        "amenity": "restaurant",
        "cuisine": "pizza",
        "name": "Bisteccheria"
      },
      "geometry": {
        "type": "Point",
        "coordinates": [
          12.4950175,
          41.889823
        ]
      },
      "id": "node/9801404485"
    },
    {
      "type": "Feature",
      "properties": {
        "@id": "node/9802476355",
        "addr:housenumber": "23",
        "addr:street": "Via Ostilla",
        "amenity": "restaurant",
        "cuisine": "italian",
        "name": "Bocconcino",
        "website": "https://www.ilbocconcino.com/"
      },
      "geometry": {
        "type": "Point",
        "coordinates": [
          12.4949582,
          41.8887061
        ]
      },
      "id": "node/9802476355"
    },
    {
      "type": "Feature",
      "properties": {
        "@id": "node/9830665018",
        "addr:housenumber": "299",
        "addr:postcode": "00184",
        "addr:street": "Via Cavour",
        "amenity": "fast_food",
        "name": "Bistrot 2014",
        "website": "https://m.facebook.com/pages/category/Restaurant/Bistrot-2014-1519184408299974/"
      },
      "geometry": {
        "type": "Point",
        "coordinates": [
          12.4894641,
          41.8938218
        ]
      },
      "id": "node/9830665018"
    },
    {
      "type": "Feature",
      "properties": {
        "@id": "node/9834746517",
        "addr:city": "Roma",
        "addr:country": "IT",
        "addr:housenumber": "215",
        "addr:postcode": "00184",
        "addr:street": "Via Cavour",
        "amenity": "restaurant",
        "contact:facebook": "benso.ristorante",
        "contact:instagram": "benso.ristorante",
        "cuisine": "italian;italian_pizza",
        "indoor_seating": "yes",
        "internet_access": "wlan",
        "name": "Benso",
        "outdoor_seating": "yes",
        "self_service": "no"
      },
      "geometry": {
        "type": "Point",
        "coordinates": [
          12.4920544,
          41.8944638
        ]
      },
      "id": "node/9834746517"
    },
    {
      "type": "Feature",
      "properties": {
        "@id": "node/9878433809",
        "amenity": "drinking_water",
        "fountain": "stone_block",
        "man_made": "water_tap",
        "wikimedia_commons": "File:Drinking fountain in Parco del Colle Oppio, Roma, Italia Oct 03, 2025 11-02-58 AM.jpeg"
      },
      "geometry": {
        "type": "Point",
        "coordinates": [
          12.4971047,
          41.8931636
        ]
      },
      "id": "node/9878433809"
    },
    {
      "type": "Feature",
      "properties": {
        "@id": "node/9878457664",
        "addr:city": "Roma",
        "addr:housenumber": "15a",
        "addr:postcode": "00184",
        "addr:street": "Via Labicana",
        "fee": "no",
        "museum": "military",
        "name": "Museo Vite di IMI",
        "operator": "ANRP",
        "operator:type": "association",
        "tourism": "museum",
        "website": "https://www.museovitediimi.it/"
      },
      "geometry": {
        "type": "Point",
        "coordinates": [
          12.5014609,
          41.8890365
        ]
      },
      "id": "node/9878457664"
    },
    {
      "type": "Feature",
      "properties": {
        "@id": "node/9878457683",
        "natural": "tree"
      },
      "geometry": {
        "type": "Point",
        "coordinates": [
          12.4984281,
          41.8849058
        ]
      },
      "id": "node/9878457683"
    },
    {
      "type": "Feature",
      "properties": {
        "@id": "node/9878778054",
        "addr:housenumber": "35",
        "addr:street": "napoleone 3",
        "name": "Hostal beauty",
        "opening_hours": "Mo-Su 14:00-20:00",
        "tourism": "hostel"
      },
      "geometry": {
        "type": "Point",
        "coordinates": [
          12.5018601,
          41.8967258
        ]
      },
      "id": "node/9878778054"
    },
    {
      "type": "Feature",
      "properties": {
        "@id": "node/9913430144",
        "addr:city": "Roma",
        "addr:postcode": "00184",
        "addr:street": "Via San Giovanni in Laterano, 88",
        "amenity": "restaurant",
        "changing_table": "no",
        "cuisine": "italian",
        "level": "0",
        "name": "4 e 4'Otto by \"Luzzi\" dal 1945",
        "opening_hours": "Mo-Su 12:00-24:00",
        "payment:cash": "yes",
        "payment:maestro": "yes",
        "payment:mastercard": "yes",
        "payment:v_pay": "yes",
        "payment:visa": "yes",
        "phone": "+39 06 709 6332",
        "takeaway": "no",
        "toilets": "yes",
        "toilets:access": "customers",
        "website": "https://www.trattorialuzzi.it/4e4otto-by-luzzi/",
        "wheelchair": "no"
      },
      "geometry": {
        "type": "Point",
        "coordinates": [
          12.4964535,
          41.8889445
        ]
      },
      "id": "node/9913430144"
    },
    {
      "type": "Feature",
      "properties": {
        "@id": "node/9921057654",
        "access": "permit",
        "addr:city": "Roma",
        "addr:housenumber": "91",
        "addr:postcode": "00184",
        "addr:street": "Via Nazionale",
        "amenity": "library",
        "email": "bibliotecabaffi@bancaditalia.it",
        "fax": "+390647922059",
        "name": "Biblioteca Paolo Baffi",
        "operator": "Banca d'Italia",
        "operator:type": "public",
        "phone": "+390647922404;+390647922020",
        "ref:isil": "IT-RM0324",
        "start_date": "1894",
        "website": "https://www.bancaditalia.it/servizi-cittadino/servizi/servizi-biblioteca/index.html"
      },
      "geometry": {
        "type": "Point",
        "coordinates": [
          12.488642,
          41.8974036
        ]
      },
      "id": "node/9921057654"
    },
    {
      "type": "Feature",
      "properties": {
        "@id": "node/9949750618",
        "amenity": "toilets"
      },
      "geometry": {
        "type": "Point",
        "coordinates": [
          12.4836195,
          41.894622
        ]
      },
      "id": "node/9949750618"
    },
    {
      "type": "Feature",
      "properties": {
        "@id": "node/9949758017",
        "amenity": "toilets",
        "check_date": "2025-09-04",
        "fee": "yes"
      },
      "geometry": {
        "type": "Point",
        "coordinates": [
          12.4831557,
          41.894411
        ]
      },
      "id": "node/9949758017"
    },
    {
      "type": "Feature",
      "properties": {
        "@id": "node/9979683818",
        "amenity": "vending_machine",
        "vending": "coffee;food"
      },
      "geometry": {
        "type": "Point",
        "coordinates": [
          12.4885879,
          41.8881574
        ]
      },
      "id": "node/9979683818"
    },
    {
      "type": "Feature",
      "properties": {
        "@id": "node/9979687317",
        "amenity": "vending_machine",
        "check_date": "2026-05-11",
        "vending": "coffee;food"
      },
      "geometry": {
        "type": "Point",
        "coordinates": [
          12.4881343,
          41.8887485
        ]
      },
      "id": "node/9979687317"
    },
    {
      "type": "Feature",
      "properties": {
        "@id": "node/9979759317",
        "amenity": "toilets",
        "fee": "no",
        "wheelchair": "no"
      },
      "geometry": {
        "type": "Point",
        "coordinates": [
          12.4867883,
          41.8882212
        ]
      },
      "id": "node/9979759317"
    },
    {
      "type": "Feature",
      "properties": {
        "@id": "node/9983658444",
        "amenity": "drinking_water"
      },
      "geometry": {
        "type": "Point",
        "coordinates": [
          12.4836941,
          41.8923945
        ]
      },
      "id": "node/9983658444"
    },
    {
      "type": "Feature",
      "properties": {
        "@id": "node/10009484031",
        "amenity": "restaurant",
        "cuisine": "brazilian;sushi",
        "name": "Manioka",
        "outdoor_seating": "yes",
        "website": "https://manioka.business.site"
      },
      "geometry": {
        "type": "Point",
        "coordinates": [
          12.4865397,
          41.8827534
        ]
      },
      "id": "node/10009484031"
    },
    {
      "type": "Feature",
      "properties": {
        "@id": "node/10029203946",
        "amenity": "bench",
        "backrest": "yes"
      },
      "geometry": {
        "type": "Point",
        "coordinates": [
          12.4972888,
          41.8904801
        ]
      },
      "id": "node/10029203946"
    },
    {
      "type": "Feature",
      "properties": {
        "@id": "node/10029210307",
        "amenity": "bench",
        "backrest": "yes",
        "material": "wood",
        "seats": "4"
      },
      "geometry": {
        "type": "Point",
        "coordinates": [
          12.4971684,
          41.8905127
        ]
      },
      "id": "node/10029210307"
    },
    {
      "type": "Feature",
      "properties": {
        "@id": "node/10043599018",
        "addr:housenumber": "4",
        "addr:street": "Via Cimarra",
        "amenity": "restaurant",
        "cuisine": "italian;pasta;pizza",
        "internet_access": "wlan",
        "name": "Cimarra 4",
        "website": "https://www.cimarra4.it/"
      },
      "geometry": {
        "type": "Point",
        "coordinates": [
          12.4905412,
          41.8961355
        ]
      },
      "id": "node/10043599018"
    },
    {
      "type": "Feature",
      "properties": {
        "@id": "node/10075157595",
        "amenity": "post_box",
        "operator": "Poste Italiane",
        "operator:wikidata": "Q495026"
      },
      "geometry": {
        "type": "Point",
        "coordinates": [
          12.4835394,
          41.8832036
        ]
      },
      "id": "node/10075157595"
    },
    {
      "type": "Feature",
      "properties": {
        "@id": "node/10077616430",
        "alt_name": "Universitas Aromatariorum-Urbis",
        "amenity": "university",
        "name": "Nobile Collegio Chimico Farmaceutico",
        "start_date": "1429",
        "website": "https://nobilecollegio.it/"
      },
      "geometry": {
        "type": "Point",
        "coordinates": [
          12.4868828,
          41.8922989
        ]
      },
      "id": "node/10077616430"
    },
    {
      "type": "Feature",
      "properties": {
        "@id": "node/10082714502",
        "amenity": "drinking_water",
        "fountain": "drinking",
        "historic": "yes",
        "note": "this is a unique historic drinking fountain, not a nasone"
      },
      "geometry": {
        "type": "Point",
        "coordinates": [
          12.4818028,
          41.8919755
        ]
      },
      "id": "node/10082714502"
    },
    {
      "type": "Feature",
      "properties": {
        "@id": "node/10082731670",
        "name": "Terrazza Caffarelli",
        "name:it": "Terrazza Caffarelli",
        "tourism": "viewpoint"
      },
      "geometry": {
        "type": "Point",
        "coordinates": [
          12.481502,
          41.8925647
        ]
      },
      "id": "node/10082731670"
    },
    {
      "type": "Feature",
      "properties": {
        "@id": "node/10082765530",
        "artwork_type": "statue",
        "description": "copy of the statue of the Roman she-wolf with Romulus and Remus",
        "name": "Lupa capitolina",
        "name:en": "Lupoaica",
        "name:fr": "Louve allaitant Romulus et Remus",
        "name:it": "La Lupa",
        "name:ru": "Капитолийская Волчица",
        "source": "survey",
        "subject:wikidata": "Q408623",
        "tourism": "artwork",
        "wikidata": "Q408623",
        "wikimedia_commons": "Category:Capitoline Wolf",
        "wikipedia": "en:Capitoline Wolf"
      },
      "geometry": {
        "type": "Point",
        "coordinates": [
          12.4836522,
          41.8932668
        ]
      },
      "id": "node/10082765530"
    },
    {
      "type": "Feature",
      "properties": {
        "@id": "node/10082765531",
        "name": "Sala Del Carroccio",
        "tourism": "attraction",
        "wheelchair": "yes"
      },
      "geometry": {
        "type": "Point",
        "coordinates": [
          12.4836845,
          41.8932118
        ]
      },
      "id": "node/10082765531"
    },
    {
      "type": "Feature",
      "properties": {
        "@id": "node/10082765532",
        "tourism": "viewpoint"
      },
      "geometry": {
        "type": "Point",
        "coordinates": [
          12.4840384,
          41.8931416
        ]
      },
      "id": "node/10082765532"
    },
    {
      "type": "Feature",
      "properties": {
        "@id": "node/10082765533",
        "amenity": "bicycle_parking",
        "bicycle_parking": "stands",
        "capacity": "6",
        "covered": "no"
      },
      "geometry": {
        "type": "Point",
        "coordinates": [
          12.4837321,
          41.8934125
        ]
      },
      "id": "node/10082765533"
    },
    {
      "type": "Feature",
      "properties": {
        "@id": "node/10082765536",
        "artwork_type": "sculpture",
        "name": "Minerva",
        "name:fr": "Minerve",
        "name:ru": "Миневра",
        "tourism": "artwork"
      },
      "geometry": {
        "type": "Point",
        "coordinates": [
          12.4835519,
          41.8930029
        ]
      },
      "id": "node/10082765536"
    },
    {
      "type": "Feature",
      "properties": {
        "@id": "node/10082765537",
        "artwork_type": "sculpture",
        "depth": "4.10m",
        "height": "5.85m",
        "material": "bronze",
        "name": "Statua equestre di Marco Aurelio",
        "name:en": "Equestrian statue of Marcus Aurelius",
        "name:it": "Statua equestre di Marco Aurelio",
        "name:ru": "Конная статуя Марка Аврелия",
        "start_date": "176",
        "statue": "equestrian",
        "tourism": "artwork",
        "width": "2.30m",
        "wikidata": "Q907387",
        "wikimedia_commons": "Category:Equestrian statue of Marcus Aurelius (Rome)",
        "wikipedia": "en:Equestrian Statue of Marcus Aurelius"
      },
      "geometry": {
        "type": "Point",
        "coordinates": [
          12.4822817,
          41.8927041
        ]
      },
      "id": "node/10082765537"
    },
    {
      "type": "Feature",
      "properties": {
        "@id": "node/10082768167",
        "bench": "no",
        "bin": "yes",
        "bus": "yes",
        "highway": "bus_stop",
        "lit": "yes",
        "name": "Teatro Marcello",
        "network": "ATAC",
        "network:wikidata": "Q530087",
        "operator": "ATAC",
        "public_transport": "platform",
        "ref": "74612",
        "shelter": "no",
        "tactile_paving": "no"
      },
      "geometry": {
        "type": "Point",
        "coordinates": [
          12.4816093,
          41.8933176
        ]
      },
      "id": "node/10082768167"
    },
    {
      "type": "Feature",
      "properties": {
        "@id": "node/10178773155",
        "addr:city": "Roma",
        "addr:housenumber": "17",
        "addr:postcode": "00185",
        "addr:street": "Via Merulana",
        "contact:instagram": "https://www.instagram.com/museumofillusions_rome/",
        "contact:website": "https://moiroma.it/",
        "description": "Il Museo delle Illusioni a Roma è uno spazio interattivo con oltre 70 installazioni basate sulla scienza, la fisica e la psicologia, che offrono esperienze coinvolgenti e foto divertenti.",
        "email": "info@moiroma.it",
        "fee": "yes",
        "museum": "science",
        "name": "Museo delle illusioni",
        "name:en": "Museum of Illusions",
        "opening_hours": "Mo-Th 10:00-20:30, Fr-Su 10:00-21:00; PH off",
        "phone": "+39 06 4542 9340",
        "tourism": "museum",
        "website": "https://moiroma.it/"
      },
      "geometry": {
        "type": "Point",
        "coordinates": [
          12.49974,
          41.896228
        ]
      },
      "id": "node/10178773155"
    },
    {
      "type": "Feature",
      "properties": {
        "@id": "node/10215257717",
        "contact:phone": "+39 06 87 15 111",
        "contact:website": "https://www.mostrepalazzobonaparte.it/",
        "fee": "yes",
        "name": "Palazzo Bonaparte",
        "opening_hours": "Mo-Th 09:00-19:00; Fr-Su 09:00-21:00",
        "tourism": "museum"
      },
      "geometry": {
        "type": "Point",
        "coordinates": [
          12.4818585,
          41.8968863
        ]
      },
      "id": "node/10215257717"
    },
    {
      "type": "Feature",
      "properties": {
        "@id": "node/10263111796",
        "amenity": "ice_cream",
        "level": "0",
        "name": "Don Nino",
        "opening_hours": "08:30-12:30,15:30-20:00",
        "shop": "pastry",
        "wheelchair": "no"
      },
      "geometry": {
        "type": "Point",
        "coordinates": [
          12.4908888,
          41.8947583
        ]
      },
      "id": "node/10263111796"
    },
    {
      "type": "Feature",
      "properties": {
        "@id": "node/10263116450",
        "amenity": "bench",
        "backrest": "no",
        "seats": "2"
      },
      "geometry": {
        "type": "Point",
        "coordinates": [
          12.4908591,
          41.8949064
        ]
      },
      "id": "node/10263116450"
    },
    {
      "type": "Feature",
      "properties": {
        "@id": "node/10263116451",
        "amenity": "bench",
        "backrest": "no",
        "seats": "2"
      },
      "geometry": {
        "type": "Point",
        "coordinates": [
          12.490804,
          41.8948967
        ]
      },
      "id": "node/10263116451"
    },
    {
      "type": "Feature",
      "properties": {
        "@id": "node/10263116452",
        "amenity": "bench",
        "backrest": "no",
        "seats": "2"
      },
      "geometry": {
        "type": "Point",
        "coordinates": [
          12.4908783,
          41.8948439
        ]
      },
      "id": "node/10263116452"
    },
    {
      "type": "Feature",
      "properties": {
        "@id": "node/10263116453",
        "amenity": "bench",
        "backrest": "no",
        "seats": "2"
      },
      "geometry": {
        "type": "Point",
        "coordinates": [
          12.4908304,
          41.8948387
        ]
      },
      "id": "node/10263116453"
    },
    {
      "type": "Feature",
      "properties": {
        "@id": "node/10263168477",
        "amenity": "waste_basket",
        "waste": "cigarettes;trash"
      },
      "geometry": {
        "type": "Point",
        "coordinates": [
          12.4908922,
          41.8949124
        ]
      },
      "id": "node/10263168477"
    },
    {
      "type": "Feature",
      "properties": {
        "@id": "node/10263168478",
        "amenity": "waste_basket",
        "waste": "cigarettes;trash"
      },
      "geometry": {
        "type": "Point",
        "coordinates": [
          12.4909189,
          41.8948578
        ]
      },
      "id": "node/10263168478"
    },
    {
      "type": "Feature",
      "properties": {
        "@id": "node/10263184485",
        "amenity": "ice_cream",
        "level": "0",
        "name": "Le granite"
      },
      "geometry": {
        "type": "Point",
        "coordinates": [
          12.4909445,
          41.8947778
        ]
      },
      "id": "node/10263184485"
    },
    {
      "type": "Feature",
      "properties": {
        "@id": "node/10263200821",
        "addr:housenumber": "7",
        "addr:street": "Piazza della Madonna dei Monti",
        "amenity": "bar",
        "operator": "Zaro Srl. unipersonale",
        "outdoor_seating": "no",
        "phone": "+39 06 4741578",
        "ref:vatin": "IT08516811000"
      },
      "geometry": {
        "type": "Point",
        "coordinates": [
          12.4910994,
          41.8948922
        ]
      },
      "id": "node/10263200821"
    },
    {
      "type": "Feature",
      "properties": {
        "@id": "node/10313699409",
        "board_type": "history",
        "information": "board",
        "language:en": "yes",
        "language:it": "yes",
        "name": "Basilica di Santa Prassede",
        "subject:wikidata": "Q733890",
        "subject:wikipedia": "it:Basilica di Santa Prassede",
        "tourism": "information"
      },
      "geometry": {
        "type": "Point",
        "coordinates": [
          12.4988494,
          41.8963999
        ]
      },
      "id": "node/10313699409"
    },
    {
      "type": "Feature",
      "properties": {
        "@id": "node/10559266248",
        "addr:city": "Roma",
        "addr:housenumber": "62",
        "addr:postcode": "00185",
        "addr:street": "Via Leopardi",
        "amenity": "cafe",
        "indoor_seating": "yes",
        "name": "Bar Allo Statuto",
        "outdoor_seating": "yes",
        "ref:vatin": "IT15125451003"
      },
      "geometry": {
        "type": "Point",
        "coordinates": [
          12.5021067,
          41.8947676
        ]
      },
      "id": "node/10559266248"
    },
    {
      "type": "Feature",
      "properties": {
        "@id": "node/10568076767",
        "historic": "memorial",
        "inscription": "Coloro che non sanno ricordare il passato sono condannati a ripeterlo",
        "name": "Monumento alle Torri Gemelle"
      },
      "geometry": {
        "type": "Point",
        "coordinates": [
          12.4893503,
          41.8843355
        ]
      },
      "id": "node/10568076767"
    },
    {
      "type": "Feature",
      "properties": {
        "@id": "node/10608727101",
        "railway": "tram_level_crossing"
      },
      "geometry": {
        "type": "Point",
        "coordinates": [
          12.4912881,
          41.887712
        ]
      },
      "id": "node/10608727101"
    },
    {
      "type": "Feature",
      "properties": {
        "@id": "node/10608727102",
        "railway": "tram_level_crossing"
      },
      "geometry": {
        "type": "Point",
        "coordinates": [
          12.4912983,
          41.8877223
        ]
      },
      "id": "node/10608727102"
    },
    {
      "type": "Feature",
      "properties": {
        "@id": "node/10608727103",
        "railway": "tram_level_crossing"
      },
      "geometry": {
        "type": "Point",
        "coordinates": [
          12.4916176,
          41.8885708
        ]
      },
      "id": "node/10608727103"
    },
    {
      "type": "Feature",
      "properties": {
        "@id": "node/10608727104",
        "railway": "tram_level_crossing"
      },
      "geometry": {
        "type": "Point",
        "coordinates": [
          12.4916159,
          41.8885476
        ]
      },
      "id": "node/10608727104"
    },
    {
      "type": "Feature",
      "properties": {
        "@id": "node/10611436805",
        "addr:city": "Roma",
        "addr:country": "IT",
        "addr:housenumber": "232",
        "addr:postcode": "00185",
        "addr:street": "Via Merulana",
        "amenity": "fast_food",
        "brand": "Alice",
        "brand:wikidata": "Q113973272",
        "cuisine": "pizza",
        "name": "Alice",
        "opening_hours": "Mo-Su 10:00-22:00",
        "operator": "Alice pizza negozi SRL",
        "ref:vatin": "IT09170611009",
        "takeaway": "yes",
        "website": "https://www.alicepizza.it/store/alice-merulana/"
      },
      "geometry": {
        "type": "Point",
        "coordinates": [
          12.5012029,
          41.8930006
        ]
      },
      "id": "node/10611436805"
    },
    {
      "type": "Feature",
      "properties": {
        "@id": "node/10652496071",
        "natural": "tree"
      },
      "geometry": {
        "type": "Point",
        "coordinates": [
          12.481461,
          41.8950807
        ]
      },
      "id": "node/10652496071"
    },
    {
      "type": "Feature",
      "properties": {
        "@id": "node/10652496072",
        "leaf_type": "needleleaved",
        "natural": "tree"
      },
      "geometry": {
        "type": "Point",
        "coordinates": [
          12.4815831,
          41.8951002
        ]
      },
      "id": "node/10652496072"
    },
    {
      "type": "Feature",
      "properties": {
        "@id": "node/10652496073",
        "amenity": "waste_basket"
      },
      "geometry": {
        "type": "Point",
        "coordinates": [
          12.4814382,
          41.8949819
        ]
      },
      "id": "node/10652496073"
    },
    {
      "type": "Feature",
      "properties": {
        "@id": "node/10652496078",
        "leaf_type": "needleleaved",
        "natural": "tree"
      },
      "geometry": {
        "type": "Point",
        "coordinates": [
          12.4815535,
          41.8950181
        ]
      },
      "id": "node/10652496078"
    },
    {
      "type": "Feature",
      "properties": {
        "@id": "node/10652586786",
        "leaf_type": "needleleaved",
        "natural": "tree"
      },
      "geometry": {
        "type": "Point",
        "coordinates": [
          12.481437,
          41.8950258
        ]
      },
      "id": "node/10652586786"
    },
    {
      "type": "Feature",
      "properties": {
        "@id": "node/10652586787",
        "leaf_type": "needleleaved",
        "natural": "tree"
      },
      "geometry": {
        "type": "Point",
        "coordinates": [
          12.4815251,
          41.8949482
        ]
      },
      "id": "node/10652586787"
    },
    {
      "type": "Feature",
      "properties": {
        "@id": "node/10652586788",
        "leaf_type": "needleleaved",
        "natural": "tree"
      },
      "geometry": {
        "type": "Point",
        "coordinates": [
          12.4815139,
          41.8948731
        ]
      },
      "id": "node/10652586788"
    },
    {
      "type": "Feature",
      "properties": {
        "@id": "node/10652586789",
        "leaf_type": "needleleaved",
        "natural": "tree"
      },
      "geometry": {
        "type": "Point",
        "coordinates": [
          12.4815212,
          41.8948091
        ]
      },
      "id": "node/10652586789"
    },
    {
      "type": "Feature",
      "properties": {
        "@id": "node/10652586790",
        "leaf_type": "needleleaved",
        "natural": "tree"
      },
      "geometry": {
        "type": "Point",
        "coordinates": [
          12.4815407,
          41.8947332
        ]
      },
      "id": "node/10652586790"
    },
    {
      "type": "Feature",
      "properties": {
        "@id": "node/10652586791",
        "leaf_type": "needleleaved",
        "natural": "tree"
      },
      "geometry": {
        "type": "Point",
        "coordinates": [
          12.4815742,
          41.8946655
        ]
      },
      "id": "node/10652586791"
    },
    {
      "type": "Feature",
      "properties": {
        "@id": "node/10652586792",
        "leaf_type": "needleleaved",
        "natural": "tree"
      },
      "geometry": {
        "type": "Point",
        "coordinates": [
          12.4816138,
          41.8946065
        ]
      },
      "id": "node/10652586792"
    },
    {
      "type": "Feature",
      "properties": {
        "@id": "node/10652586793",
        "leaf_type": "needleleaved",
        "natural": "tree"
      },
      "geometry": {
        "type": "Point",
        "coordinates": [
          12.4816656,
          41.8945501
        ]
      },
      "id": "node/10652586793"
    },
    {
      "type": "Feature",
      "properties": {
        "@id": "node/10652586794",
        "leaf_type": "needleleaved",
        "natural": "tree"
      },
      "geometry": {
        "type": "Point",
        "coordinates": [
          12.4817214,
          41.8945044
        ]
      },
      "id": "node/10652586794"
    },
    {
      "type": "Feature",
      "properties": {
        "@id": "node/10652586795",
        "leaf_type": "needleleaved",
        "natural": "tree"
      },
      "geometry": {
        "type": "Point",
        "coordinates": [
          12.4816469,
          41.8944451
        ]
      },
      "id": "node/10652586795"
    },
    {
      "type": "Feature",
      "properties": {
        "@id": "node/10652586796",
        "leaf_type": "needleleaved",
        "natural": "tree"
      },
      "geometry": {
        "type": "Point",
        "coordinates": [
          12.4817147,
          41.8944011
        ]
      },
      "id": "node/10652586796"
    },
    {
      "type": "Feature",
      "properties": {
        "@id": "node/10652586797",
        "leaf_type": "needleleaved",
        "natural": "tree"
      },
      "geometry": {
        "type": "Point",
        "coordinates": [
          12.4817872,
          41.8944567
        ]
      },
      "id": "node/10652586797"
    },
    {
      "type": "Feature",
      "properties": {
        "@id": "node/10652586798",
        "leaf_type": "needleleaved",
        "natural": "tree"
      },
      "geometry": {
        "type": "Point",
        "coordinates": [
          12.481843,
          41.894421
        ]
      },
      "id": "node/10652586798"
    },
    {
      "type": "Feature",
      "properties": {
        "@id": "node/10652586799",
        "leaf_type": "needleleaved",
        "natural": "tree"
      },
      "geometry": {
        "type": "Point",
        "coordinates": [
          12.4817905,
          41.8943529
        ]
      },
      "id": "node/10652586799"
    },
    {
      "type": "Feature",
      "properties": {
        "@id": "node/10652586803",
        "leaf_type": "needleleaved",
        "natural": "tree"
      },
      "geometry": {
        "type": "Point",
        "coordinates": [
          12.4814348,
          41.8947141
        ]
      },
      "id": "node/10652586803"
    },
    {
      "type": "Feature",
      "properties": {
        "@id": "node/10652586806",
        "leaf_type": "needleleaved",
        "natural": "tree"
      },
      "geometry": {
        "type": "Point",
        "coordinates": [
          12.4814683,
          41.8946157
        ]
      },
      "id": "node/10652586806"
    },
    {
      "type": "Feature",
      "properties": {
        "@id": "node/10652586807",
        "leaf_type": "needleleaved",
        "natural": "tree"
      },
      "geometry": {
        "type": "Point",
        "coordinates": [
          12.4815269,
          41.8945551
        ]
      },
      "id": "node/10652586807"
    },
    {
      "type": "Feature",
      "properties": {
        "@id": "node/10652586808",
        "leaf_type": "needleleaved",
        "natural": "tree"
      },
      "geometry": {
        "type": "Point",
        "coordinates": [
          12.4815907,
          41.8944939
        ]
      },
      "id": "node/10652586808"
    },
    {
      "type": "Feature",
      "properties": {
        "@id": "node/10652586816",
        "leaf_type": "needleleaved",
        "natural": "tree"
      },
      "geometry": {
        "type": "Point",
        "coordinates": [
          12.4815419,
          41.8943957
        ]
      },
      "id": "node/10652586816"
    },
    {
      "type": "Feature",
      "properties": {
        "@id": "node/10652586817",
        "leaf_type": "needleleaved",
        "natural": "tree"
      },
      "geometry": {
        "type": "Point",
        "coordinates": [
          12.4817211,
          41.8943006
        ]
      },
      "id": "node/10652586817"
    },
    {
      "type": "Feature",
      "properties": {
        "@id": "node/10652586818",
        "leaf_type": "needleleaved",
        "natural": "tree"
      },
      "geometry": {
        "type": "Point",
        "coordinates": [
          12.4817368,
          41.8942313
        ]
      },
      "id": "node/10652586818"
    },
    {
      "type": "Feature",
      "properties": {
        "@id": "node/10652586819",
        "leaf_type": "needleleaved",
        "natural": "tree"
      },
      "geometry": {
        "type": "Point",
        "coordinates": [
          12.4817074,
          41.8941726
        ]
      },
      "id": "node/10652586819"
    },
    {
      "type": "Feature",
      "properties": {
        "@id": "node/10679887624",
        "amenity": "restaurant",
        "name": "Aromi Bistrot"
      },
      "geometry": {
        "type": "Point",
        "coordinates": [
          12.4839444,
          41.8971816
        ]
      },
      "id": "node/10679887624"
    },
    {
      "type": "Feature",
      "properties": {
        "@id": "node/10679888108",
        "addr:city": "Roma",
        "addr:country": "IT",
        "addr:housenumber": "282",
        "addr:postcode": "00185",
        "addr:street": "Via Merulana",
        "amenity": "cafe",
        "check_date": "2026-05-27",
        "check_date:diet:vegetarian": "2026-05-27",
        "check_date:opening_hours": "2026-05-27",
        "diet:vegetarian": "yes",
        "indoor_seating": "yes",
        "name": "Molino",
        "opening_hours": "Mo-Su 07:00-00:30",
        "outdoor_seating": "yes",
        "wheelchair": "yes"
      },
      "geometry": {
        "type": "Point",
        "coordinates": [
          12.4992217,
          41.8964859
        ]
      },
      "id": "node/10679888108"
    },
    {
      "type": "Feature",
      "properties": {
        "@id": "node/10695800305",
        "addr:housenumber": "277",
        "addr:street": "Via del Corso",
        "name:pt": "Via del corso",
        "tourism": "hotel"
      },
      "geometry": {
        "type": "Point",
        "coordinates": [
          12.481993,
          41.8973065
        ]
      },
      "id": "node/10695800305"
    },
    {
      "type": "Feature",
      "properties": {
        "@id": "node/10695800306",
        "addr:housenumber": "277",
        "addr:street": "Via del Corso",
        "name:pt": "Via del coeso",
        "tourism": "hotel"
      },
      "geometry": {
        "type": "Point",
        "coordinates": [
          12.4819642,
          41.8973436
        ]
      },
      "id": "node/10695800306"
    },
    {
      "type": "Feature",
      "properties": {
        "@id": "node/10701088905",
        "addr:housenumber": "36",
        "addr:street": "Via Merulana",
        "amenity": "restaurant",
        "cuisine": "coffee_shop;italian",
        "email": "info@wearebranca.com",
        "name": "Branca",
        "phone": "+39 06 8952 8967",
        "website": "https://www.wearebranca.com/"
      },
      "geometry": {
        "type": "Point",
        "coordinates": [
          12.5005185,
          41.8948163
        ]
      },
      "id": "node/10701088905"
    },
    {
      "type": "Feature",
      "properties": {
        "@id": "node/10704234605",
        "addr:city": "Roma",
        "addr:country": "IT",
        "addr:housenumber": "19",
        "addr:postcode": "00185",
        "addr:street": "Via Buonarroti",
        "email": "info@hotelcentrallodge.com",
        "internet_access": "wlan",
        "name": "Central Lodge Hotel",
        "opening_hours": "Mo-Su 07:00-23:00",
        "phone": "+39 06 8692 3726; +39 348 562 3336",
        "tourism": "hotel",
        "website": "https://hotelcentrallodge.com/"
      },
      "geometry": {
        "type": "Point",
        "coordinates": [
          12.5023879,
          41.8933634
        ]
      },
      "id": "node/10704234605"
    },
    {
      "type": "Feature",
      "properties": {
        "@id": "node/10704384805",
        "addr:housenumber": "7",
        "addr:postcode": "00184",
        "addr:street": "Via Mecenate",
        "amenity": "restaurant",
        "cuisine": "italian_pizza;pizza",
        "name": "Monti"
      },
      "geometry": {
        "type": "Point",
        "coordinates": [
          12.5008463,
          41.8932055
        ]
      },
      "id": "node/10704384805"
    },
    {
      "type": "Feature",
      "properties": {
        "@id": "node/10712669435",
        "addr:city": "Roma",
        "addr:housenumber": "47",
        "addr:postcode": "00184",
        "addr:street": "Via Capo d'Africa",
        "contact:facebook": "https://www.facebook.com/Lancelothotel",
        "email": "info@lancelothotel.com",
        "internet_access": "wlan",
        "internet_access:fee": "no",
        "name": "Hotel Lancelot",
        "phone": "+39 06 7045 0615",
        "stars": "3",
        "tourism": "hotel",
        "website": "https://www.lancelothotel.com"
      },
      "geometry": {
        "type": "Point",
        "coordinates": [
          12.4971359,
          41.888261
        ]
      },
      "id": "node/10712669435"
    },
    {
      "type": "Feature",
      "properties": {
        "@id": "node/10715995943",
        "addr:housenumber": "75",
        "addr:street": "Via dei Cerchi",
        "amenity": "restaurant",
        "cuisine": "italian",
        "email": "info@ristoranteadhoc.com",
        "name": "Ad Hoc Circo Massimo",
        "opening_hours": "Th off",
        "phone": "+39 06 45619343",
        "website": "https://www.ristoranteadhoc.com/ad-hoc-circo-massimo/"
      },
      "geometry": {
        "type": "Point",
        "coordinates": [
          12.4841392,
          41.8878406
        ]
      },
      "id": "node/10715995943"
    },
    {
      "type": "Feature",
      "properties": {
        "@id": "node/10778365089",
        "amenity": "vending_machine",
        "vending": "drinks"
      },
      "geometry": {
        "type": "Point",
        "coordinates": [
          12.4851563,
          41.8914357
        ]
      },
      "id": "node/10778365089"
    },
    {
      "type": "Feature",
      "properties": {
        "@id": "node/10778373599",
        "tourism": "viewpoint"
      },
      "geometry": {
        "type": "Point",
        "coordinates": [
          12.4860524,
          41.8876441
        ]
      },
      "id": "node/10778373599"
    },
    {
      "type": "Feature",
      "properties": {
        "@id": "node/10778390305",
        "tourism": "viewpoint"
      },
      "geometry": {
        "type": "Point",
        "coordinates": [
          12.4859938,
          41.8876821
        ]
      },
      "id": "node/10778390305"
    },
    {
      "type": "Feature",
      "properties": {
        "@id": "node/10778399901",
        "tourism": "viewpoint"
      },
      "geometry": {
        "type": "Point",
        "coordinates": [
          12.4892803,
          41.8895654
        ]
      },
      "id": "node/10778399901"
    },
    {
      "type": "Feature",
      "properties": {
        "@id": "node/10778420069",
        "name": "Terrazza Caffarelli",
        "name:it": "Terrazza Caffarelli",
        "tourism": "viewpoint"
      },
      "geometry": {
        "type": "Point",
        "coordinates": [
          12.4822424,
          41.8923338
        ]
      },
      "id": "node/10778420069"
    },
    {
      "type": "Feature",
      "properties": {
        "@id": "node/10781040019",
        "tourism": "viewpoint"
      },
      "geometry": {
        "type": "Point",
        "coordinates": [
          12.4841221,
          41.8935688
        ]
      },
      "id": "node/10781040019"
    },
    {
      "type": "Feature",
      "properties": {
        "@id": "node/10781836427",
        "addr:city": "Roma",
        "addr:housenumber": "5",
        "addr:postcode": "00187",
        "addr:street": "Via di Santa Eufemia",
        "brand": "Tapestry Collection by Hilton",
        "contact:linkedin": "https://www.linkedin.com/company/cosmopolita-hotel-tapestry-collection-by-hilton/",
        "email": "ciata_gm@hilton.com",
        "internet_access": "yes",
        "internet_access:fee": "no",
        "name": "Cosmopolita Rome Colosseum, Tapestry Collection by Hilton",
        "operator": "Hilton",
        "phone": "+39 06 997071",
        "rooms": "76",
        "tourism": "hotel",
        "website": "https://www.hilton.com/en/hotels/ciataup-cosmopolita-rome-colosseum/",
        "wheelchair": "yes"
      },
      "geometry": {
        "type": "Point",
        "coordinates": [
          12.4841178,
          41.8967864
        ]
      },
      "id": "node/10781836427"
    },
    {
      "type": "Feature",
      "properties": {
        "@id": "node/10839294946",
        "addr:city": "Roma",
        "addr:country": "IT",
        "addr:housenumber": "10/a",
        "addr:postcode": "00185",
        "addr:street": "Via Napoleone III",
        "amenity": "cafe",
        "name": "Bar gastronomia"
      },
      "geometry": {
        "type": "Point",
        "coordinates": [
          12.5011832,
          41.8974596
        ]
      },
      "id": "node/10839294946"
    },
    {
      "type": "Feature",
      "properties": {
        "@id": "node/10857677301",
        "addr:city": "Roma",
        "addr:housenumber": "18",
        "addr:postcode": "00185",
        "addr:street": "Via Napoleone III",
        "amenity": "bank",
        "brand": "Intesa Sanpaolo",
        "brand:wikidata": "Q1343118",
        "name": "Intesa Sanpaolo"
      },
      "geometry": {
        "type": "Point",
        "coordinates": [
          12.5015625,
          41.8972058
        ]
      },
      "id": "node/10857677301"
    },
    {
      "type": "Feature",
      "properties": {
        "@id": "node/10857677305",
        "amenity": "clock",
        "display": "analog",
        "faces": "2",
        "support": "pole"
      },
      "geometry": {
        "type": "Point",
        "coordinates": [
          12.5016329,
          41.8971347
        ]
      },
      "id": "node/10857677305"
    },
    {
      "type": "Feature",
      "properties": {
        "@id": "node/10857677319",
        "amenity": "vending_machine",
        "indoor": "no",
        "vending": "parking_tickets"
      },
      "geometry": {
        "type": "Point",
        "coordinates": [
          12.5023135,
          41.8967332
        ]
      },
      "id": "node/10857677319"
    },
    {
      "type": "Feature",
      "properties": {
        "@id": "node/10864368298",
        "addr:city": "Roma",
        "addr:country": "IT",
        "addr:housenumber": "45",
        "addr:postcode": "00185",
        "addr:street": "Via Carlo Alberto",
        "amenity": "restaurant",
        "cuisine": "chinese",
        "indoor_seating": "yes",
        "name": "Ristorante Tasting 五味和",
        "opening_hours": "We-Mo 11:00-15:00, 18:00-23:00; Tu 11:00-15:00",
        "outdoor_seating": "no",
        "phone": "+39 06 97606145"
      },
      "geometry": {
        "type": "Point",
        "coordinates": [
          12.5013408,
          41.8960919
        ]
      },
      "id": "node/10864368298"
    },
    {
      "type": "Feature",
      "properties": {
        "@id": "node/10864412309",
        "addr:city": "Roma",
        "addr:country": "IT",
        "addr:housenumber": "35",
        "addr:postcode": "00185",
        "addr:street": "Via Carlo Alberto",
        "amenity": "restaurant",
        "cuisine": "chinese",
        "indoor_seating": "yes",
        "name": "Ristorante Ren 飪",
        "outdoor_seating": "no",
        "phone": "+39 06 45477941"
      },
      "geometry": {
        "type": "Point",
        "coordinates": [
          12.5007371,
          41.8964131
        ]
      },
      "id": "node/10864412309"
    },
    {
      "type": "Feature",
      "properties": {
        "@id": "node/10864412314",
        "addr:city": "Roma",
        "addr:country": "IT",
        "addr:housenumber": "29",
        "addr:postcode": "00185",
        "addr:street": "Via Carlo Alberto",
        "amenity": "cafe",
        "name": "Bar dal 1855"
      },
      "geometry": {
        "type": "Point",
        "coordinates": [
          12.500592,
          41.8964761
        ]
      },
      "id": "node/10864412314"
    },
    {
      "type": "Feature",
      "properties": {
        "@id": "node/10865602194",
        "amenity": "post_box",
        "operator": "Poste Italiane",
        "operator:wikidata": "Q495026"
      },
      "geometry": {
        "type": "Point",
        "coordinates": [
          12.4908529,
          41.8946636
        ]
      },
      "id": "node/10865602194"
    },
    {
      "type": "Feature",
      "properties": {
        "@id": "node/10865647201",
        "addr:housenumber": "177",
        "addr:street": "Via dei Serpenti",
        "amenity": "pharmacy",
        "dispensing": "yes",
        "healthcare": "pharmacy"
      },
      "geometry": {
        "type": "Point",
        "coordinates": [
          12.4908131,
          41.8942726
        ]
      },
      "id": "node/10865647201"
    },
    {
      "type": "Feature",
      "properties": {
        "@id": "node/10865653519",
        "amenity": "atm"
      },
      "geometry": {
        "type": "Point",
        "coordinates": [
          12.4906581,
          41.8943976
        ]
      },
      "id": "node/10865653519"
    },
    {
      "type": "Feature",
      "properties": {
        "@id": "node/10865655475",
        "camera:mount": "wall",
        "camera:type": "fixed",
        "man_made": "surveillance",
        "surveillance": "public",
        "surveillance:type": "camera",
        "surveillance:zone": "shop"
      },
      "geometry": {
        "type": "Point",
        "coordinates": [
          12.4908353,
          41.8947707
        ]
      },
      "id": "node/10865655475"
    },
    {
      "type": "Feature",
      "properties": {
        "@id": "node/10865690783",
        "addr:housenumber": "7",
        "addr:street": "Via dei Serpenti",
        "amenity": "fast_food",
        "cuisine": "pizza",
        "name": "Forno da Milvio"
      },
      "geometry": {
        "type": "Point",
        "coordinates": [
          12.4904709,
          41.8952297
        ]
      },
      "id": "node/10865690783"
    },
    {
      "type": "Feature",
      "properties": {
        "@id": "node/10871463929",
        "addr:city": "Roma",
        "addr:country": "IT",
        "addr:housenumber": "27",
        "addr:postcode": "00184",
        "addr:street": "Via di San Martino ai Monti",
        "amenity": "pub",
        "check_date": "2023-05-05",
        "email": "thedruidspub@yahoo.it",
        "indoor_seating": "yes",
        "name": "The Druid's Den",
        "outdoor_seating": "yes",
        "theme": "irish",
        "website": "http://www.druidspubrome.com/"
      },
      "geometry": {
        "type": "Point",
        "coordinates": [
          12.4989446,
          41.8957833
        ]
      },
      "id": "node/10871463929"
    },
    {
      "type": "Feature",
      "properties": {
        "@id": "node/10871493090",
        "amenity": "cafe",
        "check_date": "2023-05-05",
        "name": "Carrè Monti"
      },
      "geometry": {
        "type": "Point",
        "coordinates": [
          12.4983277,
          41.8949051
        ]
      },
      "id": "node/10871493090"
    },
    {
      "type": "Feature",
      "properties": {
        "@id": "node/10871514402",
        "amenity": "pub",
        "check_date": "2023-05-05",
        "level": "0",
        "name": "Il Fusto",
        "theme": "irish"
      },
      "geometry": {
        "type": "Point",
        "coordinates": [
          12.498299,
          41.8954506
        ]
      },
      "id": "node/10871514402"
    },
    {
      "type": "Feature",
      "properties": {
        "@id": "node/10871515949",
        "amenity": "restaurant",
        "check_date": "2023-05-05",
        "cuisine": "italian",
        "name": "Nipotino Del Solitarie"
      },
      "geometry": {
        "type": "Point",
        "coordinates": [
          12.4986499,
          41.8955688
        ]
      },
      "id": "node/10871515949"
    },
    {
      "type": "Feature",
      "properties": {
        "@id": "node/10873364279",
        "addr:housenumber": "100",
        "amenity": "restaurant",
        "name": "Giulia & Sisto"
      },
      "geometry": {
        "type": "Point",
        "coordinates": [
          12.4971954,
          41.889128
        ]
      },
      "id": "node/10873364279"
    },
    {
      "type": "Feature",
      "properties": {
        "@id": "node/10873427048",
        "addr:city": "Roma",
        "addr:housenumber": "6b",
        "addr:postcode": "00184",
        "addr:street": "Salita del Grillo",
        "amenity": "restaurant",
        "cuisine": "italian",
        "name": "giògiò",
        "opening_hours": "Mo 19:00-23:00,Tu-Sa 12:00-23:00",
        "outdoor_seating": "yes",
        "phone": "+39 06 54223613",
        "website": "https://ristorantegiogio.com"
      },
      "geometry": {
        "type": "Point",
        "coordinates": [
          12.487072,
          41.895739
        ]
      },
      "id": "node/10873427048"
    },
    {
      "type": "Feature",
      "properties": {
        "@id": "node/10873436948",
        "addr:city": "Roma",
        "addr:housenumber": "4",
        "addr:postcode": "00184",
        "addr:street": "Largo Angelicum",
        "alt_name": "LBH Roma Luxus",
        "contact:facebook": "https://www.facebook.com/Romaluxushotel",
        "contact:fax": "+39 06 96525398",
        "email": "info@romaluxushotel.com",
        "internet_access": "wlan",
        "internet_access:fee": "no",
        "name": "Roma Luxus Hotel",
        "phone": "+39 06 32091281",
        "stars": "5",
        "tourism": "hotel",
        "website": "https://www.romaluxushotel.com"
      },
      "geometry": {
        "type": "Point",
        "coordinates": [
          12.487205,
          41.8958579
        ]
      },
      "id": "node/10873436948"
    },
    {
      "type": "Feature",
      "properties": {
        "@id": "node/10873452588",
        "amenity": "bar",
        "indoor_seating": "yes",
        "name": "Cottage",
        "outdoor_seating": "yes"
      },
      "geometry": {
        "type": "Point",
        "coordinates": [
          12.4840051,
          41.8968533
        ]
      },
      "id": "node/10873452588"
    },
    {
      "type": "Feature",
      "properties": {
        "@id": "node/10874112934",
        "amenity": "restaurant",
        "name": "Iside"
      },
      "geometry": {
        "type": "Point",
        "coordinates": [
          12.5011417,
          41.8894149
        ]
      },
      "id": "node/10874112934"
    },
    {
      "type": "Feature",
      "properties": {
        "@id": "node/10874112935",
        "addr:city": "Roma",
        "addr:housenumber": "35",
        "addr:postcode": "00184",
        "addr:street": "Via Labicana",
        "amenity": "parking",
        "fee": "yes",
        "name": "Parking Labicana",
        "opening_hours": "07:00-01:00",
        "parking": "garage",
        "phone": "+39 06 6385350"
      },
      "geometry": {
        "type": "Point",
        "coordinates": [
          12.5000972,
          41.8892317
        ]
      },
      "id": "node/10874112935"
    },
    {
      "type": "Feature",
      "properties": {
        "@id": "node/10874231230",
        "access": "yes",
        "amenity": "parking_entrance",
        "fee": "yes",
        "parking": "surface"
      },
      "geometry": {
        "type": "Point",
        "coordinates": [
          12.500119,
          41.8892966
        ]
      },
      "id": "node/10874231230"
    },
    {
      "type": "Feature",
      "properties": {
        "@id": "node/10875116261",
        "addr:city": "Roma",
        "addr:country": "IT",
        "addr:housenumber": "13",
        "addr:postcode": "00185",
        "addr:street": "Via di San Vito",
        "amenity": "cafe",
        "name": "Piccolo bar"
      },
      "geometry": {
        "type": "Point",
        "coordinates": [
          12.5020724,
          41.8956782
        ]
      },
      "id": "node/10875116261"
    },
    {
      "type": "Feature",
      "properties": {
        "@id": "node/10875853525",
        "addr:housenumber": "8",
        "addr:street": "Via Angelo Poliziano",
        "check_date": "2023-05-07",
        "internet_access": "wlan",
        "level": "5",
        "name": "Domus Merulana B&B",
        "tourism": "guest_house"
      },
      "geometry": {
        "type": "Point",
        "coordinates": [
          12.5012893,
          41.8925958
        ]
      },
      "id": "node/10875853525"
    },
    {
      "type": "Feature",
      "properties": {
        "@id": "node/10885722548",
        "addr:city": "Roma",
        "addr:country": "IT",
        "addr:housenumber": "4",
        "addr:postcode": "00185",
        "addr:street": "Via di Sant'Antonio all'Esquilino",
        "amenity": "money_transfer",
        "name": "i-transfer"
      },
      "geometry": {
        "type": "Point",
        "coordinates": [
          12.5009041,
          41.896126
        ]
      },
      "id": "node/10885722548"
    },
    {
      "type": "Feature",
      "properties": {
        "@id": "node/10885722583",
        "man_made": "street_cabinet",
        "operator": "TIM",
        "operator:wikidata": "Q144617",
        "utility": "telecom"
      },
      "geometry": {
        "type": "Point",
        "coordinates": [
          12.5016541,
          41.895691
        ]
      },
      "id": "node/10885722583"
    },
    {
      "type": "Feature",
      "properties": {
        "@id": "node/10914778781",
        "amenity": "bar",
        "level": "6",
        "name": "Oro Bistrot",
        "outdoor_seating": "yes",
        "source": "survey",
        "website": "https://www.orobistrot.it"
      },
      "geometry": {
        "type": "Point",
        "coordinates": [
          12.4848376,
          41.8961849
        ]
      },
      "id": "node/10914778781"
    },
    {
      "type": "Feature",
      "properties": {
        "@id": "node/10926523975",
        "crossing": "unmarked",
        "railway": "tram_crossing"
      },
      "geometry": {
        "type": "Point",
        "coordinates": [
          12.4895806,
          41.8852018
        ]
      },
      "id": "node/10926523975"
    },
    {
      "type": "Feature",
      "properties": {
        "@id": "node/10926523976",
        "crossing": "unmarked",
        "railway": "tram_crossing"
      },
      "geometry": {
        "type": "Point",
        "coordinates": [
          12.4895622,
          41.8852398
        ]
      },
      "id": "node/10926523976"
    },
    {
      "type": "Feature",
      "properties": {
        "@id": "node/10926533728",
        "railway": "tram_crossing"
      },
      "geometry": {
        "type": "Point",
        "coordinates": [
          12.4887329,
          41.8840974
        ]
      },
      "id": "node/10926533728"
    },
    {
      "type": "Feature",
      "properties": {
        "@id": "node/10926533730",
        "railway": "tram_crossing"
      },
      "geometry": {
        "type": "Point",
        "coordinates": [
          12.4887583,
          41.8840787
        ]
      },
      "id": "node/10926533730"
    },
    {
      "type": "Feature",
      "properties": {
        "@id": "node/10933957195",
        "amenity": "vending_machine",
        "vending": "parking_tickets"
      },
      "geometry": {
        "type": "Point",
        "coordinates": [
          12.4969187,
          41.8974763
        ]
      },
      "id": "node/10933957195"
    },
    {
      "type": "Feature",
      "properties": {
        "@id": "node/10933957200",
        "addr:city": "Roma",
        "addr:country": "IT",
        "addr:housenumber": "154",
        "addr:postcode": "00184",
        "addr:street": "Via di Santa Maria Maggiore",
        "email": "desk@hotelveronarome.com",
        "fax": "+39 06 4884212",
        "name": "Hotel Verona",
        "phone": "+39 06 4871244",
        "ref:vatin": "IT06354891001",
        "stars": "3",
        "tourism": "hotel",
        "website": "https://www.hotelveronarome.com/"
      },
      "geometry": {
        "type": "Point",
        "coordinates": [
          12.4966427,
          41.8973709
        ]
      },
      "id": "node/10933957200"
    },
    {
      "type": "Feature",
      "properties": {
        "@id": "node/10933965411",
        "amenity": "vending_machine",
        "vending": "parking_tickets"
      },
      "geometry": {
        "type": "Point",
        "coordinates": [
          12.496335,
          41.8975062
        ]
      },
      "id": "node/10933965411"
    },
    {
      "type": "Feature",
      "properties": {
        "@id": "node/10933965412",
        "historic": "memorial",
        "memorial": "plaque"
      },
      "geometry": {
        "type": "Point",
        "coordinates": [
          12.4963356,
          41.8975105
        ]
      },
      "id": "node/10933965412"
    },
    {
      "type": "Feature",
      "properties": {
        "@id": "node/10936332985",
        "addr:city": "Roma",
        "addr:country": "IT",
        "addr:housenumber": "118",
        "addr:postcode": "00184",
        "addr:street": "Via di Santa Maria Maggiore",
        "amenity": "veterinary",
        "check_date": "2025-09-01",
        "name": "Veterinario"
      },
      "geometry": {
        "type": "Point",
        "coordinates": [
          12.4956035,
          41.897375
        ]
      },
      "id": "node/10936332985"
    },
    {
      "type": "Feature",
      "properties": {
        "@id": "node/10936332996",
        "addr:city": "Roma",
        "addr:country": "IT",
        "addr:housenumber": "182",
        "addr:postcode": "00184",
        "addr:street": "Via di Santa Maria Maggiore",
        "amenity": "cafe",
        "check_date": "2025-09-02",
        "name": "Simon Bar"
      },
      "geometry": {
        "type": "Point",
        "coordinates": [
          12.4950231,
          41.8971148
        ]
      },
      "id": "node/10936332996"
    },
    {
      "type": "Feature",
      "properties": {
        "@id": "node/10973562005",
        "air_conditioning": "yes",
        "amenity": "restaurant",
        "bar": "no",
        "check_date": "2024-01-02",
        "cuisine": "italian",
        "internet_access": "wlan",
        "internet_access:fee": "customers",
        "level": "0",
        "name": "Ce stamo a pensa",
        "outdoor_seating": "no",
        "payment:cash": "yes",
        "payment:credit_cards": "yes",
        "payment:debit_cards": "yes",
        "smoking": "no",
        "takeaway": "yes",
        "toilets": "yes"
      },
      "geometry": {
        "type": "Point",
        "coordinates": [
          12.4913828,
          41.8946645
        ]
      },
      "id": "node/10973562005"
    },
    {
      "type": "Feature",
      "properties": {
        "@id": "node/10978320124",
        "addr:city": "Roma",
        "addr:country": "IT",
        "addr:housenumber": "142",
        "addr:postcode": "00185",
        "addr:street": "Piazza Vittorio Emanuele Secondo",
        "amenity": "fast_food",
        "indoor_seating": "yes",
        "name": "Fresh food",
        "outdoor_seating": "yes"
      },
      "geometry": {
        "type": "Point",
        "coordinates": [
          12.5024546,
          41.8951333
        ]
      },
      "id": "node/10978320124"
    },
    {
      "type": "Feature",
      "properties": {
        "@id": "node/10983736364",
        "amenity": "clock",
        "display": "analog",
        "faces": "2",
        "support": "pole"
      },
      "geometry": {
        "type": "Point",
        "coordinates": [
          12.4976349,
          41.8974532
        ]
      },
      "id": "node/10983736364"
    },
    {
      "type": "Feature",
      "properties": {
        "@id": "node/10983736365",
        "amenity": "clock",
        "display": "analog",
        "faces": "2",
        "support": "pole"
      },
      "geometry": {
        "type": "Point",
        "coordinates": [
          12.4978766,
          41.8972705
        ]
      },
      "id": "node/10983736365"
    },
    {
      "type": "Feature",
      "properties": {
        "@id": "node/10991659178",
        "addr:city": "Roma",
        "addr:country": "IT",
        "addr:housenumber": "13/b",
        "addr:postcode": "00185",
        "addr:street": "Piazza di Santa Maria Maggiore",
        "amenity": "restaurant",
        "email": "ristorantecasamaria@gmail.com",
        "name": "Casa Maria",
        "opening_hours": "Mo-Su 11:00-24:00",
        "phone": "+39 06 4827447",
        "website": "https://www.ristorantecasamaria.com/"
      },
      "geometry": {
        "type": "Point",
        "coordinates": [
          12.4988047,
          41.896833
        ]
      },
      "id": "node/10991659178"
    },
    {
      "type": "Feature",
      "properties": {
        "@id": "node/10994133196",
        "amenity": "drinking_water",
        "fountain": "nasone",
        "wikimedia_commons": "File:Drinking fountain, via dei Fienili, Roma, Italia Jun 16, 2023 12-08-40 PM.jpeg"
      },
      "geometry": {
        "type": "Point",
        "coordinates": [
          12.4825648,
          41.8909862
        ]
      },
      "id": "node/10994133196"
    },
    {
      "type": "Feature",
      "properties": {
        "@id": "node/11009879404",
        "amenity": "waste_basket"
      },
      "geometry": {
        "type": "Point",
        "coordinates": [
          12.4945624,
          41.8907395
        ]
      },
      "id": "node/11009879404"
    },
    {
      "type": "Feature",
      "properties": {
        "@id": "node/11009901023",
        "amenity": "bench",
        "backrest": "yes"
      },
      "geometry": {
        "type": "Point",
        "coordinates": [
          12.49733,
          41.890718
        ]
      },
      "id": "node/11009901023"
    },
    {
      "type": "Feature",
      "properties": {
        "@id": "node/11015520329",
        "man_made": "manhole",
        "manhole": "drain"
      },
      "geometry": {
        "type": "Point",
        "coordinates": [
          12.4838157,
          41.8923965
        ]
      },
      "id": "node/11015520329"
    },
    {
      "type": "Feature",
      "properties": {
        "@id": "node/11015520330",
        "man_made": "manhole",
        "manhole": "drain"
      },
      "geometry": {
        "type": "Point",
        "coordinates": [
          12.483826,
          41.8923893
        ]
      },
      "id": "node/11015520330"
    },
    {
      "type": "Feature",
      "properties": {
        "@id": "node/11015520331",
        "man_made": "manhole",
        "manhole": "drain"
      },
      "geometry": {
        "type": "Point",
        "coordinates": [
          12.4838304,
          41.8923774
        ]
      },
      "id": "node/11015520331"
    },
    {
      "type": "Feature",
      "properties": {
        "@id": "node/11015520332",
        "man_made": "manhole"
      },
      "geometry": {
        "type": "Point",
        "coordinates": [
          12.4838013,
          41.8923824
        ]
      },
      "id": "node/11015520332"
    },
    {
      "type": "Feature",
      "properties": {
        "@id": "node/11015520333",
        "man_made": "manhole",
        "manhole": "drain"
      },
      "geometry": {
        "type": "Point",
        "coordinates": [
          12.4838655,
          41.8924797
        ]
      },
      "id": "node/11015520333"
    },
    {
      "type": "Feature",
      "properties": {
        "@id": "node/11015520334",
        "man_made": "manhole",
        "manhole": "drain"
      },
      "geometry": {
        "type": "Point",
        "coordinates": [
          12.4838743,
          41.8924749
        ]
      },
      "id": "node/11015520334"
    },
    {
      "type": "Feature",
      "properties": {
        "@id": "node/11015520335",
        "man_made": "manhole",
        "manhole": "drain"
      },
      "geometry": {
        "type": "Point",
        "coordinates": [
          12.4838843,
          41.8924698
        ]
      },
      "id": "node/11015520335"
    },
    {
      "type": "Feature",
      "properties": {
        "@id": "node/11015520336",
        "man_made": "manhole",
        "manhole": "drain"
      },
      "geometry": {
        "type": "Point",
        "coordinates": [
          12.48391,
          41.8924526
        ]
      },
      "id": "node/11015520336"
    },
    {
      "type": "Feature",
      "properties": {
        "@id": "node/11016074015",
        "man_made": "manhole",
        "manhole": "drain"
      },
      "geometry": {
        "type": "Point",
        "coordinates": [
          12.4825876,
          41.890263
        ]
      },
      "id": "node/11016074015"
    },
    {
      "type": "Feature",
      "properties": {
        "@id": "node/11016074016",
        "man_made": "manhole",
        "manhole": "drain"
      },
      "geometry": {
        "type": "Point",
        "coordinates": [
          12.4825861,
          41.8903622
        ]
      },
      "id": "node/11016074016"
    },
    {
      "type": "Feature",
      "properties": {
        "@id": "node/11016154374",
        "denotation": "urban",
        "diameter_crown": "15.23m",
        "leaf_cycle": "evergreen",
        "leaf_type": "needleleaved",
        "natural": "tree"
      },
      "geometry": {
        "type": "Point",
        "coordinates": [
          12.4815781,
          41.8902693
        ]
      },
      "id": "node/11016154374"
    },
    {
      "type": "Feature",
      "properties": {
        "@id": "node/11016170033",
        "air_conditioning": "yes",
        "man_made": "pumping_station",
        "pump": "powered"
      },
      "geometry": {
        "type": "Point",
        "coordinates": [
          12.481588,
          41.8903931
        ]
      },
      "id": "node/11016170033"
    },
    {
      "type": "Feature",
      "properties": {
        "@id": "node/11016170034",
        "air_conditioning": "yes",
        "man_made": "pumping_station",
        "pump": "powered"
      },
      "geometry": {
        "type": "Point",
        "coordinates": [
          12.4816086,
          41.8903946
        ]
      },
      "id": "node/11016170034"
    },
    {
      "type": "Feature",
      "properties": {
        "@id": "node/11016170035",
        "air_conditioning": "yes",
        "man_made": "pumping_station",
        "pump": "powered"
      },
      "geometry": {
        "type": "Point",
        "coordinates": [
          12.4816292,
          41.8903954
        ]
      },
      "id": "node/11016170035"
    },
    {
      "type": "Feature",
      "properties": {
        "@id": "node/11016170036",
        "air_conditioning": "yes",
        "man_made": "pumping_station",
        "pump": "powered"
      },
      "geometry": {
        "type": "Point",
        "coordinates": [
          12.4816614,
          41.8903901
        ]
      },
      "id": "node/11016170036"
    },
    {
      "type": "Feature",
      "properties": {
        "@id": "node/11016170037",
        "air_conditioning": "yes",
        "man_made": "pumping_station",
        "pump": "powered"
      },
      "geometry": {
        "type": "Point",
        "coordinates": [
          12.4816619,
          41.8903812
        ]
      },
      "id": "node/11016170037"
    },
    {
      "type": "Feature",
      "properties": {
        "@id": "node/11025910223",
        "genus": "Pine",
        "genus:wikidata": "Q12024",
        "leaf_cycle": "evergreen",
        "leaf_type": "needleleaved",
        "natural": "tree"
      },
      "geometry": {
        "type": "Point",
        "coordinates": [
          12.4894693,
          41.8879312
        ]
      },
      "id": "node/11025910223"
    },
    {
      "type": "Feature",
      "properties": {
        "@id": "node/11039649526",
        "addr:city": "Roma",
        "addr:country": "IT",
        "addr:floor": "0",
        "addr:housenumber": "4",
        "addr:postcode": "00185",
        "addr:street": "Via di San Vito",
        "amenity": "cafe",
        "check_date": "2026-03-28",
        "level": "0",
        "name": "Bar Dò Brasil",
        "outdoor_seating": "yes",
        "toilets:wheelchair": "no",
        "wheelchair": "no"
      },
      "geometry": {
        "type": "Point",
        "coordinates": [
          12.5001822,
          41.8959296
        ]
      },
      "id": "node/11039649526"
    },
    {
      "type": "Feature",
      "properties": {
        "@id": "node/11058143111",
        "addr:city": "Roma",
        "addr:housenumber": "88c",
        "addr:postcode": "00184",
        "addr:street": "Via in Selci",
        "amenity": "police",
        "name": "Carabinieri - Reparto Operativo di Roma",
        "operator": "Arma dei Carabinieri",
        "operator:short": "Carabinieri",
        "operator:wikidata": "Q54852",
        "police": "offices"
      },
      "geometry": {
        "type": "Point",
        "coordinates": [
          12.4944652,
          41.8945359
        ]
      },
      "id": "node/11058143111"
    },
    {
      "type": "Feature",
      "properties": {
        "@id": "node/11058143130",
        "addr:city": "Roma",
        "addr:housenumber": "258",
        "addr:postcode": "00184",
        "addr:street": "Via Cavour",
        "amenity": "school",
        "check_date": "2026-02-09",
        "name": "Istituto professionale Leonardo Da Vinci"
      },
      "geometry": {
        "type": "Point",
        "coordinates": [
          12.4906319,
          41.893854
        ]
      },
      "id": "node/11058143130"
    },
    {
      "type": "Feature",
      "properties": {
        "@id": "node/11058143149",
        "access": "private",
        "disused": "yes",
        "man_made": "water_well",
        "pump": "no"
      },
      "geometry": {
        "type": "Point",
        "coordinates": [
          12.4932847,
          41.8935437
        ]
      },
      "id": "node/11058143149"
    },
    {
      "type": "Feature",
      "properties": {
        "@id": "node/11066696192",
        "amenity": "school",
        "name": "Scuola Alfredo Baccarini"
      },
      "geometry": {
        "type": "Point",
        "coordinates": [
          12.4951575,
          41.8955876
        ]
      },
      "id": "node/11066696192"
    },
    {
      "type": "Feature",
      "properties": {
        "@id": "node/11066696204",
        "amenity": "fountain"
      },
      "geometry": {
        "type": "Point",
        "coordinates": [
          12.4900256,
          41.8947256
        ]
      },
      "id": "node/11066696204"
    },
    {
      "type": "Feature",
      "properties": {
        "@id": "node/11066696905",
        "historic": "yes",
        "name": "Argiletum",
        "wikidata": "Q646998",
        "wikipedia": "it:Argileto"
      },
      "geometry": {
        "type": "Point",
        "coordinates": [
          12.4900701,
          41.8946273
        ]
      },
      "id": "node/11066696905"
    },
    {
      "type": "Feature",
      "properties": {
        "@id": "node/11088710845",
        "addr:city": "Roma",
        "addr:housenumber": "30",
        "addr:postcode": "00184",
        "addr:street": "Via Leonina",
        "amenity": "restaurant",
        "cuisine": "chinese;japanese",
        "name": "巴师傅川菜",
        "name:en": "Tín House",
        "note": "Cucina del Sichuan",
        "phone": "+393319899961",
        "takeaway": "yes"
      },
      "geometry": {
        "type": "Point",
        "coordinates": [
          12.4924846,
          41.8949836
        ]
      },
      "id": "node/11088710845"
    },
    {
      "type": "Feature",
      "properties": {
        "@id": "node/11093332105",
        "addr:postcode": "00187",
        "amenity": "restaurant",
        "name": "Vivi",
        "opening_hours": "Mo-Su 08:00-21:00",
        "phone": "+39 06 69228 769",
        "website": "https://vivi.it/store/piazza-venezia/"
      },
      "geometry": {
        "type": "Point",
        "coordinates": [
          12.4820033,
          41.8968335
        ]
      },
      "id": "node/11093332105"
    },
    {
      "type": "Feature",
      "properties": {
        "@id": "node/11109953705",
        "tourism": "guest_house"
      },
      "geometry": {
        "type": "Point",
        "coordinates": [
          12.4818211,
          41.8973271
        ]
      },
      "id": "node/11109953705"
    },
    {
      "type": "Feature",
      "properties": {
        "@id": "node/11199551237",
        "amenity": "telephone"
      },
      "geometry": {
        "type": "Point",
        "coordinates": [
          12.4971355,
          41.8975261
        ]
      },
      "id": "node/11199551237"
    },
    {
      "type": "Feature",
      "properties": {
        "@id": "node/11206130126",
        "access": "customers",
        "amenity": "toilets",
        "description": "Chiedere la chiave nella sacrestia"
      },
      "geometry": {
        "type": "Point",
        "coordinates": [
          12.4970299,
          41.884847
        ]
      },
      "id": "node/11206130126"
    },
    {
      "type": "Feature",
      "properties": {
        "@id": "node/11208682954",
        "amenity": "vending_machine",
        "vending": "public_transport_tickets"
      },
      "geometry": {
        "type": "Point",
        "coordinates": [
          12.4817936,
          41.8950167
        ]
      },
      "id": "node/11208682954"
    },
    {
      "type": "Feature",
      "properties": {
        "@id": "node/11235560137",
        "name": "PgrHome Luxury Apartments Colosseo 11",
        "tourism": "apartment"
      },
      "geometry": {
        "type": "Point",
        "coordinates": [
          12.4896342,
          41.8927257
        ]
      },
      "id": "node/11235560137"
    },
    {
      "type": "Feature",
      "properties": {
        "@id": "node/11248217591",
        "amenity": "fountain",
        "drinking_water": "yes",
        "wikimedia_commons": "File:Drinking fountain, Il giardino di Roma, Rome, Italy Oct 08, 2023 04-09-09 PM.jpeg"
      },
      "geometry": {
        "type": "Point",
        "coordinates": [
          12.4835238,
          41.8846303
        ]
      },
      "id": "node/11248217591"
    },
    {
      "type": "Feature",
      "properties": {
        "@id": "node/11248326060",
        "amenity": "university",
        "name": "Accademia Nazionale di Danza"
      },
      "geometry": {
        "type": "Point",
        "coordinates": [
          12.4832406,
          41.8841668
        ]
      },
      "id": "node/11248326060"
    },
    {
      "type": "Feature",
      "properties": {
        "@id": "node/11248332587",
        "amenity": "drinking_water",
        "fountain": "roman_wolf",
        "wikimedia_commons": "File:Drinking fountain, Giardino delle Rose, Rome, Italy Oct 08, 2023 04-46-26 PM.jpeg"
      },
      "geometry": {
        "type": "Point",
        "coordinates": [
          12.4829659,
          41.8845222
        ]
      },
      "id": "node/11248332587"
    },
    {
      "type": "Feature",
      "properties": {
        "@id": "node/11248332588",
        "drinking_water": "yes",
        "man_made": "water_tap",
        "wikimedia_commons": "File:Faucet, Il Roseto di Roma, Rome, Italy Oct 08, 2023 04-46-44 PM.jpeg"
      },
      "geometry": {
        "type": "Point",
        "coordinates": [
          12.4828817,
          41.8844345
        ]
      },
      "id": "node/11248332588"
    },
    {
      "type": "Feature",
      "properties": {
        "@id": "node/11248552275",
        "name": "Hotel Sourire",
        "stars": "3",
        "tourism": "hotel"
      },
      "geometry": {
        "type": "Point",
        "coordinates": [
          12.4839275,
          41.8825936
        ]
      },
      "id": "node/11248552275"
    },
    {
      "type": "Feature",
      "properties": {
        "@id": "node/11265804048",
        "railway": "tram_level_crossing"
      },
      "geometry": {
        "type": "Point",
        "coordinates": [
          12.4972048,
          41.890027
        ]
      },
      "id": "node/11265804048"
    },
    {
      "type": "Feature",
      "properties": {
        "@id": "node/11265804049",
        "railway": "tram_level_crossing"
      },
      "geometry": {
        "type": "Point",
        "coordinates": [
          12.4971755,
          41.8900057
        ]
      },
      "id": "node/11265804049"
    },
    {
      "type": "Feature",
      "properties": {
        "@id": "node/11265804069",
        "crossing": "traffic_signals",
        "highway": "crossing",
        "railway": "tram_crossing"
      },
      "geometry": {
        "type": "Point",
        "coordinates": [
          12.4985003,
          41.8897588
        ]
      },
      "id": "node/11265804069"
    },
    {
      "type": "Feature",
      "properties": {
        "@id": "node/11265804072",
        "railway": "tram_crossing"
      },
      "geometry": {
        "type": "Point",
        "coordinates": [
          12.4984977,
          41.8897882
        ]
      },
      "id": "node/11265804072"
    },
    {
      "type": "Feature",
      "properties": {
        "@id": "node/11265804073",
        "railway": "tram_crossing"
      },
      "geometry": {
        "type": "Point",
        "coordinates": [
          12.4982884,
          41.8898267
        ]
      },
      "id": "node/11265804073"
    },
    {
      "type": "Feature",
      "properties": {
        "@id": "node/11266309373",
        "addr:city": "Roma",
        "addr:country": "IT",
        "addr:housenumber": "256",
        "addr:postcode": "00185",
        "addr:street": "Via Merulana",
        "amenity": "restaurant",
        "check_date": "2026-03-28",
        "name": "Lo scoglio di Frisio",
        "phone": "+39 06 4872765",
        "website": "https://www.scogliodifrisio.com/"
      },
      "geometry": {
        "type": "Point",
        "coordinates": [
          12.4998259,
          41.895418
        ]
      },
      "id": "node/11266309373"
    },
    {
      "type": "Feature",
      "properties": {
        "@id": "node/11266309396",
        "addr:city": "Roma",
        "addr:country": "IT",
        "addr:housenumber": "10/a",
        "addr:postcode": "00185",
        "addr:street": "Via Pellegrino Rossi",
        "amenity": "college",
        "name": "Accademia Costume & Moda",
        "phone": "+39 06 6864132",
        "source": "https://www.accademiacostumeemoda.it/il-nuovo-campus-di-roma/?_gl=1*1hsjrvc*_up*MQ..*_ga*MTU0NTU2MzI0LjE3MzMyNjAxNzI.*_ga_68L42GKKCN*MTczMzI2MDE3MS4xLjAuMTczMzI2MDE3MS4wLjAuMTQzOTA5NTMzMw..",
        "start_date": "2024-12-03",
        "website": "https://www.accademiacostumeemoda.it/"
      },
      "geometry": {
        "type": "Point",
        "coordinates": [
          12.5016311,
          41.8953285
        ]
      },
      "id": "node/11266309396"
    },
    {
      "type": "Feature",
      "properties": {
        "@id": "node/11270874251",
        "amenity": "waste_basket"
      },
      "geometry": {
        "type": "Point",
        "coordinates": [
          12.5014078,
          41.8949926
        ]
      },
      "id": "node/11270874251"
    },
    {
      "type": "Feature",
      "properties": {
        "@id": "node/11271098713",
        "railway": "tram_level_crossing"
      },
      "geometry": {
        "type": "Point",
        "coordinates": [
          12.4942152,
          41.8901414
        ]
      },
      "id": "node/11271098713"
    },
    {
      "type": "Feature",
      "properties": {
        "@id": "node/11271339282",
        "amenity": "post_box",
        "operator": "Poste Italiane",
        "operator:wikidata": "Q495026"
      },
      "geometry": {
        "type": "Point",
        "coordinates": [
          12.5010959,
          41.8950368
        ]
      },
      "id": "node/11271339282"
    },
    {
      "type": "Feature",
      "properties": {
        "@id": "node/11271339285",
        "amenity": "vending_machine",
        "vending": "condoms"
      },
      "geometry": {
        "type": "Point",
        "coordinates": [
          12.5010699,
          41.8950387
        ]
      },
      "id": "node/11271339285"
    },
    {
      "type": "Feature",
      "properties": {
        "@id": "node/11271339286",
        "amenity": "clock",
        "display": "analog",
        "faces": "2",
        "support": "pole"
      },
      "geometry": {
        "type": "Point",
        "coordinates": [
          12.5009143,
          41.8950315
        ]
      },
      "id": "node/11271339286"
    },
    {
      "type": "Feature",
      "properties": {
        "@id": "node/11271339302",
        "addr:city": "Roma",
        "addr:country": "IT",
        "addr:housenumber": "52",
        "addr:postcode": "00185",
        "addr:street": "Via dello Statuto",
        "amenity": "restaurant",
        "cuisine": "chinese;japanese;thai",
        "name": "Aloft",
        "phone": "+39 06 484041"
      },
      "geometry": {
        "type": "Point",
        "coordinates": [
          12.5010944,
          41.8948472
        ]
      },
      "id": "node/11271339302"
    },
    {
      "type": "Feature",
      "properties": {
        "@id": "node/11271339308",
        "addr:city": "Roma",
        "addr:country": "IT",
        "addr:housenumber": "42",
        "addr:postcode": "00185",
        "addr:street": "Via dello Statuto",
        "amenity": "bank",
        "brand": "UniCredit",
        "brand:wikidata": "Q45568",
        "name": "UniCredit",
        "name:it": "UniCredit"
      },
      "geometry": {
        "type": "Point",
        "coordinates": [
          12.5013607,
          41.8948352
        ]
      },
      "id": "node/11271339308"
    },
    {
      "type": "Feature",
      "properties": {
        "@id": "node/11271339311",
        "addr:city": "Roma",
        "addr:country": "IT",
        "addr:housenumber": "48",
        "addr:postcode": "00185",
        "addr:street": "Via dello Statuto",
        "amenity": "cafe",
        "name": "Ponzi"
      },
      "geometry": {
        "type": "Point",
        "coordinates": [
          12.5012028,
          41.8948394
        ]
      },
      "id": "node/11271339311"
    },
    {
      "type": "Feature",
      "properties": {
        "@id": "node/11271487518",
        "natural": "shrub"
      },
      "geometry": {
        "type": "Point",
        "coordinates": [
          12.4886795,
          41.892831
        ]
      },
      "id": "node/11271487518"
    },
    {
      "type": "Feature",
      "properties": {
        "@id": "node/11271487519",
        "natural": "shrub"
      },
      "geometry": {
        "type": "Point",
        "coordinates": [
          12.4887458,
          41.892875
        ]
      },
      "id": "node/11271487519"
    },
    {
      "type": "Feature",
      "properties": {
        "@id": "node/11272063710",
        "amenity": "recycling",
        "recycling:clothes": "yes",
        "recycling:shoes": "yes",
        "recycling_type": "container"
      },
      "geometry": {
        "type": "Point",
        "coordinates": [
          12.5005177,
          41.8943324
        ]
      },
      "id": "node/11272063710"
    },
    {
      "type": "Feature",
      "properties": {
        "@id": "node/11279000957",
        "amenity": "vending_machine",
        "vending": "parking_tickets"
      },
      "geometry": {
        "type": "Point",
        "coordinates": [
          12.5019245,
          41.8943256
        ]
      },
      "id": "node/11279000957"
    },
    {
      "type": "Feature",
      "properties": {
        "@id": "node/11285780172",
        "access": "private",
        "amenity": "bicycle_parking",
        "bicycle_parking": "wall_loops",
        "capacity": "12",
        "covered": "no",
        "fee": "no"
      },
      "geometry": {
        "type": "Point",
        "coordinates": [
          12.4938062,
          41.8934258
        ]
      },
      "id": "node/11285780172"
    },
    {
      "type": "Feature",
      "properties": {
        "@id": "node/11285780173",
        "access": "private",
        "amenity": "bicycle_parking",
        "bicycle_parking": "parabola",
        "capacity": "10",
        "covered": "no",
        "fee": "no"
      },
      "geometry": {
        "type": "Point",
        "coordinates": [
          12.4939566,
          41.8933486
        ]
      },
      "id": "node/11285780173"
    },
    {
      "type": "Feature",
      "properties": {
        "@id": "node/11288215221",
        "addr:city": "Roma",
        "addr:country": "IT",
        "addr:housenumber": "242",
        "addr:postcode": "00185",
        "addr:street": "Via Merulana",
        "amenity": "cafe",
        "name": "Bar Mecenate"
      },
      "geometry": {
        "type": "Point",
        "coordinates": [
          12.5010084,
          41.8933488
        ]
      },
      "id": "node/11288215221"
    },
    {
      "type": "Feature",
      "properties": {
        "@id": "node/11289570103",
        "camera:direction": "285",
        "camera:mount": "wall",
        "camera:type": "fixed",
        "contact:webcam": "https://www.skylinewebcams.com/fr/webcam/italia/lazio/roma/roma-colosseo.html",
        "man_made": "surveillance",
        "surveillance": "outdoor",
        "surveillance:type": "camera",
        "surveillance:zone": "area"
      },
      "geometry": {
        "type": "Point",
        "coordinates": [
          12.4954648,
          41.8901138
        ]
      },
      "id": "node/11289570103"
    },
    {
      "type": "Feature",
      "properties": {
        "@id": "node/11289662006",
        "camera:direction": "195",
        "camera:mount": "wall",
        "camera:type": "fixed",
        "man_made": "surveillance",
        "surveillance": "outdoor",
        "surveillance:type": "camera",
        "surveillance:zone": "area"
      },
      "geometry": {
        "type": "Point",
        "coordinates": [
          12.4954514,
          41.8900915
        ]
      },
      "id": "node/11289662006"
    },
    {
      "type": "Feature",
      "properties": {
        "@id": "node/11289672297",
        "camera:direction": "285",
        "camera:mount": "wall",
        "camera:type": "fixed",
        "man_made": "surveillance",
        "surveillance": "outdoor",
        "surveillance:type": "camera",
        "surveillance:zone": "street"
      },
      "geometry": {
        "type": "Point",
        "coordinates": [
          12.4957099,
          41.8901721
        ]
      },
      "id": "node/11289672297"
    },
    {
      "type": "Feature",
      "properties": {
        "@id": "node/11289681597",
        "camera:direction": "115",
        "camera:mount": "wall",
        "camera:type": "fixed",
        "man_made": "surveillance",
        "surveillance": "outdoor",
        "surveillance:type": "camera",
        "surveillance:zone": "bank"
      },
      "geometry": {
        "type": "Point",
        "coordinates": [
          12.4954247,
          41.8898073
        ]
      },
      "id": "node/11289681597"
    },
    {
      "type": "Feature",
      "properties": {
        "@id": "node/11289684104",
        "camera:direction": "285",
        "camera:mount": "wall",
        "camera:type": "fixed",
        "man_made": "surveillance",
        "surveillance": "outdoor",
        "surveillance:type": "camera",
        "surveillance:zone": "bank"
      },
      "geometry": {
        "type": "Point",
        "coordinates": [
          12.4955425,
          41.8897739
        ]
      },
      "id": "node/11289684104"
    },
    {
      "type": "Feature",
      "properties": {
        "@id": "node/11289684589",
        "camera:direction": "170",
        "camera:mount": "wall",
        "camera:type": "fixed",
        "man_made": "surveillance",
        "surveillance": "outdoor",
        "surveillance:type": "camera",
        "surveillance:zone": "entrance"
      },
      "geometry": {
        "type": "Point",
        "coordinates": [
          12.4957127,
          41.890157
        ]
      },
      "id": "node/11289684589"
    },
    {
      "type": "Feature",
      "properties": {
        "@id": "node/11289685731",
        "camera:direction": "220",
        "camera:mount": "wall",
        "camera:type": "fixed",
        "contact:webcam": "https://www.skylinewebcams.com/fr/webcam/italia/lazio/roma/colosseo.html",
        "man_made": "surveillance",
        "surveillance": "outdoor",
        "surveillance:type": "camera",
        "surveillance:zone": "street"
      },
      "geometry": {
        "type": "Point",
        "coordinates": [
          12.4925077,
          41.8914927
        ]
      },
      "id": "node/11289685731"
    },
    {
      "type": "Feature",
      "properties": {
        "@id": "node/11289688457",
        "camera:direction": "170",
        "camera:mount": "wall",
        "camera:type": "fixed",
        "contact:webcam": "https://www.skylinewebcams.com/fr/webcam/italia/lazio/roma/piazza-venezia.html",
        "man_made": "surveillance",
        "surveillance": "outdoor",
        "surveillance:type": "camera",
        "surveillance:zone": "area"
      },
      "geometry": {
        "type": "Point",
        "coordinates": [
          12.4825266,
          41.8968989
        ]
      },
      "id": "node/11289688457"
    },
    {
      "type": "Feature",
      "properties": {
        "@id": "node/11295208825",
        "amenity": "vending_machine",
        "vending": "parking_tickets"
      },
      "geometry": {
        "type": "Point",
        "coordinates": [
          12.5021588,
          41.8929562
        ]
      },
      "id": "node/11295208825"
    },
    {
      "type": "Feature",
      "properties": {
        "@id": "node/11305156297",
        "board_type": "history",
        "information": "board",
        "language:en": "yes",
        "language:it": "main",
        "name": "Santuario della Madonna del Divino Amore",
        "subject:wikidata": "Q2373648",
        "subject:wikipedia": "it:Santuario della Madonna del Divino Amore",
        "tourism": "information"
      },
      "geometry": {
        "type": "Point",
        "coordinates": [
          12.4890348,
          41.883899
        ]
      },
      "id": "node/11305156297"
    },
    {
      "type": "Feature",
      "properties": {
        "@id": "node/11305156298",
        "board_type": "history",
        "information": "board",
        "language:en": "yes",
        "language:it": "yes",
        "name": "Rione XXI San Saba",
        "subject:wikidata": "Q386273",
        "subject:wikipedia": "it:San Saba (rione di Roma)",
        "support": "pole",
        "tourism": "information"
      },
      "geometry": {
        "type": "Point",
        "coordinates": [
          12.4906489,
          41.8828317
        ]
      },
      "id": "node/11305156298"
    },
    {
      "type": "Feature",
      "properties": {
        "@id": "node/11305156299",
        "information": "board",
        "name": "Monumento alle Vittime del Terrorismo",
        "tourism": "information"
      },
      "geometry": {
        "type": "Point",
        "coordinates": [
          12.4906547,
          41.882846
        ]
      },
      "id": "node/11305156299"
    },
    {
      "type": "Feature",
      "properties": {
        "@id": "node/11305156300",
        "historic": "memorial",
        "material": "stone",
        "memorial": "stele",
        "name": "Monumento alle Vittime del Terrorismo"
      },
      "geometry": {
        "type": "Point",
        "coordinates": [
          12.4907757,
          41.8827678
        ]
      },
      "id": "node/11305156300"
    },
    {
      "type": "Feature",
      "properties": {
        "@id": "node/11358099248",
        "amenity": "cafe",
        "name": "Espresso & Co"
      },
      "geometry": {
        "type": "Point",
        "coordinates": [
          12.4838125,
          41.8942492
        ]
      },
      "id": "node/11358099248"
    },
    {
      "type": "Feature",
      "properties": {
        "@id": "node/11359857923",
        "description": "Il Ninfeo era uno spazio che, ispirandosi a esempi dell’antica Roma e del primo Rinascimento, veniva utilizzato dai Farnese, soprattutto nella stagione calda, come spazio per la festa e il diletto.",
        "name": "Ninfeo della Pioggia",
        "opening_hours": "Mo-Su 09:00-15:30",
        "operator": "Parco Archeologico del Colosseo",
        "source": "https://colosseo.it/evento/ninfeo-pioggia-festa-barocca/",
        "start_date": "2023-10-29",
        "tourism": "attraction"
      },
      "geometry": {
        "type": "Point",
        "coordinates": [
          12.4874046,
          41.8905969
        ]
      },
      "id": "node/11359857923"
    },
    {
      "type": "Feature",
      "properties": {
        "@id": "node/11389815002",
        "addr:housenumber": "293",
        "addr:postcode": "00186",
        "addr:street": "Via del Corso",
        "amenity": "ice_cream",
        "check_date": "2024-05-18",
        "indoor_seating": "yes",
        "internet_access": "wlan",
        "name": "The Gelatist",
        "outdoor_seating": "no",
        "payment:cash": "yes",
        "payment:credit_cards": "yes",
        "payment:debit_cards": "yes",
        "payment:discover_card": "yes",
        "payment:mastercard": "yes",
        "payment:visa": "yes",
        "website": "https://www.thegelatist.it/",
        "wheelchair": "no"
      },
      "geometry": {
        "type": "Point",
        "coordinates": [
          12.4822187,
          41.8969177
        ]
      },
      "id": "node/11389815002"
    },
    {
      "type": "Feature",
      "properties": {
        "@id": "node/11417110522",
        "amenity": "bench",
        "backrest": "yes",
        "material": "wood"
      },
      "geometry": {
        "type": "Point",
        "coordinates": [
          12.488544,
          41.8913969
        ]
      },
      "id": "node/11417110522"
    },
    {
      "type": "Feature",
      "properties": {
        "@id": "node/11417110523",
        "amenity": "bench",
        "backrest": "yes",
        "material": "wood"
      },
      "geometry": {
        "type": "Point",
        "coordinates": [
          12.4885693,
          41.8913895
        ]
      },
      "id": "node/11417110523"
    },
    {
      "type": "Feature",
      "properties": {
        "@id": "node/11419965247",
        "addr:city": "Roma",
        "addr:country": "IT",
        "addr:postcode": "00184",
        "addr:street": "Via di Santa Prassede",
        "name": "Hotel Santa Prassede",
        "stars": "2",
        "tourism": "hotel"
      },
      "geometry": {
        "type": "Point",
        "coordinates": [
          12.4991008,
          41.8962261
        ]
      },
      "id": "node/11419965247"
    },
    {
      "type": "Feature",
      "properties": {
        "@id": "node/11419965253",
        "addr:city": "Roma",
        "addr:country": "IT",
        "addr:housenumber": "11",
        "addr:postcode": "00184",
        "addr:street": "Via di Santa Prassede",
        "amenity": "restaurant",
        "name": "Ristorante Santa Prassede"
      },
      "geometry": {
        "type": "Point",
        "coordinates": [
          12.4988238,
          41.8965792
        ]
      },
      "id": "node/11419965253"
    },
    {
      "type": "Feature",
      "properties": {
        "@id": "node/11419965254",
        "addr:city": "Roma",
        "addr:country": "IT",
        "addr:housenumber": "10",
        "addr:postcode": "00184",
        "addr:street": "Via di Santa Prassede",
        "amenity": "cafe",
        "contact:facebook": "https://www.facebook.com/p/Acquasanta-lounge-bar-100063526958756/",
        "mobile": "+39 347 8557691",
        "name": "Acquasanta lounge bar"
      },
      "geometry": {
        "type": "Point",
        "coordinates": [
          12.4986839,
          41.8967438
        ]
      },
      "id": "node/11419965254"
    },
    {
      "type": "Feature",
      "properties": {
        "@id": "node/11420288227",
        "amenity": "bench",
        "backrest": "yes",
        "material": "wood"
      },
      "geometry": {
        "type": "Point",
        "coordinates": [
          12.4836145,
          41.8884966
        ]
      },
      "id": "node/11420288227"
    },
    {
      "type": "Feature",
      "properties": {
        "@id": "node/11420288228",
        "amenity": "bench",
        "backrest": "yes",
        "material": "wood"
      },
      "geometry": {
        "type": "Point",
        "coordinates": [
          12.48364,
          41.888538
        ]
      },
      "id": "node/11420288228"
    },
    {
      "type": "Feature",
      "properties": {
        "@id": "node/11420288229",
        "amenity": "bench",
        "backrest": "yes",
        "material": "wood"
      },
      "geometry": {
        "type": "Point",
        "coordinates": [
          12.483968,
          41.8883982
        ]
      },
      "id": "node/11420288229"
    },
    {
      "type": "Feature",
      "properties": {
        "@id": "node/11420288230",
        "amenity": "bench",
        "backrest": "yes",
        "material": "wood"
      },
      "geometry": {
        "type": "Point",
        "coordinates": [
          12.4838591,
          41.8884579
        ]
      },
      "id": "node/11420288230"
    },
    {
      "type": "Feature",
      "properties": {
        "@id": "node/11420288231",
        "amenity": "bench",
        "backrest": "yes",
        "material": "wood"
      },
      "geometry": {
        "type": "Point",
        "coordinates": [
          12.483814,
          41.8884862
        ]
      },
      "id": "node/11420288231"
    },
    {
      "type": "Feature",
      "properties": {
        "@id": "node/11420288232",
        "amenity": "bench",
        "backrest": "yes",
        "material": "wood"
      },
      "geometry": {
        "type": "Point",
        "coordinates": [
          12.4839121,
          41.8884318
        ]
      },
      "id": "node/11420288232"
    },
    {
      "type": "Feature",
      "properties": {
        "@id": "node/11426709469",
        "addr:city": "Roma",
        "addr:country": "IT",
        "addr:housenumber": "126",
        "addr:postcode": "00184",
        "addr:street": "Via Urbana",
        "amenity": "restaurant",
        "contact:facebook": "pastaurbanaroma",
        "contact:instagram": "pastaurbana126",
        "email": "info@pastaurbana.it",
        "full_name": "Ristorante Rione Monti Roma \"Pasta Urbana\"",
        "name": "Pasta urbana",
        "phone": "+39 06 4873368",
        "website": "https://www.pastaurbana.it"
      },
      "geometry": {
        "type": "Point",
        "coordinates": [
          12.4943389,
          41.8966342
        ]
      },
      "id": "node/11426709469"
    },
    {
      "type": "Feature",
      "properties": {
        "@id": "node/11429043169",
        "tourism": "artwork"
      },
      "geometry": {
        "type": "Point",
        "coordinates": [
          12.4942488,
          41.8901374
        ]
      },
      "id": "node/11429043169"
    },
    {
      "type": "Feature",
      "properties": {
        "@id": "node/11430108830",
        "tourism": "viewpoint"
      },
      "geometry": {
        "type": "Point",
        "coordinates": [
          12.482978,
          41.8919976
        ]
      },
      "id": "node/11430108830"
    },
    {
      "type": "Feature",
      "properties": {
        "@id": "node/11472898447",
        "access": "yes",
        "amenity": "bicycle_parking",
        "bicycle_parking": "stands",
        "capacity": "12",
        "covered": "no",
        "fee": "no"
      },
      "geometry": {
        "type": "Point",
        "coordinates": [
          12.5025572,
          41.8954788
        ]
      },
      "id": "node/11472898447"
    },
    {
      "type": "Feature",
      "properties": {
        "@id": "node/11472945896",
        "amenity": "telephone",
        "covered": "no"
      },
      "geometry": {
        "type": "Point",
        "coordinates": [
          12.5001163,
          41.8967542
        ]
      },
      "id": "node/11472945896"
    },
    {
      "type": "Feature",
      "properties": {
        "@id": "node/11476292055",
        "amenity": "waste_basket"
      },
      "geometry": {
        "type": "Point",
        "coordinates": [
          12.4999967,
          41.8970545
        ]
      },
      "id": "node/11476292055"
    },
    {
      "type": "Feature",
      "properties": {
        "@id": "node/11476296112",
        "amenity": "waste_basket"
      },
      "geometry": {
        "type": "Point",
        "coordinates": [
          12.5001213,
          41.8969908
        ]
      },
      "id": "node/11476296112"
    },
    {
      "type": "Feature",
      "properties": {
        "@id": "node/11476296113",
        "amenity": "waste_basket"
      },
      "geometry": {
        "type": "Point",
        "coordinates": [
          12.5020356,
          41.8959417
        ]
      },
      "id": "node/11476296113"
    },
    {
      "type": "Feature",
      "properties": {
        "@id": "node/11476296114",
        "amenity": "vending_machine",
        "check_date": "2024-01-01",
        "covered": "no",
        "indoor": "no",
        "manufacturer": "Parkeon",
        "payment:cash": "yes",
        "payment:credit_cards": "yes",
        "payment:debit_cards": "yes",
        "ref": "B79",
        "vending": "parking_tickets"
      },
      "geometry": {
        "type": "Point",
        "coordinates": [
          12.5025386,
          41.8957173
        ]
      },
      "id": "node/11476296114"
    },
    {
      "type": "Feature",
      "properties": {
        "@id": "node/11478734083",
        "amenity": "fast_food",
        "indoor_seating": "yes",
        "name:signed": "no",
        "outdoor_seating": "no"
      },
      "geometry": {
        "type": "Point",
        "coordinates": [
          12.5025549,
          41.895233
        ]
      },
      "id": "node/11478734083"
    },
    {
      "type": "Feature",
      "properties": {
        "@id": "node/11478735879",
        "amenity": "restaurant",
        "diet:vegetarian": "yes",
        "indoor_seating": "yes",
        "name": "Variabile",
        "outdoor_seating": "yes"
      },
      "geometry": {
        "type": "Point",
        "coordinates": [
          12.5023522,
          41.8946776
        ]
      },
      "id": "node/11478735879"
    },
    {
      "type": "Feature",
      "properties": {
        "@id": "node/11480602200",
        "amenity": "bench",
        "armrest": "no",
        "backrest": "no"
      },
      "geometry": {
        "type": "Point",
        "coordinates": [
          12.4817839,
          41.8954445
        ]
      },
      "id": "node/11480602200"
    },
    {
      "type": "Feature",
      "properties": {
        "@id": "node/11480602201",
        "amenity": "bench",
        "armrest": "no",
        "backrest": "no"
      },
      "geometry": {
        "type": "Point",
        "coordinates": [
          12.481743,
          41.8955621
        ]
      },
      "id": "node/11480602201"
    },
    {
      "type": "Feature",
      "properties": {
        "@id": "node/11480602202",
        "amenity": "bench",
        "armrest": "no",
        "backrest": "no"
      },
      "geometry": {
        "type": "Point",
        "coordinates": [
          12.481776,
          41.895591
        ]
      },
      "id": "node/11480602202"
    },
    {
      "type": "Feature",
      "properties": {
        "@id": "node/11486602262",
        "access": "yes",
        "amenity": "motorcycle_parking",
        "covered": "no"
      },
      "geometry": {
        "type": "Point",
        "coordinates": [
          12.4958701,
          41.8880884
        ]
      },
      "id": "node/11486602262"
    },
    {
      "type": "Feature",
      "properties": {
        "@id": "node/11486602263",
        "access": "yes",
        "amenity": "post_box",
        "covered": "no",
        "drive_through": "no",
        "indoor": "no"
      },
      "geometry": {
        "type": "Point",
        "coordinates": [
          12.4959045,
          41.888154
        ]
      },
      "id": "node/11486602263"
    },
    {
      "type": "Feature",
      "properties": {
        "@id": "node/11486602264",
        "addr:floor": "G",
        "addr:housenumber": "28A",
        "addr:street": "Via Marco Aurelio",
        "amenity": "cafe",
        "check_date": "2024-01-04",
        "drive_through": "no",
        "level": "0",
        "name": "Antica Roma",
        "outdoor_seating": "yes",
        "payment:cash": "yes",
        "payment:credit_cards": "yes",
        "payment:debit_cards": "yes",
        "takeaway": "yes"
      },
      "geometry": {
        "type": "Point",
        "coordinates": [
          12.4958862,
          41.8881975
        ]
      },
      "id": "node/11486602264"
    },
    {
      "type": "Feature",
      "properties": {
        "@id": "node/11486662374",
        "camera:direction": "103",
        "camera:mount": "wall",
        "camera:type": "fixed",
        "man_made": "surveillance",
        "surveillance": "outdoor",
        "surveillance:type": "camera"
      },
      "geometry": {
        "type": "Point",
        "coordinates": [
          12.4957045,
          41.8880897
        ]
      },
      "id": "node/11486662374"
    },
    {
      "type": "Feature",
      "properties": {
        "@id": "node/11487147729",
        "amenity": "waste_basket"
      },
      "geometry": {
        "type": "Point",
        "coordinates": [
          12.4918958,
          41.8894307
        ]
      },
      "id": "node/11487147729"
    },
    {
      "type": "Feature",
      "properties": {
        "@id": "node/11500543664",
        "access": "yes",
        "amenity": "toilets",
        "charge": "1.50 EUR",
        "check_date": "2026-06-15",
        "fee": "yes",
        "male": "yes",
        "payment:cash": "yes",
        "payment:contactless": "yes",
        "payment:others": "no",
        "portable": "no",
        "toilets:disposal": "flush",
        "toilets:handwashing": "yes",
        "toilets:position": "seated"
      },
      "geometry": {
        "type": "Point",
        "coordinates": [
          12.4936865,
          41.8898471
        ]
      },
      "id": "node/11500543664"
    },
    {
      "type": "Feature",
      "properties": {
        "@id": "node/11500543665",
        "access": "yes",
        "amenity": "toilets",
        "charge": "1.50 EUR",
        "check_date": "2026-06-15",
        "fee": "yes",
        "female": "yes",
        "payment:cash": "yes",
        "payment:contactless": "yes",
        "payment:others": "no",
        "portable": "no",
        "toilets:disposal": "flush",
        "toilets:handwashing": "yes",
        "toilets:position": "seated"
      },
      "geometry": {
        "type": "Point",
        "coordinates": [
          12.4936542,
          41.8897877
        ]
      },
      "id": "node/11500543665"
    },
    {
      "type": "Feature",
      "properties": {
        "@id": "node/11509026537",
        "addr:city": "Roma",
        "addr:postcode": "00184",
        "addr:street": "Viale del Parco del Celio",
        "description:it": "Il museo custodisce i frammenti rimasti della celebre Forma Urbis Romae, la gigantesca pianta marmorea della Roma antica incisa tra il 203 e il 211 d.C. sotto l’imperatore Settimio Severo e li presenta nel contesto della mappa del Nolli del 1748.",
        "fee": "yes",
        "museum": "archaeological",
        "name": "Museo della Forma Urbis",
        "name:ru": "Музей Плана Рима",
        "opening_hours": "Tu-Su 10:00-16:00; Mo off",
        "operator": "Roma Capitale",
        "operator:type": "public",
        "source": "https://www.comune.roma.it/web-resources/cms/documents/parco_Celio_e_Forma_Urbis.pdf",
        "start_date": "2024-01-12",
        "tourism": "museum",
        "url": "https://www.comune.roma.it/web/it/notizia.page?contentId=NWS1127992",
        "website": "https://www.turismoroma.it/it/luoghi/museo-della-forma-urbis",
        "wikidata": "Q124309673"
      },
      "geometry": {
        "type": "Point",
        "coordinates": [
          12.4908611,
          41.8866685
        ]
      },
      "id": "node/11509026537"
    },
    {
      "type": "Feature",
      "properties": {
        "@id": "node/11518379116",
        "addr:city": "Roma",
        "addr:country": "IT",
        "addr:postcode": "00184",
        "amenity": "social_facility",
        "description": "​Il Centro Veterani della Difesa nasce per offrire un supporto globale ai militari vittime di traumi fisici e psichici inabilitanti e ai loro familiari.",
        "name": "Centro Veterani della Difesa",
        "social_facility": "outreach",
        "social_facility:for": "veteran"
      },
      "geometry": {
        "type": "Point",
        "coordinates": [
          12.50121,
          41.8856084
        ]
      },
      "id": "node/11518379116"
    },
    {
      "type": "Feature",
      "properties": {
        "@id": "node/11534596511",
        "name": "Casa di Livia",
        "natural": "cave_entrance"
      },
      "geometry": {
        "type": "Point",
        "coordinates": [
          12.4857044,
          41.8894818
        ]
      },
      "id": "node/11534596511"
    },
    {
      "type": "Feature",
      "properties": {
        "@id": "node/11599863852",
        "alt_name": "Colosseo – Fori Imperiali",
        "bicycle": "no",
        "bicycle:conditional": "yes @ (Mo-Th 20:00-23:30; Fr 20:00-24:00; Sa 00:00-01:30, 05:30-24:00; Su 00:00-01:30, 05:30-23:30; PH 05:30-23:30)",
        "name": "Colosseo",
        "network": "ATAC",
        "note": "folding bikes always allowed, electric bikes with Pb batteries not allowed",
        "operator": "ATAC",
        "platforms": "4",
        "public_transport": "station",
        "railway": "station",
        "station": "subway",
        "subway": "yes",
        "wheelchair": "yes",
        "wikidata": "Q1229235",
        "wikimedia_commons": "Category:Colosseo station (Rome metro)",
        "wikipedia": "it:Colosseo (metropolitana di Roma)"
      },
      "geometry": {
        "type": "Point",
        "coordinates": [
          12.4913087,
          41.8912684
        ]
      },
      "id": "node/11599863852"
    },
    {
      "type": "Feature",
      "properties": {
        "@id": "node/11599863857",
        "bicycle": "no",
        "bicycle:conditional": "yes @ (Mo-Th 20:00-23:30; Fr 20:00-24:00; Sa 00:00-01:30, 05:30-24:00; Su 00:00-01:30, 05:30-23:30; PH 05:30-23:30)",
        "name": "Cavour",
        "network": "ATAC",
        "note": "folding bikes always allowed, electric bikes with Pb batteries not allowed",
        "operator": "ATAC",
        "platforms": "2",
        "public_transport": "station",
        "railway": "station",
        "start_date": "1955",
        "station": "subway",
        "subway": "yes",
        "wheelchair": "yes",
        "wikidata": "Q1227413",
        "wikimedia_commons": "Category:Metropolitana di Roma linea B - Cavour",
        "wikipedia": "it:Cavour (metropolitana di Roma)"
      },
      "geometry": {
        "type": "Point",
        "coordinates": [
          12.4933395,
          41.8947564
        ]
      },
      "id": "node/11599863857"
    },
    {
      "type": "Feature",
      "properties": {
        "@id": "node/11599863860",
        "name": "Cavour",
        "public_transport": "stop_position",
        "railway": "stop",
        "subway": "yes"
      },
      "geometry": {
        "type": "Point",
        "coordinates": [
          12.4933763,
          41.8949041
        ]
      },
      "id": "node/11599863860"
    },
    {
      "type": "Feature",
      "properties": {
        "@id": "node/11599863868",
        "name": "Colosseo",
        "public_transport": "stop_position",
        "railway": "stop",
        "subway": "yes",
        "wikimedia_commons": "Category:Metropolitana di Roma linea B - Colosseo"
      },
      "geometry": {
        "type": "Point",
        "coordinates": [
          12.4915071,
          41.8914467
        ]
      },
      "id": "node/11599863868"
    },
    {
      "type": "Feature",
      "properties": {
        "@id": "node/11599880399",
        "bicycle": "no",
        "bicycle:conditional": "yes @ (Mo-Th 20:00-23:30; Fr 20:00-24:00; Sa 00:00-01:30, 05:30-24:00; Su 00:00-01:30, 05:30-23:30; PH 05:30-23:30)",
        "name": "Circo Massimo",
        "network": "ATAC",
        "note": "folding bikes always allowed, electric bikes with Pb batteries not allowed",
        "operator": "ATAC",
        "platforms": "2",
        "public_transport": "station",
        "railway": "station",
        "station": "subway",
        "subway": "yes",
        "wheelchair": "yes",
        "wikidata": "Q740665",
        "wikimedia_commons": "Category:Metropolitana di Roma linea B - Circo Massimo",
        "wikipedia": "it:Circo Massimo (metropolitana di Roma)"
      },
      "geometry": {
        "type": "Point",
        "coordinates": [
          12.488033,
          41.8835164
        ]
      },
      "id": "node/11599880399"
    },
    {
      "type": "Feature",
      "properties": {
        "@id": "node/11599880403",
        "name": "Circo Massimo",
        "public_transport": "stop_position",
        "railway": "stop",
        "subway": "yes"
      },
      "geometry": {
        "type": "Point",
        "coordinates": [
          12.488119,
          41.883475
        ]
      },
      "id": "node/11599880403"
    },
    {
      "type": "Feature",
      "properties": {
        "@id": "node/11611845693",
        "amenity": "fountain",
        "disused": "yes",
        "drinking_water": "unknown",
        "historic": "yes",
        "indoor": "yes",
        "wikimedia_commons": "File:Fountain in the staircase of Palazzo Bonaparte, Rome.jpg"
      },
      "geometry": {
        "type": "Point",
        "coordinates": [
          12.481948,
          41.8969117
        ]
      },
      "id": "node/11611845693"
    },
    {
      "type": "Feature",
      "properties": {
        "@id": "node/11694713980",
        "artist_name": "Ravi Shankar Patnaik",
        "artwork_type": "bust",
        "inscription": "Madre Teresa Di Calcutta\nIcona Della Carità Madre Per Tutti",
        "material": "bronze",
        "name": "Busto di Madre Teresa di Calcutta",
        "subject:wikidata": "Q30547",
        "subject:wikipedia": "it:Madre Teresa di Calcutta",
        "tourism": "artwork"
      },
      "geometry": {
        "type": "Point",
        "coordinates": [
          12.4903493,
          41.8862938
        ]
      },
      "id": "node/11694713980"
    },
    {
      "type": "Feature",
      "properties": {
        "@id": "node/11709312168",
        "addr:city": "Roma",
        "addr:housenumber": "5",
        "addr:postcode": "00184",
        "addr:street": "Via dei Quattro Cantoni",
        "amenity": "bar",
        "check_date": "2024-03-09",
        "contact:email": "censured.roma@gmail.com",
        "currency:XBT": "yes",
        "lgbtq": "primary",
        "name": "Censured Gay Cruising Bar",
        "payment:lightning": "yes",
        "payment:lightning_contactless": "yes",
        "payment:onchain": "yes",
        "website": "https://www.censuredclubroma.it/"
      },
      "geometry": {
        "type": "Point",
        "coordinates": [
          12.4961975,
          41.8968569
        ]
      },
      "id": "node/11709312168"
    },
    {
      "type": "Feature",
      "properties": {
        "@id": "node/11724474569",
        "addr:housenumber": "84",
        "addr:street": "Via Panisperna",
        "amenity": "restaurant",
        "cuisine": "italian",
        "email": "imonticiani@gmail.com",
        "name": "I monticiani",
        "opening_hours": "Mo-Sa 07:00-24:00; Su off",
        "outdoor_seating": "yes",
        "phone": "+39 06 47543408",
        "website": "https://www.imonticiani.it/"
      },
      "geometry": {
        "type": "Point",
        "coordinates": [
          12.492157,
          41.8967322
        ]
      },
      "id": "node/11724474569"
    },
    {
      "type": "Feature",
      "properties": {
        "@id": "node/11773723130",
        "access": "yes",
        "amenity": "drinking_water",
        "bottle": "yes",
        "fee": "no",
        "fountain": "nasone",
        "wheelchair": "yes",
        "wikimedia_commons": "File:Drinking water at the Museo della Forma Urbis, Rome, Italy Mar 30, 2024 01-12-54 PM.jpeg"
      },
      "geometry": {
        "type": "Point",
        "coordinates": [
          12.4910146,
          41.886821
        ]
      },
      "id": "node/11773723130"
    },
    {
      "type": "Feature",
      "properties": {
        "@id": "node/11795539296",
        "amenity": "restaurant",
        "indoor_seating": "yes",
        "outdoor_seating": "yes"
      },
      "geometry": {
        "type": "Point",
        "coordinates": [
          12.4941693,
          41.8890436
        ]
      },
      "id": "node/11795539296"
    },
    {
      "type": "Feature",
      "properties": {
        "@id": "node/11795541829",
        "amenity": "restaurant",
        "indoor_seating": "yes",
        "outdoor_seating": "yes"
      },
      "geometry": {
        "type": "Point",
        "coordinates": [
          12.4954437,
          41.8887872
        ]
      },
      "id": "node/11795541829"
    },
    {
      "type": "Feature",
      "properties": {
        "@id": "node/11795557072",
        "amenity": "restaurant",
        "cuisine": "pasta",
        "indoor_seating": "yes",
        "internet_access": "wlan",
        "internet_access:fee": "yes",
        "name": "La Casa Di Lucullo",
        "outdoor_seating": "no",
        "phone": "+39 06 3105 7507",
        "smoking": "no",
        "toilets": "yes",
        "toilets:access": "customers",
        "toilets:wheelchair": "no",
        "wheelchair": "limited"
      },
      "geometry": {
        "type": "Point",
        "coordinates": [
          12.4947113,
          41.8887764
        ]
      },
      "id": "node/11795557072"
    },
    {
      "type": "Feature",
      "properties": {
        "@id": "node/11812551762",
        "amenity": "drinking_water",
        "fountain": "stone_block",
        "wikimedia_commons": "File:Drinking fountain in Parco del Colle Oppio, Roma, Italia Oct 03, 2025 11-07-06 AM.jpeg"
      },
      "geometry": {
        "type": "Point",
        "coordinates": [
          12.4947847,
          41.8927804
        ]
      },
      "id": "node/11812551762"
    },
    {
      "type": "Feature",
      "properties": {
        "@id": "node/11813765448",
        "amenity": "bench"
      },
      "geometry": {
        "type": "Point",
        "coordinates": [
          12.48691,
          41.8898641
        ]
      },
      "id": "node/11813765448"
    },
    {
      "type": "Feature",
      "properties": {
        "@id": "node/11813765449",
        "amenity": "bench"
      },
      "geometry": {
        "type": "Point",
        "coordinates": [
          12.4859772,
          41.8906859
        ]
      },
      "id": "node/11813765449"
    },
    {
      "type": "Feature",
      "properties": {
        "@id": "node/11813765450",
        "amenity": "bench"
      },
      "geometry": {
        "type": "Point",
        "coordinates": [
          12.4860089,
          41.8906732
        ]
      },
      "id": "node/11813765450"
    },
    {
      "type": "Feature",
      "properties": {
        "@id": "node/11813765451",
        "amenity": "bench"
      },
      "geometry": {
        "type": "Point",
        "coordinates": [
          12.4859943,
          41.8907114
        ]
      },
      "id": "node/11813765451"
    },
    {
      "type": "Feature",
      "properties": {
        "@id": "node/11813765452",
        "amenity": "waste_basket"
      },
      "geometry": {
        "type": "Point",
        "coordinates": [
          12.4860464,
          41.8906514
        ]
      },
      "id": "node/11813765452"
    },
    {
      "type": "Feature",
      "properties": {
        "@id": "node/11813929022",
        "amenity": "recycling",
        "recycling_type": "container"
      },
      "geometry": {
        "type": "Point",
        "coordinates": [
          12.4968395,
          41.8949405
        ]
      },
      "id": "node/11813929022"
    },
    {
      "type": "Feature",
      "properties": {
        "@id": "node/11824587251",
        "addr:housenumber": "81",
        "addr:street": "Via Leonina",
        "amenity": "restaurant",
        "name": "Ce stamo a pensà",
        "opening_hours": "Mo-Th, Su 10:00-00:00; Fr, Sa 11:30-02:30"
      },
      "geometry": {
        "type": "Point",
        "coordinates": [
          12.4914011,
          41.894662
        ]
      },
      "id": "node/11824587251"
    },
    {
      "type": "Feature",
      "properties": {
        "@id": "node/11834954578",
        "historic": "memorial",
        "memorial": "bust",
        "name": "Paul P. Harris"
      },
      "geometry": {
        "type": "Point",
        "coordinates": [
          12.4946248,
          41.8855336
        ]
      },
      "id": "node/11834954578"
    },
    {
      "type": "Feature",
      "properties": {
        "@id": "node/11836846232",
        "direction": "NNE",
        "noexit": "yes",
        "tourism": "viewpoint"
      },
      "geometry": {
        "type": "Point",
        "coordinates": [
          12.4915329,
          41.8893845
        ]
      },
      "id": "node/11836846232"
    },
    {
      "type": "Feature",
      "properties": {
        "@id": "node/11837287142",
        "amenity": "bench"
      },
      "geometry": {
        "type": "Point",
        "coordinates": [
          12.4881461,
          41.8888406
        ]
      },
      "id": "node/11837287142"
    },
    {
      "type": "Feature",
      "properties": {
        "@id": "node/11843159858",
        "amenity": "recycling",
        "recycling:glass_bottles": "yes",
        "recycling_type": "container"
      },
      "geometry": {
        "type": "Point",
        "coordinates": [
          12.5022087,
          41.8937167
        ]
      },
      "id": "node/11843159858"
    },
    {
      "type": "Feature",
      "properties": {
        "@id": "node/11885825016",
        "amenity": "atm",
        "cash_in": "no",
        "operator": "Euronet Worldwide"
      },
      "geometry": {
        "type": "Point",
        "coordinates": [
          12.4954181,
          41.8969557
        ]
      },
      "id": "node/11885825016"
    },
    {
      "type": "Feature",
      "properties": {
        "@id": "node/11885843014",
        "amenity": "waste_basket"
      },
      "geometry": {
        "type": "Point",
        "coordinates": [
          12.4863299,
          41.8908312
        ]
      },
      "id": "node/11885843014"
    },
    {
      "type": "Feature",
      "properties": {
        "@id": "node/11885849149",
        "amenity": "waste_basket"
      },
      "geometry": {
        "type": "Point",
        "coordinates": [
          12.4897399,
          41.8903706
        ]
      },
      "id": "node/11885849149"
    },
    {
      "type": "Feature",
      "properties": {
        "@id": "node/11885859210",
        "amenity": "waste_basket"
      },
      "geometry": {
        "type": "Point",
        "coordinates": [
          12.4878161,
          41.8932046
        ]
      },
      "id": "node/11885859210"
    },
    {
      "type": "Feature",
      "properties": {
        "@id": "node/11885860242",
        "amenity": "bench",
        "backrest": "yes"
      },
      "geometry": {
        "type": "Point",
        "coordinates": [
          12.4877426,
          41.8914602
        ]
      },
      "id": "node/11885860242"
    },
    {
      "type": "Feature",
      "properties": {
        "@id": "node/11885861241",
        "amenity": "drinking_water",
        "fountain": "drinking"
      },
      "geometry": {
        "type": "Point",
        "coordinates": [
          12.4896798,
          41.89035
        ]
      },
      "id": "node/11885861241"
    },
    {
      "type": "Feature",
      "properties": {
        "@id": "node/11885864077",
        "amenity": "waste_basket"
      },
      "geometry": {
        "type": "Point",
        "coordinates": [
          12.4903426,
          41.8902137
        ]
      },
      "id": "node/11885864077"
    },
    {
      "type": "Feature",
      "properties": {
        "@id": "node/11915663318",
        "addr:housenumber": "14",
        "addr:street": "Viale Aventino",
        "air_conditioning": "no",
        "amenity": "restaurant",
        "changing_table": "no",
        "check_date": "2025-04-19",
        "check_date:diet:halal": "2025-04-19",
        "check_date:diet:vegan": "2025-04-19",
        "check_date:diet:vegetarian": "2025-04-19",
        "check_date:smoking": "2025-04-19",
        "check_date:toilets:wheelchair": "2025-04-19",
        "contact:facebook": "https://www.facebook.com/vimiaventino/",
        "contact:phone": "+39 06 6067 2440",
        "contact:website": "https://www.vimiaventino.it/",
        "cuisine": "italian",
        "diet:halal": "yes",
        "diet:vegan": "yes",
        "diet:vegetarian": "yes",
        "indoor_seating": "yes",
        "internet_access": "wlan",
        "internet_access:fee": "customers",
        "internet_access:ssid": "Vi &  Mi",
        "name": "Vimi Aventino",
        "opening_hours": "09:00-24:00",
        "outdoor_seating": "yes",
        "payment:cash": "yes",
        "payment:credit_cards": "yes",
        "payment:debit_cards": "yes",
        "payment:discover_card": "yes",
        "payment:mastercard": "yes",
        "payment:visa": "yes",
        "smoking": "no",
        "toilets": "yes",
        "toilets:wheelchair": "no",
        "wheelchair": "limited"
      },
      "geometry": {
        "type": "Point",
        "coordinates": [
          12.4873924,
          41.8833552
        ]
      },
      "id": "node/11915663318"
    },
    {
      "type": "Feature",
      "properties": {
        "@id": "node/11933283813",
        "historic": "archaeological_site",
        "name": "Tempio di Marte Ultore"
      },
      "geometry": {
        "type": "Point",
        "coordinates": [
          12.4869456,
          41.8943657
        ]
      },
      "id": "node/11933283813"
    },
    {
      "type": "Feature",
      "properties": {
        "@id": "node/11975090332",
        "amenity": "charging_station"
      },
      "geometry": {
        "type": "Point",
        "coordinates": [
          12.4884852,
          41.8935182
        ]
      },
      "id": "node/11975090332"
    },
    {
      "type": "Feature",
      "properties": {
        "@id": "node/12032908057",
        "amenity": "waste_basket"
      },
      "geometry": {
        "type": "Point",
        "coordinates": [
          12.4880032,
          41.8896953
        ]
      },
      "id": "node/12032908057"
    },
    {
      "type": "Feature",
      "properties": {
        "@id": "node/12033029646",
        "amenity": "waste_basket"
      },
      "geometry": {
        "type": "Point",
        "coordinates": [
          12.4892037,
          41.8904773
        ]
      },
      "id": "node/12033029646"
    },
    {
      "type": "Feature",
      "properties": {
        "@id": "node/12033087997",
        "amenity": "waste_basket"
      },
      "geometry": {
        "type": "Point",
        "coordinates": [
          12.4903879,
          41.8892749
        ]
      },
      "id": "node/12033087997"
    },
    {
      "type": "Feature",
      "properties": {
        "@id": "node/12033088194",
        "amenity": "drinking_water",
        "fountain": "drinking"
      },
      "geometry": {
        "type": "Point",
        "coordinates": [
          12.4902836,
          41.8901826
        ]
      },
      "id": "node/12033088194"
    },
    {
      "type": "Feature",
      "properties": {
        "@id": "node/12033095972",
        "amenity": "drinking_water",
        "fountain": "drinking"
      },
      "geometry": {
        "type": "Point",
        "coordinates": [
          12.4892954,
          41.8904503
        ]
      },
      "id": "node/12033095972"
    },
    {
      "type": "Feature",
      "properties": {
        "@id": "node/12033096604",
        "amenity": "waste_basket"
      },
      "geometry": {
        "type": "Point",
        "coordinates": [
          12.4902863,
          41.8888209
        ]
      },
      "id": "node/12033096604"
    },
    {
      "type": "Feature",
      "properties": {
        "@id": "node/12037268504",
        "man_made": "surveillance",
        "surveillance:type": "camera"
      },
      "geometry": {
        "type": "Point",
        "coordinates": [
          12.4872258,
          41.8924071
        ]
      },
      "id": "node/12037268504"
    },
    {
      "type": "Feature",
      "properties": {
        "@id": "node/12041074891",
        "man_made": "surveillance",
        "surveillance:type": "camera"
      },
      "geometry": {
        "type": "Point",
        "coordinates": [
          12.4869459,
          41.8923087
        ]
      },
      "id": "node/12041074891"
    },
    {
      "type": "Feature",
      "properties": {
        "@id": "node/12041113330",
        "man_made": "surveillance",
        "surveillance:type": "camera"
      },
      "geometry": {
        "type": "Point",
        "coordinates": [
          12.4869719,
          41.8922921
        ]
      },
      "id": "node/12041113330"
    },
    {
      "type": "Feature",
      "properties": {
        "@id": "node/12041122769",
        "man_made": "surveillance",
        "surveillance:type": "camera"
      },
      "geometry": {
        "type": "Point",
        "coordinates": [
          12.4869534,
          41.8922794
        ]
      },
      "id": "node/12041122769"
    },
    {
      "type": "Feature",
      "properties": {
        "@id": "node/12042332829",
        "amenity": "archive",
        "government": "archive",
        "name": "Laboratorio Orologeria - Archivio",
        "office": "government",
        "operator": "Roma Capitale"
      },
      "geometry": {
        "type": "Point",
        "coordinates": [
          12.4817224,
          41.8883183
        ]
      },
      "id": "node/12042332829"
    },
    {
      "type": "Feature",
      "properties": {
        "@id": "node/12042332831",
        "access": "private",
        "description": "Magazzino del Teatro dell'Opera",
        "man_made": "storage",
        "operator": "Teatro dell'Opera"
      },
      "geometry": {
        "type": "Point",
        "coordinates": [
          12.4823216,
          41.8880452
        ]
      },
      "id": "node/12042332831"
    },
    {
      "type": "Feature",
      "properties": {
        "@id": "node/12057958864",
        "natural": "tree"
      },
      "geometry": {
        "type": "Point",
        "coordinates": [
          12.4912174,
          41.8868738
        ]
      },
      "id": "node/12057958864"
    },
    {
      "type": "Feature",
      "properties": {
        "@id": "node/12057958865",
        "natural": "tree"
      },
      "geometry": {
        "type": "Point",
        "coordinates": [
          12.4910334,
          41.8868663
        ]
      },
      "id": "node/12057958865"
    },
    {
      "type": "Feature",
      "properties": {
        "@id": "node/12057958866",
        "natural": "tree"
      },
      "geometry": {
        "type": "Point",
        "coordinates": [
          12.491427,
          41.8866806
        ]
      },
      "id": "node/12057958866"
    },
    {
      "type": "Feature",
      "properties": {
        "@id": "node/12057958867",
        "natural": "tree"
      },
      "geometry": {
        "type": "Point",
        "coordinates": [
          12.4912601,
          41.886562
        ]
      },
      "id": "node/12057958867"
    },
    {
      "type": "Feature",
      "properties": {
        "@id": "node/12057958868",
        "natural": "tree"
      },
      "geometry": {
        "type": "Point",
        "coordinates": [
          12.4915119,
          41.8865871
        ]
      },
      "id": "node/12057958868"
    },
    {
      "type": "Feature",
      "properties": {
        "@id": "node/12058000069",
        "natural": "tree"
      },
      "geometry": {
        "type": "Point",
        "coordinates": [
          12.4916562,
          41.8874127
        ]
      },
      "id": "node/12058000069"
    },
    {
      "type": "Feature",
      "properties": {
        "@id": "node/12058000070",
        "natural": "tree"
      },
      "geometry": {
        "type": "Point",
        "coordinates": [
          12.4920926,
          41.8882444
        ]
      },
      "id": "node/12058000070"
    },
    {
      "type": "Feature",
      "properties": {
        "@id": "node/12058000071",
        "natural": "tree"
      },
      "geometry": {
        "type": "Point",
        "coordinates": [
          12.4920173,
          41.8881472
        ]
      },
      "id": "node/12058000071"
    },
    {
      "type": "Feature",
      "properties": {
        "@id": "node/12058000072",
        "natural": "tree"
      },
      "geometry": {
        "type": "Point",
        "coordinates": [
          12.492014,
          41.8880991
        ]
      },
      "id": "node/12058000072"
    },
    {
      "type": "Feature",
      "properties": {
        "@id": "node/12058000073",
        "natural": "tree"
      },
      "geometry": {
        "type": "Point",
        "coordinates": [
          12.4921379,
          41.8880905
        ]
      },
      "id": "node/12058000073"
    },
    {
      "type": "Feature",
      "properties": {
        "@id": "node/12058000074",
        "natural": "tree"
      },
      "geometry": {
        "type": "Point",
        "coordinates": [
          12.4920759,
          41.8879488
        ]
      },
      "id": "node/12058000074"
    },
    {
      "type": "Feature",
      "properties": {
        "@id": "node/12058000075",
        "natural": "tree"
      },
      "geometry": {
        "type": "Point",
        "coordinates": [
          12.490415,
          41.8872491
        ]
      },
      "id": "node/12058000075"
    },
    {
      "type": "Feature",
      "properties": {
        "@id": "node/12058000076",
        "natural": "tree"
      },
      "geometry": {
        "type": "Point",
        "coordinates": [
          12.4906063,
          41.8872347
        ]
      },
      "id": "node/12058000076"
    },
    {
      "type": "Feature",
      "properties": {
        "@id": "node/12058000077",
        "natural": "tree"
      },
      "geometry": {
        "type": "Point",
        "coordinates": [
          12.4908114,
          41.8872293
        ]
      },
      "id": "node/12058000077"
    },
    {
      "type": "Feature",
      "properties": {
        "@id": "node/12058000078",
        "natural": "tree"
      },
      "geometry": {
        "type": "Point",
        "coordinates": [
          12.4904504,
          41.8869877
        ]
      },
      "id": "node/12058000078"
    },
    {
      "type": "Feature",
      "properties": {
        "@id": "node/12058000079",
        "natural": "tree"
      },
      "geometry": {
        "type": "Point",
        "coordinates": [
          12.4906274,
          41.8870632
        ]
      },
      "id": "node/12058000079"
    },
    {
      "type": "Feature",
      "properties": {
        "@id": "node/12058000080",
        "natural": "tree"
      },
      "geometry": {
        "type": "Point",
        "coordinates": [
          12.4911881,
          41.8878625
        ]
      },
      "id": "node/12058000080"
    },
    {
      "type": "Feature",
      "properties": {
        "@id": "node/12058000081",
        "natural": "tree"
      },
      "geometry": {
        "type": "Point",
        "coordinates": [
          12.4912175,
          41.8880477
        ]
      },
      "id": "node/12058000081"
    },
    {
      "type": "Feature",
      "properties": {
        "@id": "node/12075903105",
        "amenity": "restaurant",
        "cuisine": "pizza",
        "name": "Pizzeria della Madonna dei Monti"
      },
      "geometry": {
        "type": "Point",
        "coordinates": [
          12.4881901,
          41.893855
        ]
      },
      "id": "node/12075903105"
    },
    {
      "type": "Feature",
      "properties": {
        "@id": "node/12093681476",
        "historic": "memorial",
        "inscription": "Ad | Abebe Bikila | (1932-1973) | maratoneta d’Etiopia | vincitore della maratona | della XVII olimpiade || Sulle strade olimpiche di Roma | racconto al mondo | il cuore e l’orgoglio della sua terra || 10 settembre 1960 10 settembre 2010 || S.P.Q.R.",
        "material": "marble",
        "memorial": "plaque",
        "start_date": "2010-09-10",
        "subject:wikidata": "Q52596",
        "subject:wikipedia": "it:Abebe Bikila",
        "wikimedia_commons": "File:Plaque celebrating Abebe Bikila on Via di San Gregorio.jpg"
      },
      "geometry": {
        "type": "Point",
        "coordinates": [
          12.4903945,
          41.8880999
        ]
      },
      "id": "node/12093681476"
    },
    {
      "type": "Feature",
      "properties": {
        "@id": "node/12097935088",
        "access": "yes",
        "amenity": "toilets",
        "fee": "no",
        "male": "yes",
        "toilets:disposal": "flush",
        "wheelchair": "limited"
      },
      "geometry": {
        "type": "Point",
        "coordinates": [
          12.4870709,
          41.8924716
        ]
      },
      "id": "node/12097935088"
    },
    {
      "type": "Feature",
      "properties": {
        "@id": "node/12097935089",
        "access": "yes",
        "amenity": "toilets",
        "fee": "no",
        "female": "yes",
        "toilets:disposal": "flush",
        "wheelchair": "yes"
      },
      "geometry": {
        "type": "Point",
        "coordinates": [
          12.4870472,
          41.8924821
        ]
      },
      "id": "node/12097935089"
    },
    {
      "type": "Feature",
      "properties": {
        "@id": "node/12097935090",
        "amenity": "drinking_water",
        "bottle": "yes",
        "fountain": "bottle_refill"
      },
      "geometry": {
        "type": "Point",
        "coordinates": [
          12.4870232,
          41.8924751
        ]
      },
      "id": "node/12097935090"
    },
    {
      "type": "Feature",
      "properties": {
        "@id": "node/12097935091",
        "amenity": "fountain"
      },
      "geometry": {
        "type": "Point",
        "coordinates": [
          12.4870358,
          41.8924215
        ]
      },
      "id": "node/12097935091"
    },
    {
      "type": "Feature",
      "properties": {
        "@id": "node/12104434163",
        "addr:city": "Roma",
        "addr:country": "IT",
        "addr:housenumber": "96",
        "addr:postcode": "00184",
        "addr:state": "RM",
        "addr:street": "Via San Giovanni in Laterano",
        "amenity": "money_transfer",
        "brand": "MoneyGram",
        "brand:wikidata": "Q1944412",
        "name": "MoneyGram",
        "opening_hours": "Mo-Fr 08:20-13:35; Sa 08:20-12:35; Su 00:00-24:00",
        "phone": "+39 06 7726 5220"
      },
      "geometry": {
        "type": "Point",
        "coordinates": [
          12.4970946,
          41.889142
        ]
      },
      "id": "node/12104434163"
    },
    {
      "type": "Feature",
      "properties": {
        "@id": "node/12121662290",
        "addr:housenumber": "109",
        "addr:street": "Via dei Serpenti",
        "name": "Condominio Monti",
        "stars": "3",
        "tourism": "hotel"
      },
      "geometry": {
        "type": "Point",
        "coordinates": [
          12.4901055,
          41.8966867
        ]
      },
      "id": "node/12121662290"
    },
    {
      "type": "Feature",
      "properties": {
        "@id": "node/12174641078",
        "addr:city": "Roma",
        "addr:housenumber": "132",
        "addr:street": "Via del Boschetto",
        "amenity": "cafe",
        "name": "Er Baretto",
        "outdoor_seating": "yes"
      },
      "geometry": {
        "type": "Point",
        "coordinates": [
          12.4909425,
          41.8957135
        ]
      },
      "id": "node/12174641078"
    },
    {
      "type": "Feature",
      "properties": {
        "@id": "node/12174641079",
        "addr:city": "Roma",
        "addr:housenumber": "98",
        "addr:street": "Via del Boschetto",
        "amenity": "fast_food",
        "brand": "La Piadineria",
        "brand:wikidata": "Q108195414",
        "cuisine": "piadina",
        "drive_through": "no",
        "name": "La Piadineria",
        "takeaway": "yes"
      },
      "geometry": {
        "type": "Point",
        "coordinates": [
          12.4910405,
          41.8957587
        ]
      },
      "id": "node/12174641079"
    },
    {
      "type": "Feature",
      "properties": {
        "@id": "node/12174641080",
        "addr:city": "Roma",
        "addr:housenumber": "126",
        "addr:street": "Via Cimarra",
        "amenity": "social_centre",
        "name": "Comunità ellenica di Roma e del Lazio",
        "website": "https://comunitaellenicaromalazio.it/"
      },
      "geometry": {
        "type": "Point",
        "coordinates": [
          12.4923703,
          41.8963648
        ]
      },
      "id": "node/12174641080"
    },
    {
      "type": "Feature",
      "properties": {
        "@id": "node/12174641901",
        "addr:housenumber": "6",
        "addr:postcode": "00184",
        "addr:street": "Via di San Giovanni in Laterano",
        "amenity": "restaurant",
        "cuisine": "italian_pizza",
        "name": "Antica DOMUS",
        "outdoor_seating": "no",
        "phone": "+39 06 700 1638"
      },
      "geometry": {
        "type": "Point",
        "coordinates": [
          12.4943293,
          41.8900303
        ]
      },
      "id": "node/12174641901"
    },
    {
      "type": "Feature",
      "properties": {
        "@id": "node/12175129402",
        "addr:housenumber": "37/A",
        "addr:postcode": "00184",
        "addr:street": "Largo Corrado Ricci",
        "amenity": "restaurant",
        "cuisine": "italian",
        "internet_access": "wlan",
        "name": "il Girdiano ai fori",
        "outdoor_seating": "yes",
        "phone": "+39 345 449 7922",
        "self_service": "no",
        "wheelchair": "yes"
      },
      "geometry": {
        "type": "Point",
        "coordinates": [
          12.4881088,
          41.893065
        ]
      },
      "id": "node/12175129402"
    },
    {
      "type": "Feature",
      "properties": {
        "@id": "node/12183726464",
        "amenity": "vending_machine",
        "vending": "parking_tickets"
      },
      "geometry": {
        "type": "Point",
        "coordinates": [
          12.4991912,
          41.895106
        ]
      },
      "id": "node/12183726464"
    },
    {
      "type": "Feature",
      "properties": {
        "@id": "node/12183726493",
        "amenity": "vending_machine",
        "vending": "parking_tickets"
      },
      "geometry": {
        "type": "Point",
        "coordinates": [
          12.4996029,
          41.8959463
        ]
      },
      "id": "node/12183726493"
    },
    {
      "type": "Feature",
      "properties": {
        "@id": "node/12183726494",
        "amenity": "telephone",
        "operator": "TIM",
        "operator:wikidata": "Q144617"
      },
      "geometry": {
        "type": "Point",
        "coordinates": [
          12.4995331,
          41.8959862
        ]
      },
      "id": "node/12183726494"
    },
    {
      "type": "Feature",
      "properties": {
        "@id": "node/12208469663",
        "addr:city": "Roma",
        "addr:housenumber": "84",
        "addr:postcode": "00184",
        "addr:street": "Via del Boschetto",
        "internet_access": "yes",
        "internet_access:fee": "customers",
        "name": "Hotel Antica Locanda",
        "tourism": "hotel",
        "website": "https://www.anticalocandaroma.it/"
      },
      "geometry": {
        "type": "Point",
        "coordinates": [
          12.490821,
          41.896291
        ]
      },
      "id": "node/12208469663"
    },
    {
      "type": "Feature",
      "properties": {
        "@id": "node/12235987719",
        "addr:city": "Roma",
        "addr:housenumber": "30",
        "addr:postcode": "00153",
        "addr:street": "Viale Aventino",
        "amenity": "ice_cream",
        "name": "Gelateria Maximo",
        "outdoor_seating": "no"
      },
      "geometry": {
        "type": "Point",
        "coordinates": [
          12.4869499,
          41.8830518
        ]
      },
      "id": "node/12235987719"
    },
    {
      "type": "Feature",
      "properties": {
        "@id": "node/12255340269",
        "amenity": "parking_entrance"
      },
      "geometry": {
        "type": "Point",
        "coordinates": [
          12.5021636,
          41.884357
        ]
      },
      "id": "node/12255340269"
    },
    {
      "type": "Feature",
      "properties": {
        "@id": "node/12263621754",
        "amenity": "atm",
        "brand": "Euronet",
        "brand:wikidata": "Q5412010",
        "operator": "Euronet",
        "operator:wikidata": "Q5412010"
      },
      "geometry": {
        "type": "Point",
        "coordinates": [
          12.4915249,
          41.8947477
        ]
      },
      "id": "node/12263621754"
    },
    {
      "type": "Feature",
      "properties": {
        "@id": "node/12278627701",
        "addr:housenumber": "21",
        "addr:postcode": "00184",
        "addr:street": "Via Celimontana",
        "amenity": "restaurant",
        "cuisine": "italian",
        "name": "Contratio Bistrot",
        "opening_hours": "Mo-Su 12:00-14:30,19:00-22:30",
        "website": "https://www.thefork.it/ristorante/contrario-bistrot-r751935"
      },
      "geometry": {
        "type": "Point",
        "coordinates": [
          12.4961582,
          41.8882075
        ]
      },
      "id": "node/12278627701"
    },
    {
      "type": "Feature",
      "properties": {
        "@id": "node/12299435763",
        "amenity": "vending_machine",
        "vending": "parking_tickets"
      },
      "geometry": {
        "type": "Point",
        "coordinates": [
          12.4949203,
          41.8964663
        ]
      },
      "id": "node/12299435763"
    },
    {
      "type": "Feature",
      "properties": {
        "@id": "node/12304374263",
        "artist:wikidata": "Q1671666",
        "artist:wikipedia": "it:Invader",
        "artist_name": "Invader",
        "artwork_subject": "street_art",
        "artwork_type": "mosaic",
        "ref": "ROM_57",
        "tourism": "artwork",
        "website": "https://space-invaders.com/"
      },
      "geometry": {
        "type": "Point",
        "coordinates": [
          12.4942862,
          41.8900806
        ]
      },
      "id": "node/12304374263"
    },
    {
      "type": "Feature",
      "properties": {
        "@id": "node/12339131677",
        "amenity": "waste_basket"
      },
      "geometry": {
        "type": "Point",
        "coordinates": [
          12.4862719,
          41.8920351
        ]
      },
      "id": "node/12339131677"
    },
    {
      "type": "Feature",
      "properties": {
        "@id": "node/12352312982",
        "amenity": "waste_basket"
      },
      "geometry": {
        "type": "Point",
        "coordinates": [
          12.4967789,
          41.8930139
        ]
      },
      "id": "node/12352312982"
    },
    {
      "type": "Feature",
      "properties": {
        "@id": "node/12352312983",
        "amenity": "waste_basket"
      },
      "geometry": {
        "type": "Point",
        "coordinates": [
          12.4966234,
          41.8931287
        ]
      },
      "id": "node/12352312983"
    },
    {
      "type": "Feature",
      "properties": {
        "@id": "node/12398665202",
        "amenity": "bar",
        "name": "94tele"
      },
      "geometry": {
        "type": "Point",
        "coordinates": [
          12.4887759,
          41.8939862
        ]
      },
      "id": "node/12398665202"
    },
    {
      "type": "Feature",
      "properties": {
        "@id": "node/12444191501",
        "addr:housenumber": "8",
        "addr:postcode": "00187",
        "addr:street": "Via Ventiquattro Maggio",
        "internet_access": "wlan",
        "name": "Hotel Hiberia",
        "tourism": "hotel",
        "website": "https://www.hotelhiberia.it/"
      },
      "geometry": {
        "type": "Point",
        "coordinates": [
          12.486819,
          41.8972077
        ]
      },
      "id": "node/12444191501"
    },
    {
      "type": "Feature",
      "properties": {
        "@id": "node/12474301850",
        "amenity": "monastery",
        "community:gender": "female",
        "name": "Suore Missionarie del Sacro Costato"
      },
      "geometry": {
        "type": "Point",
        "coordinates": [
          12.4966815,
          41.8848944
        ]
      },
      "id": "node/12474301850"
    },
    {
      "type": "Feature",
      "properties": {
        "@id": "node/12476490086",
        "amenity": "monastery",
        "community:gender": "female",
        "contact:website": "https://comunitadellagnello.org/fraternita/piccole-sorelle-dell-agnello/fraternita-di-roma/",
        "denomination": "roman_catholic",
        "name": "Piccole sorelle dell'Agnello",
        "religion": "christian"
      },
      "geometry": {
        "type": "Point",
        "coordinates": [
          12.4988283,
          41.8881179
        ]
      },
      "id": "node/12476490086"
    },
    {
      "type": "Feature",
      "properties": {
        "@id": "node/12480080810",
        "board_type": "history",
        "information": "board",
        "language:en": "yes",
        "language:it": "yes",
        "name": "Santo Stefano Rotondo al Celio",
        "subject:wikidata": "Q919456",
        "subject:wikipedia": "it:Basilica di Santo Stefano Rotondo al Celio",
        "support": "pole",
        "tourism": "information"
      },
      "geometry": {
        "type": "Point",
        "coordinates": [
          12.4969419,
          41.8848739
        ]
      },
      "id": "node/12480080810"
    },
    {
      "type": "Feature",
      "properties": {
        "@id": "node/12484449287",
        "name": "Aula Gotica",
        "tourism": "attraction",
        "website": "https://www.aulagoticasantiquattrocoronati.it/"
      },
      "geometry": {
        "type": "Point",
        "coordinates": [
          12.4985606,
          41.8884013
        ]
      },
      "id": "node/12484449287"
    },
    {
      "type": "Feature",
      "properties": {
        "@id": "node/12544253674",
        "access": "yes",
        "archaeological_site": "building",
        "description": "Apre al pubblico la Schola degli araldi del Circo Massimo, sul Palatino. Sono stati realizzati una nuova rampa e una vetrata per migliorare la visione del mosaico e delle pitture del vano F, da cui il complesso prende il nome.",
        "historic": "archaeological_site",
        "historic:civilization": "ancient_roman",
        "name": "Schola Praeconum (Scuola degli Araldi)",
        "ruins": "building",
        "source": "https://www.turismoroma.it/it/luoghi/schola-praeconum-scuola-degli-araldi",
        "start_date": "2025-02-03",
        "website": "https://colosseo.it/mirabilia/la-schola-praeconum/"
      },
      "geometry": {
        "type": "Point",
        "coordinates": [
          12.4848403,
          41.8875219
        ]
      },
      "id": "node/12544253674"
    },
    {
      "type": "Feature",
      "properties": {
        "@id": "node/12561226767",
        "addr:city": "Roma",
        "addr:housenumber": "75",
        "addr:postcode": "00184",
        "addr:street": "Via Angelo Poliziano",
        "branch": "Roma Colosseo",
        "brand": "Ostello Bello",
        "brand:wikidata": "Q130537992",
        "name": "Ostello Bello",
        "tourism": "hostel"
      },
      "geometry": {
        "type": "Point",
        "coordinates": [
          12.4999338,
          41.8908567
        ]
      },
      "id": "node/12561226767"
    },
    {
      "type": "Feature",
      "properties": {
        "@id": "node/12566269101",
        "addr:housenumber": "9/A",
        "addr:postcode": "00184",
        "addr:street": "Via Celimontana",
        "amenity": "pharmacy",
        "healthcare": "pharmacy",
        "name": "Farmacia Celimontana",
        "opening_hours": "Mo-Sa 08:30-19:30",
        "phone": "+39 06 709 6367"
      },
      "geometry": {
        "type": "Point",
        "coordinates": [
          12.4965072,
          41.8889308
        ]
      },
      "id": "node/12566269101"
    },
    {
      "type": "Feature",
      "properties": {
        "@id": "node/12569192140",
        "historic": "tomb",
        "name": "Tomba di Giacomo Boni",
        "wikidata": "Q132176355"
      },
      "geometry": {
        "type": "Point",
        "coordinates": [
          12.4866455,
          41.890512
        ]
      },
      "id": "node/12569192140"
    },
    {
      "type": "Feature",
      "properties": {
        "@id": "node/12578437522",
        "board_type": "history",
        "information": "board",
        "language:en": "yes",
        "language:it": "yes",
        "name": "Rione X Campitelli",
        "subject:wikidata": "Q1031342",
        "subject:wikipedia": "it:Campitelli",
        "support": "pole",
        "tourism": "information"
      },
      "geometry": {
        "type": "Point",
        "coordinates": [
          12.4887477,
          41.8852396
        ]
      },
      "id": "node/12578437522"
    },
    {
      "type": "Feature",
      "properties": {
        "@id": "node/12578442681",
        "board_type": "history",
        "information": "board",
        "language:en": "yes",
        "language:it": "yes",
        "name": "Rione XIX Celio",
        "subject:wikidata": "Q1052943",
        "subject:wikipedia": "it:Celio (rione di Roma)",
        "support": "pole",
        "tourism": "information"
      },
      "geometry": {
        "type": "Point",
        "coordinates": [
          12.489927,
          41.8848093
        ]
      },
      "id": "node/12578442681"
    },
    {
      "type": "Feature",
      "properties": {
        "@id": "node/12578442682",
        "board_type": "history",
        "information": "board",
        "language:en": "yes",
        "language:it": "yes",
        "name": "Chiesa di San Gregorio al Celio",
        "subject:wikidata": "Q748459",
        "subject:wikipedia": "it:Chiesa di San Gregorio al Celio",
        "support": "pole",
        "tourism": "information"
      },
      "geometry": {
        "type": "Point",
        "coordinates": [
          12.4904761,
          41.8860384
        ]
      },
      "id": "node/12578442682"
    },
    {
      "type": "Feature",
      "properties": {
        "@id": "node/12593476015",
        "information": "map",
        "language:en": "yes",
        "language:it": "yes",
        "map_size": "site",
        "map_type": "scheme",
        "subject:wikidata": "Q124309665",
        "tourism": "information"
      },
      "geometry": {
        "type": "Point",
        "coordinates": [
          12.4915596,
          41.8864544
        ]
      },
      "id": "node/12593476015"
    },
    {
      "type": "Feature",
      "properties": {
        "@id": "node/12593476016",
        "board_type": "history",
        "information": "board",
        "language:en": "yes",
        "language:it": "yes",
        "name": "L'Orto Botanico del Celio - The Botanical Garden",
        "name:en": "The Botanical Garden",
        "name:it": "L'Orto Botanico del Celio",
        "subject:wikidata": "Q124309665",
        "tourism": "information"
      },
      "geometry": {
        "type": "Point",
        "coordinates": [
          12.4915403,
          41.8865318
        ]
      },
      "id": "node/12593476016"
    },
    {
      "type": "Feature",
      "properties": {
        "@id": "node/12593476018",
        "board_type": "history",
        "information": "board",
        "language:en": "yes",
        "language:it": "yes",
        "name": "La bottega sepolta - The buried workshop",
        "name:en": "The buried workshop",
        "name:it": "La bottega sepolta",
        "subject:wikidata": "Q124309665",
        "tourism": "information"
      },
      "geometry": {
        "type": "Point",
        "coordinates": [
          12.4914013,
          41.886718
        ]
      },
      "id": "node/12593476018"
    },
    {
      "type": "Feature",
      "properties": {
        "@id": "node/12593476042",
        "amenity": "fountain"
      },
      "geometry": {
        "type": "Point",
        "coordinates": [
          12.4917456,
          41.887365
        ]
      },
      "id": "node/12593476042"
    },
    {
      "type": "Feature",
      "properties": {
        "@id": "node/12593476081",
        "board_type": "history",
        "information": "board",
        "language:en": "yes",
        "language:it": "yes",
        "name": "Un carico prezioso - A precious shipment",
        "name:en": "A precious shipment",
        "name:it": "Un carico prezioso",
        "subject:wikidata": "Q124309665",
        "tourism": "information"
      },
      "geometry": {
        "type": "Point",
        "coordinates": [
          12.4916212,
          41.8870311
        ]
      },
      "id": "node/12593476081"
    },
    {
      "type": "Feature",
      "properties": {
        "@id": "node/12593476082",
        "board_type": "history",
        "information": "board",
        "language:en": "yes",
        "language:it": "yes",
        "name": "Soffitto a lacunari - Coffered celing",
        "name:en": "Coffered celing",
        "name:it": "Soffitto a lacunari",
        "subject:wikidata": "Q124309665",
        "tourism": "information"
      },
      "geometry": {
        "type": "Point",
        "coordinates": [
          12.4917112,
          41.8871513
        ]
      },
      "id": "node/12593476082"
    },
    {
      "type": "Feature",
      "properties": {
        "@id": "node/12593492907",
        "board_type": "history",
        "information": "board",
        "language:en": "yes",
        "language:it": "yes",
        "name": "Cippi di delimitazione - Boundary sones",
        "name:en": "Boundary sones",
        "name:it": "Cippi di delimitazione",
        "subject:wikidata": "Q124309665",
        "tourism": "information"
      },
      "geometry": {
        "type": "Point",
        "coordinates": [
          12.4914413,
          41.8873515
        ]
      },
      "id": "node/12593492907"
    },
    {
      "type": "Feature",
      "properties": {
        "@id": "node/12593492910",
        "board_type": "history",
        "information": "board",
        "language:en": "yes",
        "language:it": "yes",
        "name": "Le torri di Porta Flaminia - The towers of Porta Flaminia",
        "name:en": "The towers of Porta Flaminia",
        "name:it": "Le torri di Porta Flaminia",
        "subject:wikidata": "Q1760057",
        "tourism": "information"
      },
      "geometry": {
        "type": "Point",
        "coordinates": [
          12.491738,
          41.8876295
        ]
      },
      "id": "node/12593492910"
    },
    {
      "type": "Feature",
      "properties": {
        "@id": "node/12593492911",
        "board_type": "history",
        "information": "board",
        "language:en": "yes",
        "language:it": "yes",
        "name": "Il Tempio del Divo Claudio - The Temple of Claudius",
        "name:en": "The Temple of Claudius",
        "name:it": "Il Tempio del Divo Claudio",
        "subject:wikidata": "Q523765",
        "subject:wikipedia": "it:Tempio del Divo Claudio",
        "tourism": "information"
      },
      "geometry": {
        "type": "Point",
        "coordinates": [
          12.4918784,
          41.8881117
        ]
      },
      "id": "node/12593492911"
    },
    {
      "type": "Feature",
      "properties": {
        "@id": "node/12593492912",
        "board_type": "history",
        "information": "board",
        "language:en": "yes",
        "language:it": "yes",
        "name": "Le sentinelle degli acquedotti - The Guards of the Aqueducts",
        "name:en": "The Guards of the Aqueducts",
        "name:it": "Le sentinelle degli acquedotti",
        "subject:wikidata": "Q124309665",
        "tourism": "information"
      },
      "geometry": {
        "type": "Point",
        "coordinates": [
          12.4917844,
          41.888201
        ]
      },
      "id": "node/12593492912"
    },
    {
      "type": "Feature",
      "properties": {
        "@id": "node/12593492917",
        "board_type": "history",
        "information": "board",
        "language:en": "yes",
        "language:it": "yes",
        "name": "La tomba di un console - The Tomb of a Consul",
        "name:en": "The Tomb of a Consul",
        "name:it": "La tomba di un console",
        "subject:wikidata": "Q124309665",
        "tourism": "information"
      },
      "geometry": {
        "type": "Point",
        "coordinates": [
          12.4916459,
          41.8880173
        ]
      },
      "id": "node/12593492917"
    },
    {
      "type": "Feature",
      "properties": {
        "@id": "node/12593492918",
        "board_type": "history",
        "information": "board",
        "language:en": "yes",
        "language:it": "yes",
        "name": "La carriera di un cosmopolita - The Career of a World Traveller",
        "name:en": "The Career of a World Traveller",
        "name:it": "La carriera di un cosmopolita",
        "subject:wikidata": "Q124309665",
        "tourism": "information"
      },
      "geometry": {
        "type": "Point",
        "coordinates": [
          12.491566,
          41.8879152
        ]
      },
      "id": "node/12593492918"
    },
    {
      "type": "Feature",
      "properties": {
        "@id": "node/12593492919",
        "board_type": "history",
        "information": "board",
        "language:en": "yes",
        "language:it": "yes",
        "name": "Il Tempio di Fortuna Muliebre - The Temple of Fortuna Muliebris",
        "name:en": "The Temple of Fortuna Muliebris",
        "name:it": "Il Tempio di Fortuna Muliebre",
        "subject:wikidata": "Q124309665",
        "tourism": "information"
      },
      "geometry": {
        "type": "Point",
        "coordinates": [
          12.4914844,
          41.8877137
        ]
      },
      "id": "node/12593492919"
    },
    {
      "type": "Feature",
      "properties": {
        "@id": "node/12593492920",
        "board_type": "history",
        "information": "board",
        "language:en": "yes",
        "language:it": "yes",
        "name": "Ricami di marmo: la cornice del Tempio dei Castori - Marble embroidery: the Corniche of the Templum Castorum",
        "name:en": "Marble embroidery: the Corniche of the Templum Castorum",
        "name:it": "Ricami di marmo: la cornice del Tempio dei Castori",
        "subject:wikidata": "Q380530",
        "tourism": "information"
      },
      "geometry": {
        "type": "Point",
        "coordinates": [
          12.4914438,
          41.8876609
        ]
      },
      "id": "node/12593492920"
    },
    {
      "type": "Feature",
      "properties": {
        "@id": "node/12593492921",
        "information": "map",
        "language:en": "yes",
        "language:it": "yes",
        "map_size": "site",
        "map_type": "scheme",
        "subject:wikidata": "Q124309665",
        "tourism": "information"
      },
      "geometry": {
        "type": "Point",
        "coordinates": [
          12.4913092,
          41.8871357
        ]
      },
      "id": "node/12593492921"
    },
    {
      "type": "Feature",
      "properties": {
        "@id": "node/12593492922",
        "natural": "tree"
      },
      "geometry": {
        "type": "Point",
        "coordinates": [
          12.491262,
          41.8870058
        ]
      },
      "id": "node/12593492922"
    },
    {
      "type": "Feature",
      "properties": {
        "@id": "node/12593492923",
        "natural": "tree"
      },
      "geometry": {
        "type": "Point",
        "coordinates": [
          12.4912898,
          41.8870819
        ]
      },
      "id": "node/12593492923"
    },
    {
      "type": "Feature",
      "properties": {
        "@id": "node/12593492925",
        "amenity": "bicycle_parking",
        "bicycle_parking": "wall_loops"
      },
      "geometry": {
        "type": "Point",
        "coordinates": [
          12.4908268,
          41.8869125
        ]
      },
      "id": "node/12593492925"
    },
    {
      "type": "Feature",
      "properties": {
        "@id": "node/12593492931",
        "amenity": "bench",
        "armrest": "no",
        "backrest": "yes"
      },
      "geometry": {
        "type": "Point",
        "coordinates": [
          12.4909995,
          41.8868373
        ]
      },
      "id": "node/12593492931"
    },
    {
      "type": "Feature",
      "properties": {
        "@id": "node/12593492932",
        "amenity": "bench",
        "armrest": "no",
        "backrest": "yes"
      },
      "geometry": {
        "type": "Point",
        "coordinates": [
          12.4910397,
          41.8868093
        ]
      },
      "id": "node/12593492932"
    },
    {
      "type": "Feature",
      "properties": {
        "@id": "node/12593492934",
        "natural": "tree"
      },
      "geometry": {
        "type": "Point",
        "coordinates": [
          12.4910548,
          41.8868493
        ]
      },
      "id": "node/12593492934"
    },
    {
      "type": "Feature",
      "properties": {
        "@id": "node/12593492935",
        "natural": "tree"
      },
      "geometry": {
        "type": "Point",
        "coordinates": [
          12.4910699,
          41.8868328
        ]
      },
      "id": "node/12593492935"
    },
    {
      "type": "Feature",
      "properties": {
        "@id": "node/12593492937",
        "amenity": "bench",
        "armrest": "no",
        "backrest": "yes"
      },
      "geometry": {
        "type": "Point",
        "coordinates": [
          12.4908435,
          41.886753
        ]
      },
      "id": "node/12593492937"
    },
    {
      "type": "Feature",
      "properties": {
        "@id": "node/12593501910",
        "amenity": "waste_basket",
        "colour": "black",
        "waste": "trash"
      },
      "geometry": {
        "type": "Point",
        "coordinates": [
          12.4990955,
          41.8882508
        ]
      },
      "id": "node/12593501910"
    },
    {
      "type": "Feature",
      "properties": {
        "@id": "node/12593501911",
        "amenity": "waste_basket",
        "colour": "black",
        "waste": "trash"
      },
      "geometry": {
        "type": "Point",
        "coordinates": [
          12.4992191,
          41.8882056
        ]
      },
      "id": "node/12593501911"
    },
    {
      "type": "Feature",
      "properties": {
        "@id": "node/12593501912",
        "amenity": "waste_basket",
        "colour": "black",
        "waste": "trash"
      },
      "geometry": {
        "type": "Point",
        "coordinates": [
          12.499022,
          41.8881432
        ]
      },
      "id": "node/12593501912"
    },
    {
      "type": "Feature",
      "properties": {
        "@id": "node/12593501913",
        "board_type": "history",
        "information": "board",
        "language:en": "yes",
        "language:it": "yes",
        "name": "Santi Quattro Coronati",
        "subject:wikidata": "Q1536044",
        "subject:wikipedia": "it:Basilica dei Santi Quattro Coronati",
        "support": "pole",
        "tourism": "information"
      },
      "geometry": {
        "type": "Point",
        "coordinates": [
          12.4990381,
          41.888142
        ]
      },
      "id": "node/12593501913"
    },
    {
      "type": "Feature",
      "properties": {
        "@id": "node/12593519482",
        "historic": "wayside_shrine"
      },
      "geometry": {
        "type": "Point",
        "coordinates": [
          12.4980423,
          41.8887159
        ]
      },
      "id": "node/12593519482"
    },
    {
      "type": "Feature",
      "properties": {
        "@id": "node/12593523776",
        "historic": "memorial",
        "memorial": "plaque",
        "start_date": "2002",
        "subject:wikidata": "Q1232473"
      },
      "geometry": {
        "type": "Point",
        "coordinates": [
          12.4955445,
          41.8901994
        ]
      },
      "id": "node/12593523776"
    },
    {
      "type": "Feature",
      "properties": {
        "@id": "node/12593531850",
        "board_type": "history",
        "information": "board",
        "language:en": "yes",
        "language:it": "yes",
        "name": "Hotel Palazzo Manfredi",
        "support": "pole",
        "tourism": "information"
      },
      "geometry": {
        "type": "Point",
        "coordinates": [
          12.4956477,
          41.8901808
        ]
      },
      "id": "node/12593531850"
    },
    {
      "type": "Feature",
      "properties": {
        "@id": "node/12593548158",
        "board_type": "history",
        "information": "board",
        "language:en": "yes",
        "language:it": "main",
        "name": "Ludus Magnus",
        "subject:wikidata": "Q1232473",
        "subject:wikipedia": "it:Ludus Magnus",
        "support": "pole",
        "tourism": "information"
      },
      "geometry": {
        "type": "Point",
        "coordinates": [
          12.4951054,
          41.8902918
        ]
      },
      "id": "node/12593548158"
    },
    {
      "type": "Feature",
      "properties": {
        "@id": "node/12593641706",
        "board_type": "history",
        "information": "board",
        "language:en": "yes",
        "language:it": "yes",
        "name": "Rione X Campitelli",
        "subject:wikidata": "Q1031342",
        "subject:wikipedia": "it:Campitelli",
        "support": "pole",
        "tourism": "information"
      },
      "geometry": {
        "type": "Point",
        "coordinates": [
          12.4874311,
          41.892848
        ]
      },
      "id": "node/12593641706"
    },
    {
      "type": "Feature",
      "properties": {
        "@id": "node/12595680949",
        "leaf_type": "broadleaved",
        "natural": "tree"
      },
      "geometry": {
        "type": "Point",
        "coordinates": [
          12.4872123,
          41.8929469
        ]
      },
      "id": "node/12595680949"
    },
    {
      "type": "Feature",
      "properties": {
        "@id": "node/12595680950",
        "historic": "memorial",
        "inscription": "Ulivo Centenario / simbolo di pace e fratellanza, / dono dello Stato d'Israele e del KKL / Keren Kayemeth Leisrael / - Fondo Nazionale Ebraico per l'Ambiente - / all'Italia e alla Città di Roma Capitale / in occasione dei 150 anni dell'unità d'Italia",
        "material": "stone",
        "memorial": "stone"
      },
      "geometry": {
        "type": "Point",
        "coordinates": [
          12.4872236,
          41.8929596
        ]
      },
      "id": "node/12595680950"
    },
    {
      "type": "Feature",
      "properties": {
        "@id": "node/12609682810",
        "addr:housenumber": "1 E/F",
        "addr:street": "via del Colosseo",
        "amenity": "fast_food",
        "name": "La Prezzemolina"
      },
      "geometry": {
        "type": "Point",
        "coordinates": [
          12.4889631,
          41.8931703
        ]
      },
      "id": "node/12609682810"
    },
    {
      "type": "Feature",
      "properties": {
        "@id": "node/12622944323",
        "amenity": "drinking_water",
        "bottle": "yes",
        "fountain": "bottle_refill"
      },
      "geometry": {
        "type": "Point",
        "coordinates": [
          12.4902565,
          41.8898644
        ]
      },
      "id": "node/12622944323"
    },
    {
      "type": "Feature",
      "properties": {
        "@id": "node/12623021024",
        "man_made": "surveillance"
      },
      "geometry": {
        "type": "Point",
        "coordinates": [
          12.4842959,
          41.8918138
        ]
      },
      "id": "node/12623021024"
    },
    {
      "type": "Feature",
      "properties": {
        "@id": "node/12623101980",
        "amenity": "drinking_water"
      },
      "geometry": {
        "type": "Point",
        "coordinates": [
          12.4870931,
          41.8906947
        ]
      },
      "id": "node/12623101980"
    },
    {
      "type": "Feature",
      "properties": {
        "@id": "node/12625597973",
        "addr:city": "Roma",
        "addr:housenumber": "52/54",
        "addr:postcode": "00185",
        "addr:street": "Via dello Statuto",
        "amenity": "restaurant",
        "name": "Yangguofu Malatang",
        "opening_hours": "Mo-Tu 11:30-22:00; We 16:00-22:00; Th-Su 11:30-22:00",
        "phone": "+3906164169078"
      },
      "geometry": {
        "type": "Point",
        "coordinates": [
          12.5010575,
          41.8948493
        ]
      },
      "id": "node/12625597973"
    },
    {
      "type": "Feature",
      "properties": {
        "@id": "node/12640370642",
        "amenity": "bench",
        "armrest": "no",
        "backrest": "no",
        "seats": "3"
      },
      "geometry": {
        "type": "Point",
        "coordinates": [
          12.4910896,
          41.8896402
        ]
      },
      "id": "node/12640370642"
    },
    {
      "type": "Feature",
      "properties": {
        "@id": "node/12640370643",
        "amenity": "bench",
        "armrest": "no",
        "backrest": "no",
        "seats": "3"
      },
      "geometry": {
        "type": "Point",
        "coordinates": [
          12.4913629,
          41.8895894
        ]
      },
      "id": "node/12640370643"
    },
    {
      "type": "Feature",
      "properties": {
        "@id": "node/12640370644",
        "amenity": "bench",
        "armrest": "no",
        "backrest": "no",
        "seats": "3"
      },
      "geometry": {
        "type": "Point",
        "coordinates": [
          12.4913295,
          41.8896153
        ]
      },
      "id": "node/12640370644"
    },
    {
      "type": "Feature",
      "properties": {
        "@id": "node/12640370645",
        "amenity": "bench",
        "armrest": "no",
        "backrest": "no",
        "seats": "3"
      },
      "geometry": {
        "type": "Point",
        "coordinates": [
          12.4914012,
          41.8895639
        ]
      },
      "id": "node/12640370645"
    },
    {
      "type": "Feature",
      "properties": {
        "@id": "node/12640370646",
        "amenity": "bench",
        "armrest": "no",
        "backrest": "no",
        "seats": "3"
      },
      "geometry": {
        "type": "Point",
        "coordinates": [
          12.4911305,
          41.8896609
        ]
      },
      "id": "node/12640370646"
    },
    {
      "type": "Feature",
      "properties": {
        "@id": "node/12640370647",
        "amenity": "bench",
        "armrest": "no",
        "backrest": "no",
        "seats": "3"
      },
      "geometry": {
        "type": "Point",
        "coordinates": [
          12.4912934,
          41.8896398
        ]
      },
      "id": "node/12640370647"
    },
    {
      "type": "Feature",
      "properties": {
        "@id": "node/12640370648",
        "amenity": "bench",
        "armrest": "no",
        "backrest": "no",
        "seats": "3"
      },
      "geometry": {
        "type": "Point",
        "coordinates": [
          12.4911737,
          41.8896787
        ]
      },
      "id": "node/12640370648"
    },
    {
      "type": "Feature",
      "properties": {
        "@id": "node/12640370649",
        "amenity": "bench",
        "armrest": "no",
        "backrest": "no",
        "seats": "3"
      },
      "geometry": {
        "type": "Point",
        "coordinates": [
          12.4912152,
          41.8896929
        ]
      },
      "id": "node/12640370649"
    },
    {
      "type": "Feature",
      "properties": {
        "@id": "node/12640370650",
        "amenity": "bench",
        "armrest": "no",
        "backrest": "no",
        "seats": "3"
      },
      "geometry": {
        "type": "Point",
        "coordinates": [
          12.4912585,
          41.8896695
        ]
      },
      "id": "node/12640370650"
    },
    {
      "type": "Feature",
      "properties": {
        "@id": "node/12640704967",
        "addr:city": "Roma",
        "addr:housenumber": "20",
        "addr:postcode": "00184",
        "addr:street": "Via dei Santi Quattro",
        "amenity": "monastery",
        "community": "OSA",
        "community:gender": "female",
        "community:it": "Monache Agostiniane",
        "contact:website": "https://monacheagostinianesantiquattrocoronati.it/",
        "denomination": "roman_catholic",
        "name": "Monastero Santi Quattro Coronati",
        "religion": "christian"
      },
      "geometry": {
        "type": "Point",
        "coordinates": [
          12.49829,
          41.8883519
        ]
      },
      "id": "node/12640704967"
    },
    {
      "type": "Feature",
      "properties": {
        "@id": "node/12640825738",
        "amenity": "cafe",
        "indoor_seating": "no",
        "name": "Caffeteria del Parco",
        "outdoor_seating": "yes"
      },
      "geometry": {
        "type": "Point",
        "coordinates": [
          12.4869219,
          41.8925439
        ]
      },
      "id": "node/12640825738"
    },
    {
      "type": "Feature",
      "properties": {
        "@id": "node/12641308482",
        "amenity": "luggage_locker",
        "fee": "yes",
        "indoor": "yes",
        "name": "Stow your bags",
        "note": "The \"standard\" cabin contains 2 cabin size luggage and costs approx.: - 1 hour: 3 EUR - 4 hours: 9 EUR - 6 hours: 12 EUR - 1 day: 16 EUR - 2 days: 24 EUR - 3 days: 33 EUR",
        "payment:debit_cards": "yes",
        "website": "https://www.stowyourbags.com/en/shop/rome/colosseum-roman-forum/"
      },
      "geometry": {
        "type": "Point",
        "coordinates": [
          12.4890538,
          41.8930778
        ]
      },
      "id": "node/12641308482"
    },
    {
      "type": "Feature",
      "properties": {
        "@id": "node/12641308483",
        "amenity": "restaurant",
        "name": "La Prezzemolina"
      },
      "geometry": {
        "type": "Point",
        "coordinates": [
          12.4890625,
          41.8930503
        ]
      },
      "id": "node/12641308483"
    },
    {
      "type": "Feature",
      "properties": {
        "@id": "node/12674415017",
        "historic": "archaeological_site",
        "historic:civilization": "ancient_roman",
        "name": "Domus di Lucio Licinio Sura",
        "source": "https://www.info.roma.it/monumenti_dettaglio.asp?ID_schede=9279",
        "wikidata": "Q133308431"
      },
      "geometry": {
        "type": "Point",
        "coordinates": [
          12.5025666,
          41.8879509
        ]
      },
      "id": "node/12674415017"
    },
    {
      "type": "Feature",
      "properties": {
        "@id": "node/12674448183",
        "historic": "archaeological_site",
        "historic:civilization": "ancient_roman",
        "name": "domus annorum"
      },
      "geometry": {
        "type": "Point",
        "coordinates": [
          12.5023508,
          41.8870422
        ]
      },
      "id": "node/12674448183"
    },
    {
      "type": "Feature",
      "properties": {
        "@id": "node/12697352902",
        "artwork_type": "statue",
        "description": "is a reproduction/reconstruction",
        "name": "Statua colossale di Costantino",
        "name:en": "Colossal Statue of Constantine",
        "tourism": "artwork",
        "wikidata": "Q126198299"
      },
      "geometry": {
        "type": "Point",
        "coordinates": [
          12.4815202,
          41.892044
        ]
      },
      "id": "node/12697352902"
    },
    {
      "type": "Feature",
      "properties": {
        "@id": "node/12705137922",
        "amenity": "waste_basket"
      },
      "geometry": {
        "type": "Point",
        "coordinates": [
          12.4908962,
          41.8910402
        ]
      },
      "id": "node/12705137922"
    },
    {
      "type": "Feature",
      "properties": {
        "@id": "node/12705139779",
        "amenity": "waste_basket"
      },
      "geometry": {
        "type": "Point",
        "coordinates": [
          12.4877249,
          41.8927882
        ]
      },
      "id": "node/12705139779"
    },
    {
      "type": "Feature",
      "properties": {
        "@id": "node/12707547766",
        "contact:email": "cripta.sanvito@gmail.com",
        "contact:website": "https://www.sanvito-roma.it/",
        "historic": "archaeological_site",
        "level": "-1",
        "opening_hours": "Mo-Sa 10:00-12:45,14:30-18:00; Su 14:30-18:00"
      },
      "geometry": {
        "type": "Point",
        "coordinates": [
          12.5014428,
          41.8958368
        ]
      },
      "id": "node/12707547766"
    },
    {
      "type": "Feature",
      "properties": {
        "@id": "node/12707550690",
        "contact:website": "https://www.santissimaconcezione.org/",
        "female": "yes",
        "name": "Collegio universitario Conservatorio Santissima Concezione",
        "tourism": "hostel"
      },
      "geometry": {
        "type": "Point",
        "coordinates": [
          12.5007165,
          41.8959273
        ]
      },
      "id": "node/12707550690"
    },
    {
      "type": "Feature",
      "properties": {
        "@id": "node/12712810507",
        "railway": "tram_crossing"
      },
      "geometry": {
        "type": "Point",
        "coordinates": [
          12.5022302,
          41.8966381
        ]
      },
      "id": "node/12712810507"
    },
    {
      "type": "Feature",
      "properties": {
        "@id": "node/12712810508",
        "railway": "tram_crossing"
      },
      "geometry": {
        "type": "Point",
        "coordinates": [
          12.5011316,
          41.8973115
        ]
      },
      "id": "node/12712810508"
    },
    {
      "type": "Feature",
      "properties": {
        "@id": "node/12720398682",
        "camera:direction": "1",
        "camera:mount": "traffic_signals",
        "camera:type": "fixed",
        "man_made": "surveillance",
        "surveillance": "outdoor",
        "surveillance:type": "camera",
        "surveillance:zone": "street"
      },
      "geometry": {
        "type": "Point",
        "coordinates": [
          12.4820902,
          41.8967763
        ]
      },
      "id": "node/12720398682"
    },
    {
      "type": "Feature",
      "properties": {
        "@id": "node/12720398683",
        "camera:mount": "building",
        "camera:type": "dome",
        "man_made": "surveillance",
        "surveillance:type": "camera",
        "surveillance:zone": "street"
      },
      "geometry": {
        "type": "Point",
        "coordinates": [
          12.4822057,
          41.8968241
        ]
      },
      "id": "node/12720398683"
    },
    {
      "type": "Feature",
      "properties": {
        "@id": "node/12753013255",
        "addr:city": "Roma",
        "addr:housenumber": "33",
        "addr:street": "Via Leonina",
        "amenity": "cafe",
        "cuisine": "bubble_tea",
        "name": "Techi Bubble Tea",
        "opening_hours": "Mo-Su 10:00-22:00",
        "outdoor_seating": "yes"
      },
      "geometry": {
        "type": "Point",
        "coordinates": [
          12.492566,
          41.8950141
        ]
      },
      "id": "node/12753013255"
    },
    {
      "type": "Feature",
      "properties": {
        "@id": "node/12768796002",
        "amenity": "bench",
        "backrest": "no"
      },
      "geometry": {
        "type": "Point",
        "coordinates": [
          12.4849121,
          41.8857141
        ]
      },
      "id": "node/12768796002"
    },
    {
      "type": "Feature",
      "properties": {
        "@id": "node/12768796003",
        "amenity": "bench",
        "backrest": "no"
      },
      "geometry": {
        "type": "Point",
        "coordinates": [
          12.4850281,
          41.8856393
        ]
      },
      "id": "node/12768796003"
    },
    {
      "type": "Feature",
      "properties": {
        "@id": "node/12768796004",
        "amenity": "bench",
        "backrest": "no"
      },
      "geometry": {
        "type": "Point",
        "coordinates": [
          12.4852038,
          41.8855334
        ]
      },
      "id": "node/12768796004"
    },
    {
      "type": "Feature",
      "properties": {
        "@id": "node/12768803902",
        "amenity": "bench",
        "backrest": "no"
      },
      "geometry": {
        "type": "Point",
        "coordinates": [
          12.4844587,
          41.8859473
        ]
      },
      "id": "node/12768803902"
    },
    {
      "type": "Feature",
      "properties": {
        "@id": "node/12768806102",
        "amenity": "bench",
        "backrest": "no"
      },
      "geometry": {
        "type": "Point",
        "coordinates": [
          12.4847072,
          41.8858254
        ]
      },
      "id": "node/12768806102"
    },
    {
      "type": "Feature",
      "properties": {
        "@id": "node/12768806301",
        "amenity": "bench",
        "backrest": "no"
      },
      "geometry": {
        "type": "Point",
        "coordinates": [
          12.4846098,
          41.8858851
        ]
      },
      "id": "node/12768806301"
    },
    {
      "type": "Feature",
      "properties": {
        "@id": "node/12768806302",
        "amenity": "bench",
        "backrest": "no"
      },
      "geometry": {
        "type": "Point",
        "coordinates": [
          12.4848121,
          41.8857714
        ]
      },
      "id": "node/12768806302"
    },
    {
      "type": "Feature",
      "properties": {
        "@id": "node/12768806401",
        "amenity": "bench",
        "backrest": "no"
      },
      "geometry": {
        "type": "Point",
        "coordinates": [
          12.4851167,
          41.8855845
        ]
      },
      "id": "node/12768806401"
    },
    {
      "type": "Feature",
      "properties": {
        "@id": "node/12768806501",
        "amenity": "bench",
        "backrest": "no"
      },
      "geometry": {
        "type": "Point",
        "coordinates": [
          12.4852582,
          41.8854698
        ]
      },
      "id": "node/12768806501"
    },
    {
      "type": "Feature",
      "properties": {
        "@id": "node/12775768263",
        "railway": "tram_level_crossing"
      },
      "geometry": {
        "type": "Point",
        "coordinates": [
          12.493688,
          41.8891241
        ]
      },
      "id": "node/12775768263"
    },
    {
      "type": "Feature",
      "properties": {
        "@id": "node/12792335037",
        "amenity": "waste_basket"
      },
      "geometry": {
        "type": "Point",
        "coordinates": [
          12.4987105,
          41.8970415
        ]
      },
      "id": "node/12792335037"
    },
    {
      "type": "Feature",
      "properties": {
        "@id": "node/12794469326",
        "railway": "tram_crossing"
      },
      "geometry": {
        "type": "Point",
        "coordinates": [
          12.4941244,
          41.8900172
        ]
      },
      "id": "node/12794469326"
    },
    {
      "type": "Feature",
      "properties": {
        "@id": "node/12794469328",
        "railway": "tram_crossing"
      },
      "geometry": {
        "type": "Point",
        "coordinates": [
          12.4941606,
          41.8900089
        ]
      },
      "id": "node/12794469328"
    },
    {
      "type": "Feature",
      "properties": {
        "@id": "node/12794513370",
        "amenity": "waste_basket",
        "material": "aluminium",
        "survey:date": "2025-04-28",
        "waste": "trash"
      },
      "geometry": {
        "type": "Point",
        "coordinates": [
          12.4944887,
          41.8855621
        ]
      },
      "id": "node/12794513370"
    },
    {
      "type": "Feature",
      "properties": {
        "@id": "node/12796068862",
        "natural": "tree"
      },
      "geometry": {
        "type": "Point",
        "coordinates": [
          12.4920718,
          41.897527
        ]
      },
      "id": "node/12796068862"
    },
    {
      "type": "Feature",
      "properties": {
        "@id": "node/12796068869",
        "natural": "tree"
      },
      "geometry": {
        "type": "Point",
        "coordinates": [
          12.4926257,
          41.8970993
        ]
      },
      "id": "node/12796068869"
    },
    {
      "type": "Feature",
      "properties": {
        "@id": "node/12796068870",
        "natural": "tree"
      },
      "geometry": {
        "type": "Point",
        "coordinates": [
          12.49278,
          41.8970513
        ]
      },
      "id": "node/12796068870"
    },
    {
      "type": "Feature",
      "properties": {
        "@id": "node/12796068871",
        "natural": "tree"
      },
      "geometry": {
        "type": "Point",
        "coordinates": [
          12.4928399,
          41.8969785
        ]
      },
      "id": "node/12796068871"
    },
    {
      "type": "Feature",
      "properties": {
        "@id": "node/12796068872",
        "natural": "tree"
      },
      "geometry": {
        "type": "Point",
        "coordinates": [
          12.4924944,
          41.8975382
        ]
      },
      "id": "node/12796068872"
    },
    {
      "type": "Feature",
      "properties": {
        "@id": "node/12800920101",
        "addr:housenumber": "18",
        "addr:street": "Via delle Tre Cannelle",
        "name": "Residenza Torre Colonna",
        "tourism": "hotel"
      },
      "geometry": {
        "type": "Point",
        "coordinates": [
          12.4852616,
          41.896461
        ]
      },
      "id": "node/12800920101"
    },
    {
      "type": "Feature",
      "properties": {
        "@id": "node/12803689685",
        "amenity": "bench",
        "backrest": "no",
        "material": "stone"
      },
      "geometry": {
        "type": "Point",
        "coordinates": [
          12.4969001,
          41.8929443
        ]
      },
      "id": "node/12803689685"
    },
    {
      "type": "Feature",
      "properties": {
        "@id": "node/12803715179",
        "amenity": "bench",
        "backrest": "no",
        "material": "stone"
      },
      "geometry": {
        "type": "Point",
        "coordinates": [
          12.4969795,
          41.8928418
        ]
      },
      "id": "node/12803715179"
    },
    {
      "type": "Feature",
      "properties": {
        "@id": "node/12803728536",
        "amenity": "bench",
        "backrest": "no",
        "material": "stone"
      },
      "geometry": {
        "type": "Point",
        "coordinates": [
          12.4968541,
          41.8927398
        ]
      },
      "id": "node/12803728536"
    },
    {
      "type": "Feature",
      "properties": {
        "@id": "node/12803729915",
        "amenity": "bench",
        "backrest": "no",
        "material": "stone"
      },
      "geometry": {
        "type": "Point",
        "coordinates": [
          12.4970167,
          41.8930015
        ]
      },
      "id": "node/12803729915"
    },
    {
      "type": "Feature",
      "properties": {
        "@id": "node/12804538916",
        "access": "yes",
        "amenity": "fast_food",
        "cuisine": "coffee_shop;breakfast",
        "fast_food": "cafeteria",
        "internet_access": "yes",
        "name": "Caffetteria-bistrot",
        "source": "https://www.artribune.com/arti-visive/archeologia-arte-antica/2025/05/casina-salvi-riapertura-aula-studio-caffetteria-roma/",
        "start_date": "2025-04-29"
      },
      "geometry": {
        "type": "Point",
        "coordinates": [
          12.4918141,
          41.8874874
        ]
      },
      "id": "node/12804538916"
    },
    {
      "type": "Feature",
      "properties": {
        "@id": "node/12805958174",
        "access": "yes",
        "amenity": "toilets",
        "changing_table": "no",
        "charge": "1.5 €",
        "fee": "yes",
        "female": "yes",
        "male": "yes",
        "survey:date": "2025-05-03",
        "wheelchair": "yes"
      },
      "geometry": {
        "type": "Point",
        "coordinates": [
          12.4916967,
          41.8833657
        ]
      },
      "id": "node/12805958174"
    },
    {
      "type": "Feature",
      "properties": {
        "@id": "node/12813576589",
        "name": "Nicolas Inn",
        "tourism": "guest_house",
        "url": "https://www.tripadvisor.com/Hotel_Review-g187791-d501581-Reviews-Nicolas_Inn-Rome_Lazio.html"
      },
      "geometry": {
        "type": "Point",
        "coordinates": [
          12.4896707,
          41.8938822
        ]
      },
      "id": "node/12813576589"
    },
    {
      "type": "Feature",
      "properties": {
        "@id": "node/12813664034",
        "archaeological_site": "storage",
        "description": "remains of the Imperial Roman spice storage",
        "historic": "archaeological_site",
        "historic:civilization": "ancient_roman",
        "name": "Horrea Piperataria",
        "url": "https://www.artribune.com/arti-visive/archeologia-arte-antica/2024/12/horrea-piperataria-foro-roma-parco-colosseo-apertura/"
      },
      "geometry": {
        "type": "Point",
        "coordinates": [
          12.4881989,
          41.8916472
        ]
      },
      "id": "node/12813664034"
    },
    {
      "type": "Feature",
      "properties": {
        "@id": "node/12830165757",
        "amenity": "vending_machine",
        "vending": "parking_tickets"
      },
      "geometry": {
        "type": "Point",
        "coordinates": [
          12.481921,
          41.8911526
        ]
      },
      "id": "node/12830165757"
    },
    {
      "type": "Feature",
      "properties": {
        "@id": "node/12833837149",
        "addr:city": "Roma",
        "addr:housenumber": "194",
        "addr:postcode": "00184",
        "addr:street": "Via Cavour",
        "addr:unit": "1;2;3",
        "email": "info@forusinn.com",
        "mobile": "+39 393 894818542",
        "name": "Relais Forus Inn",
        "phone": "+39 06 47824745",
        "tourism": "guest_house",
        "website": "https://www.forusinn.com/en/"
      },
      "geometry": {
        "type": "Point",
        "coordinates": [
          12.4948139,
          41.8960149
        ]
      },
      "id": "node/12833837149"
    },
    {
      "type": "Feature",
      "properties": {
        "@id": "node/12851107589",
        "amenity": "bench",
        "backrest": "yes"
      },
      "geometry": {
        "type": "Point",
        "coordinates": [
          12.4863867,
          41.8901048
        ]
      },
      "id": "node/12851107589"
    },
    {
      "type": "Feature",
      "properties": {
        "@id": "node/12851139466",
        "amenity": "bench",
        "backrest": "yes"
      },
      "geometry": {
        "type": "Point",
        "coordinates": [
          12.4864278,
          41.8900653
        ]
      },
      "id": "node/12851139466"
    },
    {
      "type": "Feature",
      "properties": {
        "@id": "node/12853259639",
        "amenity": "bench",
        "backrest": "no"
      },
      "geometry": {
        "type": "Point",
        "coordinates": [
          12.4817131,
          41.8945817
        ]
      },
      "id": "node/12853259639"
    },
    {
      "type": "Feature",
      "properties": {
        "@id": "node/12853297296",
        "amenity": "bench",
        "backrest": "no"
      },
      "geometry": {
        "type": "Point",
        "coordinates": [
          12.4816295,
          41.8947352
        ]
      },
      "id": "node/12853297296"
    },
    {
      "type": "Feature",
      "properties": {
        "@id": "node/12853301123",
        "amenity": "bench",
        "backrest": "no"
      },
      "geometry": {
        "type": "Point",
        "coordinates": [
          12.4818461,
          41.8944749
        ]
      },
      "id": "node/12853301123"
    },
    {
      "type": "Feature",
      "properties": {
        "@id": "node/12853307187",
        "amenity": "bench",
        "backrest": "no"
      },
      "geometry": {
        "type": "Point",
        "coordinates": [
          12.4816856,
          41.8946278
        ]
      },
      "id": "node/12853307187"
    },
    {
      "type": "Feature",
      "properties": {
        "@id": "node/12873430690",
        "amenity": "drinking_water"
      },
      "geometry": {
        "type": "Point",
        "coordinates": [
          12.4978446,
          41.8930706
        ]
      },
      "id": "node/12873430690"
    },
    {
      "type": "Feature",
      "properties": {
        "@id": "node/12875243090",
        "amenity": "bench",
        "backrest": "yes",
        "material": "wood"
      },
      "geometry": {
        "type": "Point",
        "coordinates": [
          12.4830687,
          41.884643
        ]
      },
      "id": "node/12875243090"
    },
    {
      "type": "Feature",
      "properties": {
        "@id": "node/12875264791",
        "amenity": "bench",
        "backrest": "yes",
        "material": "wood"
      },
      "geometry": {
        "type": "Point",
        "coordinates": [
          12.4834915,
          41.8846245
        ]
      },
      "id": "node/12875264791"
    },
    {
      "type": "Feature",
      "properties": {
        "@id": "node/12875273182",
        "amenity": "device_charging_station",
        "fee": "no"
      },
      "geometry": {
        "type": "Point",
        "coordinates": [
          12.4902354,
          41.8898169
        ]
      },
      "id": "node/12875273182"
    },
    {
      "type": "Feature",
      "properties": {
        "@id": "node/12875274751",
        "amenity": "bench",
        "backrest": "yes",
        "material": "wood"
      },
      "geometry": {
        "type": "Point",
        "coordinates": [
          12.4830463,
          41.8846366
        ]
      },
      "id": "node/12875274751"
    },
    {
      "type": "Feature",
      "properties": {
        "@id": "node/12875283854",
        "amenity": "bench",
        "backrest": "yes",
        "material": "wood"
      },
      "geometry": {
        "type": "Point",
        "coordinates": [
          12.4830716,
          41.8846236
        ]
      },
      "id": "node/12875283854"
    },
    {
      "type": "Feature",
      "properties": {
        "@id": "node/12875286822",
        "amenity": "bench",
        "backrest": "yes",
        "material": "wood"
      },
      "geometry": {
        "type": "Point",
        "coordinates": [
          12.4836069,
          41.8845305
        ]
      },
      "id": "node/12875286822"
    },
    {
      "type": "Feature",
      "properties": {
        "@id": "node/12875288634",
        "amenity": "bench",
        "backrest": "yes",
        "material": "wood"
      },
      "geometry": {
        "type": "Point",
        "coordinates": [
          12.4833992,
          41.8845159
        ]
      },
      "id": "node/12875288634"
    },
    {
      "type": "Feature",
      "properties": {
        "@id": "node/12875290942",
        "amenity": "bench",
        "backrest": "yes",
        "material": "wood"
      },
      "geometry": {
        "type": "Point",
        "coordinates": [
          12.4853661,
          41.8899078
        ]
      },
      "id": "node/12875290942"
    },
    {
      "type": "Feature",
      "properties": {
        "@id": "node/12875303226",
        "amenity": "waste_basket"
      },
      "geometry": {
        "type": "Point",
        "coordinates": [
          12.4830566,
          41.8844721
        ]
      },
      "id": "node/12875303226"
    },
    {
      "type": "Feature",
      "properties": {
        "@id": "node/12875303227",
        "amenity": "bench",
        "backrest": "yes",
        "material": "wood"
      },
      "geometry": {
        "type": "Point",
        "coordinates": [
          12.4837886,
          41.8845912
        ]
      },
      "id": "node/12875303227"
    },
    {
      "type": "Feature",
      "properties": {
        "@id": "node/12875311589",
        "amenity": "toilets",
        "changing_table": "no",
        "fee": "yes",
        "wheelchair": "yes"
      },
      "geometry": {
        "type": "Point",
        "coordinates": [
          12.4830703,
          41.8844974
        ]
      },
      "id": "node/12875311589"
    },
    {
      "type": "Feature",
      "properties": {
        "@id": "node/12875312933",
        "amenity": "bench",
        "backrest": "yes",
        "material": "wood"
      },
      "geometry": {
        "type": "Point",
        "coordinates": [
          12.4832726,
          41.8845251
        ]
      },
      "id": "node/12875312933"
    },
    {
      "type": "Feature",
      "properties": {
        "@id": "node/12875313635",
        "amenity": "bench",
        "backrest": "yes",
        "material": "wood"
      },
      "geometry": {
        "type": "Point",
        "coordinates": [
          12.4837128,
          41.8845552
        ]
      },
      "id": "node/12875313635"
    },
    {
      "type": "Feature",
      "properties": {
        "@id": "node/12875313758",
        "amenity": "recycling",
        "recycling_type": "container"
      },
      "geometry": {
        "type": "Point",
        "coordinates": [
          12.4987913,
          41.8896243
        ]
      },
      "id": "node/12875313758"
    },
    {
      "type": "Feature",
      "properties": {
        "@id": "node/12875318322",
        "amenity": "bench",
        "backrest": "yes",
        "material": "wood"
      },
      "geometry": {
        "type": "Point",
        "coordinates": [
          12.4835537,
          41.8846284
        ]
      },
      "id": "node/12875318322"
    },
    {
      "type": "Feature",
      "properties": {
        "@id": "node/12875318819",
        "amenity": "bench",
        "backrest": "yes",
        "material": "wood"
      },
      "geometry": {
        "type": "Point",
        "coordinates": [
          12.4832203,
          41.8845262
        ]
      },
      "id": "node/12875318819"
    },
    {
      "type": "Feature",
      "properties": {
        "@id": "node/12875945138",
        "amenity": "restaurant",
        "indoor_seating": "yes",
        "name": "Al Tettarello",
        "outdoor_seating": "yes"
      },
      "geometry": {
        "type": "Point",
        "coordinates": [
          12.4932184,
          41.8958622
        ]
      },
      "id": "node/12875945138"
    },
    {
      "type": "Feature",
      "properties": {
        "@id": "node/12895882548",
        "bench": "yes",
        "bin": "yes",
        "highway": "bus_stop",
        "lit": "yes",
        "name": "Venezia",
        "public_transport": "platform",
        "shelter": "yes",
        "tactile_paving": "no"
      },
      "geometry": {
        "type": "Point",
        "coordinates": [
          12.4817213,
          41.8953404
        ]
      },
      "id": "node/12895882548"
    },
    {
      "type": "Feature",
      "properties": {
        "@id": "node/12918286540",
        "bench": "no",
        "bin": "yes",
        "bus": "yes",
        "highway": "bus_stop",
        "lit": "yes",
        "name": "Quattro Novembre/S. Apostoli",
        "network": "ATAC",
        "network:wikidata": "Q530087",
        "network:wikipedia": "it:ATAC",
        "operator": "ATAC",
        "public_transport": "platform",
        "ref": "30785"
      },
      "geometry": {
        "type": "Point",
        "coordinates": [
          12.4836324,
          41.8969756
        ]
      },
      "id": "node/12918286540"
    },
    {
      "type": "Feature",
      "properties": {
        "@id": "node/12918842397",
        "amenity": "bench"
      },
      "geometry": {
        "type": "Point",
        "coordinates": [
          12.4828801,
          41.8848897
        ]
      },
      "id": "node/12918842397"
    },
    {
      "type": "Feature",
      "properties": {
        "@id": "node/12918842398",
        "amenity": "bench"
      },
      "geometry": {
        "type": "Point",
        "coordinates": [
          12.482874,
          41.8849251
        ]
      },
      "id": "node/12918842398"
    },
    {
      "type": "Feature",
      "properties": {
        "@id": "node/12919372770",
        "buried:wikidata": "Q450675",
        "buried:wikipedia": "it:Papa Francesco",
        "historic": "tomb",
        "inscription": "Franiscus",
        "name": "Papa Francesco (1936-2025)",
        "name:de": "Papst Franziskus (1936-2025)",
        "name:en": "Pope Francis (1936-2025)",
        "name:es": "Papa Francisco (1936-2025)",
        "name:hu": "Ferenc pápa (1936–2025)",
        "name:it": "Papa Francesco (1936-2025)",
        "tomb": "vault"
      },
      "geometry": {
        "type": "Point",
        "coordinates": [
          12.4983142,
          41.8974947
        ]
      },
      "id": "node/12919372770"
    },
    {
      "type": "Feature",
      "properties": {
        "@id": "node/12971341002",
        "amenity": "restaurant",
        "name": "Citta in fiore"
      },
      "geometry": {
        "type": "Point",
        "coordinates": [
          12.4903926,
          41.8938201
        ]
      },
      "id": "node/12971341002"
    },
    {
      "type": "Feature",
      "properties": {
        "@id": "node/12981678569",
        "addr:city": "Roma",
        "addr:country": "IT",
        "addr:housenumber": "131",
        "addr:postcode": "00184",
        "addr:street": "Via Urbana",
        "amenity": "restaurant",
        "contact:facebook": "https://www.facebook.com/tcburgerlab",
        "cuisine": "burger",
        "mobile": "+39 331 3106167",
        "name": "T&C burgerlab"
      },
      "geometry": {
        "type": "Point",
        "coordinates": [
          12.4944649,
          41.8967834
        ]
      },
      "id": "node/12981678569"
    },
    {
      "type": "Feature",
      "properties": {
        "@id": "node/12981678599",
        "addr:city": "Roma",
        "addr:country": "IT",
        "addr:housenumber": "104",
        "addr:postcode": "00184",
        "addr:street": "Via Urbana",
        "amenity": "restaurant",
        "name": "Broccoletti",
        "phone": "+39 06 90271389"
      },
      "geometry": {
        "type": "Point",
        "coordinates": [
          12.493899,
          41.8961257
        ]
      },
      "id": "node/12981678599"
    },
    {
      "type": "Feature",
      "properties": {
        "@id": "node/12981720000",
        "addr:city": "Roma",
        "addr:country": "IT",
        "addr:housenumber": "162",
        "addr:postcode": "00184",
        "addr:street": "Via Cavour",
        "amenity": "restaurant",
        "cuisine": "indian",
        "email": "saaz.roma@gmail.com",
        "mobile": "+39 327 4550109",
        "name": "Saaz",
        "website": "https://saazrestobar.com"
      },
      "geometry": {
        "type": "Point",
        "coordinates": [
          12.4951759,
          41.8964127
        ]
      },
      "id": "node/12981720000"
    },
    {
      "type": "Feature",
      "properties": {
        "@id": "node/12981728913",
        "addr:city": "Roma",
        "addr:country": "IT",
        "addr:housenumber": "153",
        "addr:postcode": "00184",
        "addr:street": "Via Cavour",
        "amenity": "restaurant",
        "name": "Pomodorum",
        "opening_hours": "Mo-Sa 10:00-21:00",
        "phone": "+39 06 8397 8285",
        "website": "https://pomodorum.com"
      },
      "geometry": {
        "type": "Point",
        "coordinates": [
          12.4947325,
          41.8963012
        ]
      },
      "id": "node/12981728913"
    },
    {
      "type": "Feature",
      "properties": {
        "@id": "node/12981847202",
        "amenity": "waste_basket"
      },
      "geometry": {
        "type": "Point",
        "coordinates": [
          12.4830296,
          41.8931338
        ]
      },
      "id": "node/12981847202"
    },
    {
      "type": "Feature",
      "properties": {
        "@id": "node/12981855101",
        "amenity": "waste_basket"
      },
      "geometry": {
        "type": "Point",
        "coordinates": [
          12.4831964,
          41.8933172
        ]
      },
      "id": "node/12981855101"
    },
    {
      "type": "Feature",
      "properties": {
        "@id": "node/12981857201",
        "amenity": "waste_basket"
      },
      "geometry": {
        "type": "Point",
        "coordinates": [
          12.4828449,
          41.8934954
        ]
      },
      "id": "node/12981857201"
    },
    {
      "type": "Feature",
      "properties": {
        "@id": "node/12981857202",
        "amenity": "waste_basket"
      },
      "geometry": {
        "type": "Point",
        "coordinates": [
          12.4826821,
          41.8932882
        ]
      },
      "id": "node/12981857202"
    },
    {
      "type": "Feature",
      "properties": {
        "@id": "node/12981997301",
        "amenity": "waste_basket"
      },
      "geometry": {
        "type": "Point",
        "coordinates": [
          12.4828221,
          41.8931726
        ]
      },
      "id": "node/12981997301"
    },
    {
      "type": "Feature",
      "properties": {
        "@id": "node/12981997401",
        "amenity": "waste_basket"
      },
      "geometry": {
        "type": "Point",
        "coordinates": [
          12.4830529,
          41.8934501
        ]
      },
      "id": "node/12981997401"
    },
    {
      "type": "Feature",
      "properties": {
        "@id": "node/12992258815",
        "amenity": "post_box",
        "operator": "Poste Italiane",
        "operator:wikidata": "Q495026"
      },
      "geometry": {
        "type": "Point",
        "coordinates": [
          12.4958404,
          41.8957683
        ]
      },
      "id": "node/12992258815"
    },
    {
      "type": "Feature",
      "properties": {
        "@id": "node/12992258840",
        "addr:city": "Roma",
        "addr:country": "IT",
        "addr:housenumber": "185",
        "addr:postcode": "00184",
        "addr:street": "Via Cavour",
        "contact:facebook": "https://www.facebook.com/MontiPalaceHotel/",
        "contact:instagram": "https://www.instagram.com/montipalacehotelroma/",
        "contact:twitter": "https://twitter.com/montipalace",
        "email": "info@montipalacehotel.com",
        "name": "Monti Palace",
        "phone": "+39 06 480231",
        "stars": "4",
        "tourism": "hotel",
        "website": "https://www.montipalacehotel.com/"
      },
      "geometry": {
        "type": "Point",
        "coordinates": [
          12.4938241,
          41.8954182
        ]
      },
      "id": "node/12992258840"
    },
    {
      "type": "Feature",
      "properties": {
        "@id": "node/12992258845",
        "amenity": "waste_basket"
      },
      "geometry": {
        "type": "Point",
        "coordinates": [
          12.4933032,
          41.8948856
        ]
      },
      "id": "node/12992258845"
    },
    {
      "type": "Feature",
      "properties": {
        "@id": "node/12996130243",
        "access": "no",
        "amenity": "toilets",
        "disabled": "designated",
        "fee": "no",
        "note": "opening hours the same as cloister",
        "wheelchair": "yes"
      },
      "geometry": {
        "type": "Point",
        "coordinates": [
          12.4979997,
          41.8893196
        ]
      },
      "id": "node/12996130243"
    },
    {
      "type": "Feature",
      "properties": {
        "@id": "node/12996180759",
        "name": "Labicana",
        "network": "ATAC",
        "network:wikidata": "Q530087",
        "network:wikipedia": "it:ATAC",
        "operator": "ATAC",
        "public_transport": "stop_position",
        "railway": "tram_stop",
        "tram": "yes"
      },
      "geometry": {
        "type": "Point",
        "coordinates": [
          12.4987556,
          41.8897396
        ]
      },
      "id": "node/12996180759"
    },
    {
      "type": "Feature",
      "properties": {
        "@id": "node/12996180760",
        "name": "Labicana",
        "network": "ATAC",
        "network:wikidata": "Q530087",
        "network:wikipedia": "it:ATAC",
        "operator": "ATAC",
        "public_transport": "stop_position",
        "railway": "tram_stop",
        "tram": "yes"
      },
      "geometry": {
        "type": "Point",
        "coordinates": [
          12.4980351,
          41.8898458
        ]
      },
      "id": "node/12996180760"
    },
    {
      "type": "Feature",
      "properties": {
        "@id": "node/12996180761",
        "name": "Aventino/Circo Massimo",
        "network": "ATAC",
        "network:wikidata": "Q530087",
        "network:wikipedia": "it:ATAC",
        "operator": "ATAC",
        "public_transport": "stop_position",
        "railway": "tram_stop",
        "tram": "yes"
      },
      "geometry": {
        "type": "Point",
        "coordinates": [
          12.4877332,
          41.8832742
        ]
      },
      "id": "node/12996180761"
    },
    {
      "type": "Feature",
      "properties": {
        "@id": "node/13017001128",
        "amenity": "post_box",
        "operator": "Poste Vaticane"
      },
      "geometry": {
        "type": "Point",
        "coordinates": [
          12.4984357,
          41.8971824
        ]
      },
      "id": "node/13017001128"
    },
    {
      "type": "Feature",
      "properties": {
        "@id": "node/13045340104",
        "amenity": "drinking_water",
        "fountain": "nasone",
        "wikimedia_commons": "File:Drinking fountain in Via dei Quattro Cantoni, Roma, Italia Aug 03, 2025 12-28-36 PM.jpeg"
      },
      "geometry": {
        "type": "Point",
        "coordinates": [
          12.4961563,
          41.8967454
        ]
      },
      "id": "node/13045340104"
    },
    {
      "type": "Feature",
      "properties": {
        "@id": "node/13075967729",
        "addr:city": "Roma",
        "addr:housenumber": "91b",
        "addr:postcode": "00186",
        "addr:street": "Via dei Foraggi",
        "name": "Bella Nonna",
        "tourism": "apartment",
        "website": "https://bella-nonna.it-romehotels.com"
      },
      "geometry": {
        "type": "Point",
        "coordinates": [
          12.4837704,
          41.8908246
        ]
      },
      "id": "node/13075967729"
    },
    {
      "type": "Feature",
      "properties": {
        "@id": "node/13094031501",
        "name": "Stadio Palatino",
        "tourism": "viewpoint"
      },
      "geometry": {
        "type": "Point",
        "coordinates": [
          12.4882615,
          41.8882176
        ]
      },
      "id": "node/13094031501"
    },
    {
      "type": "Feature",
      "properties": {
        "@id": "node/13094271701",
        "historic": "boundary_stone",
        "name": "gate here"
      },
      "geometry": {
        "type": "Point",
        "coordinates": [
          12.4843025,
          41.8918091
        ]
      },
      "id": "node/13094271701"
    },
    {
      "type": "Feature",
      "properties": {
        "@id": "node/13108926501",
        "addr:housenumber": "2",
        "addr:postcode": "00184",
        "addr:street": "Via dei Serpenti",
        "amenity": "place_of_worship",
        "name": "Cappella di San Benedetto Giuseppe Labre"
      },
      "geometry": {
        "type": "Point",
        "coordinates": [
          12.4905448,
          41.8950084
        ]
      },
      "id": "node/13108926501"
    },
    {
      "type": "Feature",
      "properties": {
        "@id": "node/13112284735",
        "board_type": "history",
        "information": "board",
        "language:en": "yes",
        "language:it": "yes",
        "name": "Basilica di San Clemente",
        "subject:wikidata": "Q385910",
        "subject:wikipedia": "it:Basilica di San Clemente al Laterano",
        "support": "pole",
        "tourism": "information"
      },
      "geometry": {
        "type": "Point",
        "coordinates": [
          12.4975379,
          41.8891952
        ]
      },
      "id": "node/13112284735"
    },
    {
      "type": "Feature",
      "properties": {
        "@id": "node/13112284736",
        "board_type": "history",
        "information": "board",
        "language:en": "yes",
        "language:it": "yes",
        "name": "San Clemente",
        "subject:wikidata": "Q385910",
        "subject:wikipedia": "it:Basilica di San Clemente al Laterano",
        "support": "pole",
        "tourism": "information"
      },
      "geometry": {
        "type": "Point",
        "coordinates": [
          12.4974705,
          41.8892092
        ]
      },
      "id": "node/13112284736"
    },
    {
      "type": "Feature",
      "properties": {
        "@id": "node/13119024816",
        "natural": "tree"
      },
      "geometry": {
        "type": "Point",
        "coordinates": [
          12.4954436,
          41.8907968
        ]
      },
      "id": "node/13119024816"
    },
    {
      "type": "Feature",
      "properties": {
        "@id": "node/13119024817",
        "natural": "tree"
      },
      "geometry": {
        "type": "Point",
        "coordinates": [
          12.4955814,
          41.8908012
        ]
      },
      "id": "node/13119024817"
    },
    {
      "type": "Feature",
      "properties": {
        "@id": "node/13119024818",
        "natural": "tree"
      },
      "geometry": {
        "type": "Point",
        "coordinates": [
          12.4956812,
          41.890751
        ]
      },
      "id": "node/13119024818"
    },
    {
      "type": "Feature",
      "properties": {
        "@id": "node/13119024819",
        "natural": "tree"
      },
      "geometry": {
        "type": "Point",
        "coordinates": [
          12.4957292,
          41.8907913
        ]
      },
      "id": "node/13119024819"
    },
    {
      "type": "Feature",
      "properties": {
        "@id": "node/13119024820",
        "natural": "tree"
      },
      "geometry": {
        "type": "Point",
        "coordinates": [
          12.4958487,
          41.8907519
        ]
      },
      "id": "node/13119024820"
    },
    {
      "type": "Feature",
      "properties": {
        "@id": "node/13119024821",
        "natural": "tree"
      },
      "geometry": {
        "type": "Point",
        "coordinates": [
          12.4960164,
          41.8908043
        ]
      },
      "id": "node/13119024821"
    },
    {
      "type": "Feature",
      "properties": {
        "@id": "node/13119024822",
        "natural": "tree"
      },
      "geometry": {
        "type": "Point",
        "coordinates": [
          12.4960746,
          41.8907758
        ]
      },
      "id": "node/13119024822"
    },
    {
      "type": "Feature",
      "properties": {
        "@id": "node/13119024823",
        "amenity": "bench",
        "armrest": "no",
        "backrest": "no",
        "material": "stone"
      },
      "geometry": {
        "type": "Point",
        "coordinates": [
          12.4956542,
          41.8908241
        ]
      },
      "id": "node/13119024823"
    },
    {
      "type": "Feature",
      "properties": {
        "@id": "node/13119024824",
        "amenity": "bench",
        "armrest": "no",
        "backrest": "no",
        "material": "stone"
      },
      "geometry": {
        "type": "Point",
        "coordinates": [
          12.4958363,
          41.8908309
        ]
      },
      "id": "node/13119024824"
    },
    {
      "type": "Feature",
      "properties": {
        "@id": "node/13119024825",
        "amenity": "bench",
        "armrest": "no",
        "backrest": "no",
        "material": "stone"
      },
      "geometry": {
        "type": "Point",
        "coordinates": [
          12.4962788,
          41.8908561
        ]
      },
      "id": "node/13119024825"
    },
    {
      "type": "Feature",
      "properties": {
        "@id": "node/13119024826",
        "amenity": "bench",
        "armrest": "no",
        "backrest": "no",
        "material": "stone"
      },
      "geometry": {
        "type": "Point",
        "coordinates": [
          12.4965004,
          41.8908715
        ]
      },
      "id": "node/13119024826"
    },
    {
      "type": "Feature",
      "properties": {
        "@id": "node/13119024827",
        "natural": "tree"
      },
      "geometry": {
        "type": "Point",
        "coordinates": [
          12.496425,
          41.8907944
        ]
      },
      "id": "node/13119024827"
    },
    {
      "type": "Feature",
      "properties": {
        "@id": "node/13119024828",
        "natural": "tree"
      },
      "geometry": {
        "type": "Point",
        "coordinates": [
          12.4965755,
          41.8908033
        ]
      },
      "id": "node/13119024828"
    },
    {
      "type": "Feature",
      "properties": {
        "@id": "node/13119024829",
        "artist:wikidata": "Q16268343",
        "artist_name": "Ercole Drei",
        "artwork_type": "statue",
        "material": "metal",
        "start_date": "1935-00-00",
        "subject:wikidata": "Q547749",
        "tourism": "artwork"
      },
      "geometry": {
        "type": "Point",
        "coordinates": [
          12.4966138,
          41.8908587
        ]
      },
      "id": "node/13119024829"
    },
    {
      "type": "Feature",
      "properties": {
        "@id": "node/13119024830",
        "amenity": "bench",
        "armrest": "no",
        "backrest": "no",
        "material": "stone"
      },
      "geometry": {
        "type": "Point",
        "coordinates": [
          12.496716,
          41.8908803
        ]
      },
      "id": "node/13119024830"
    },
    {
      "type": "Feature",
      "properties": {
        "@id": "node/13119024831",
        "amenity": "bench",
        "armrest": "no",
        "backrest": "no",
        "material": "stone"
      },
      "geometry": {
        "type": "Point",
        "coordinates": [
          12.4969373,
          41.8908936
        ]
      },
      "id": "node/13119024831"
    },
    {
      "type": "Feature",
      "properties": {
        "@id": "node/13119024832",
        "amenity": "bench",
        "armrest": "no",
        "backrest": "no",
        "material": "stone"
      },
      "geometry": {
        "type": "Point",
        "coordinates": [
          12.4971604,
          41.8909064
        ]
      },
      "id": "node/13119024832"
    },
    {
      "type": "Feature",
      "properties": {
        "@id": "node/13119024833",
        "natural": "tree"
      },
      "geometry": {
        "type": "Point",
        "coordinates": [
          12.4967707,
          41.8908105
        ]
      },
      "id": "node/13119024833"
    },
    {
      "type": "Feature",
      "properties": {
        "@id": "node/13119024834",
        "natural": "tree"
      },
      "geometry": {
        "type": "Point",
        "coordinates": [
          12.4967975,
          41.8908259
        ]
      },
      "id": "node/13119024834"
    },
    {
      "type": "Feature",
      "properties": {
        "@id": "node/13119024835",
        "natural": "tree"
      },
      "geometry": {
        "type": "Point",
        "coordinates": [
          12.496831,
          41.8908159
        ]
      },
      "id": "node/13119024835"
    },
    {
      "type": "Feature",
      "properties": {
        "@id": "node/13119024836",
        "natural": "tree"
      },
      "geometry": {
        "type": "Point",
        "coordinates": [
          12.4970302,
          41.8908492
        ]
      },
      "id": "node/13119024836"
    },
    {
      "type": "Feature",
      "properties": {
        "@id": "node/13119024837",
        "natural": "tree"
      },
      "geometry": {
        "type": "Point",
        "coordinates": [
          12.4971081,
          41.8908376
        ]
      },
      "id": "node/13119024837"
    },
    {
      "type": "Feature",
      "properties": {
        "@id": "node/13119024838",
        "natural": "tree"
      },
      "geometry": {
        "type": "Point",
        "coordinates": [
          12.4971193,
          41.8908647
        ]
      },
      "id": "node/13119024838"
    },
    {
      "type": "Feature",
      "properties": {
        "@id": "node/13119024839",
        "natural": "tree"
      },
      "geometry": {
        "type": "Point",
        "coordinates": [
          12.4972335,
          41.8908782
        ]
      },
      "id": "node/13119024839"
    },
    {
      "type": "Feature",
      "properties": {
        "@id": "node/13119024840",
        "natural": "tree"
      },
      "geometry": {
        "type": "Point",
        "coordinates": [
          12.4971995,
          41.8908414
        ]
      },
      "id": "node/13119024840"
    },
    {
      "type": "Feature",
      "properties": {
        "@id": "node/13119048948",
        "archaeological_site": "roman_villa",
        "historic": "archaeological_site",
        "historic:civilization": "ancient_roman",
        "historic:period": "principate",
        "name": "Domus Aurea",
        "name:ru": "Золотой дом Нерона",
        "source": "Bing, Local knowledge",
        "start_date": "0064",
        "website": "https://colosseo.it/area/domus-aurea/",
        "wikidata": "Q622438",
        "wikimedia_commons": "Category:Domus Aurea",
        "wikipedia": "it:Domus Aurea"
      },
      "geometry": {
        "type": "Point",
        "coordinates": [
          12.4951112,
          41.8912624
        ]
      },
      "id": "node/13119048948"
    },
    {
      "type": "Feature",
      "properties": {
        "@id": "node/13119048968",
        "amenity": "bench",
        "armrest": "no",
        "backrest": "yes"
      },
      "geometry": {
        "type": "Point",
        "coordinates": [
          12.4954044,
          41.8907291
        ]
      },
      "id": "node/13119048968"
    },
    {
      "type": "Feature",
      "properties": {
        "@id": "node/13119048969",
        "amenity": "bench",
        "armrest": "no",
        "backrest": "yes"
      },
      "geometry": {
        "type": "Point",
        "coordinates": [
          12.4951111,
          41.8911459
        ]
      },
      "id": "node/13119048969"
    },
    {
      "type": "Feature",
      "properties": {
        "@id": "node/13119048970",
        "amenity": "bench",
        "armrest": "no",
        "backrest": "yes"
      },
      "geometry": {
        "type": "Point",
        "coordinates": [
          12.4950328,
          41.8911489
        ]
      },
      "id": "node/13119048970"
    },
    {
      "type": "Feature",
      "properties": {
        "@id": "node/13119048971",
        "amenity": "bench",
        "armrest": "no",
        "backrest": "yes"
      },
      "geometry": {
        "type": "Point",
        "coordinates": [
          12.4951085,
          41.8911085
        ]
      },
      "id": "node/13119048971"
    },
    {
      "type": "Feature",
      "properties": {
        "@id": "node/13119048972",
        "amenity": "bench",
        "armrest": "no",
        "backrest": "yes"
      },
      "geometry": {
        "type": "Point",
        "coordinates": [
          12.4950302,
          41.8911115
        ]
      },
      "id": "node/13119048972"
    },
    {
      "type": "Feature",
      "properties": {
        "@id": "node/13119048973",
        "board_type": "rules",
        "information": "board",
        "language:it": "yes",
        "name": "Colonia felina del Parco archeologico del Colosseo",
        "tourism": "information"
      },
      "geometry": {
        "type": "Point",
        "coordinates": [
          12.4953341,
          41.8910794
        ]
      },
      "id": "node/13119048973"
    },
    {
      "type": "Feature",
      "properties": {
        "@id": "node/13119048974",
        "board_type": "wildlife",
        "information": "board",
        "language:it": "yes",
        "name": "Alla scoperta della fauna cittadina",
        "operator": "Fondazione Bioparco di Roma",
        "support": "pole",
        "tourism": "information"
      },
      "geometry": {
        "type": "Point",
        "coordinates": [
          12.4951786,
          41.8907148
        ]
      },
      "id": "node/13119048974"
    },
    {
      "type": "Feature",
      "properties": {
        "@id": "node/13121237512",
        "name": "Celio",
        "name:de": "Caelius",
        "name:en": "Caelian Hill",
        "name:la": "Caelius",
        "natural": "peak",
        "peak": "hill",
        "wikidata": "Q216104",
        "wikimedia_commons": "Category:Caelian Hill",
        "wikipedia": "it:Celio"
      },
      "geometry": {
        "type": "Point",
        "coordinates": [
          12.4958204,
          41.8851003
        ]
      },
      "id": "node/13121237512"
    },
    {
      "type": "Feature",
      "properties": {
        "@id": "node/13136171368",
        "amenity": "device_charging_station",
        "capacity": "4",
        "socket:device:USB-A": "yes"
      },
      "geometry": {
        "type": "Point",
        "coordinates": [
          12.4911781,
          41.8913449
        ]
      },
      "id": "node/13136171368"
    },
    {
      "type": "Feature",
      "properties": {
        "@id": "node/13147622041",
        "construction:railway": "stop",
        "name": "Venezia",
        "network": "Metro C",
        "operator": "ATAC",
        "public_transport": "stop_position",
        "railway": "construction",
        "subway": "yes"
      },
      "geometry": {
        "type": "Point",
        "coordinates": [
          12.482722,
          41.8959971
        ]
      },
      "id": "node/13147622041"
    },
    {
      "type": "Feature",
      "properties": {
        "@id": "node/13147622042",
        "construction:railway": "stop",
        "name": "Venezia",
        "network": "Metro C",
        "operator": "ATAC",
        "public_transport": "stop_position",
        "railway": "construction",
        "subway": "yes"
      },
      "geometry": {
        "type": "Point",
        "coordinates": [
          12.4826131,
          41.8958417
        ]
      },
      "id": "node/13147622042"
    },
    {
      "type": "Feature",
      "properties": {
        "@id": "node/13161822367",
        "amenity": "bench",
        "backrest": "yes"
      },
      "geometry": {
        "type": "Point",
        "coordinates": [
          12.4861568,
          41.8898035
        ]
      },
      "id": "node/13161822367"
    },
    {
      "type": "Feature",
      "properties": {
        "@id": "node/13161836547",
        "amenity": "waste_basket"
      },
      "geometry": {
        "type": "Point",
        "coordinates": [
          12.4901813,
          41.890212
        ]
      },
      "id": "node/13161836547"
    },
    {
      "type": "Feature",
      "properties": {
        "@id": "node/13161849591",
        "amenity": "bench",
        "backrest": "yes"
      },
      "geometry": {
        "type": "Point",
        "coordinates": [
          12.4862867,
          41.8897269
        ]
      },
      "id": "node/13161849591"
    },
    {
      "type": "Feature",
      "properties": {
        "@id": "node/13167412727",
        "amenity": "atm"
      },
      "geometry": {
        "type": "Point",
        "coordinates": [
          12.4897597,
          41.8935035
        ]
      },
      "id": "node/13167412727"
    },
    {
      "type": "Feature",
      "properties": {
        "@id": "node/13227546767",
        "natural": "tree",
        "species": "Ceiba speciosa",
        "species:wikidata": "Q1031120",
        "species:wikipedia": "en:Ceiba speciosa"
      },
      "geometry": {
        "type": "Point",
        "coordinates": [
          12.4947961,
          41.8828254
        ]
      },
      "id": "node/13227546767"
    },
    {
      "type": "Feature",
      "properties": {
        "@id": "node/13227546787",
        "natural": "tree",
        "species:wikidata": "Q61105",
        "species:wikipedia": "en:Cedrus libani"
      },
      "geometry": {
        "type": "Point",
        "coordinates": [
          12.4929965,
          41.8840582
        ]
      },
      "id": "node/13227546787"
    },
    {
      "type": "Feature",
      "properties": {
        "@id": "node/13227546788",
        "amenity": "fountain",
        "drinking_water": "unknown"
      },
      "geometry": {
        "type": "Point",
        "coordinates": [
          12.4941477,
          41.8839888
        ]
      },
      "id": "node/13227546788"
    },
    {
      "type": "Feature",
      "properties": {
        "@id": "node/13227546789",
        "amenity": "fountain"
      },
      "geometry": {
        "type": "Point",
        "coordinates": [
          12.4939052,
          41.8839688
        ]
      },
      "id": "node/13227546789"
    },
    {
      "type": "Feature",
      "properties": {
        "@id": "node/13227603204",
        "amenity": "fountain"
      },
      "geometry": {
        "type": "Point",
        "coordinates": [
          12.4944745,
          41.8830478
        ]
      },
      "id": "node/13227603204"
    },
    {
      "type": "Feature",
      "properties": {
        "@id": "node/13240961337",
        "amenity": "place_of_worship",
        "denomination": "roman_catholic",
        "name": "Cappella di San Silvestro",
        "religion": "christian",
        "start_date": "1246",
        "wikidata": "Q3884768",
        "wikipedia": "it:Oratorio di San Silvestro (Roma)"
      },
      "geometry": {
        "type": "Point",
        "coordinates": [
          12.4985959,
          41.888295
        ]
      },
      "id": "node/13240961337"
    },
    {
      "type": "Feature",
      "properties": {
        "@id": "node/13256187380",
        "fee": "no",
        "name": "Presepio monumemtale napoletano del '700",
        "tourism": "museum"
      },
      "geometry": {
        "type": "Point",
        "coordinates": [
          12.4873775,
          41.8922983
        ]
      },
      "id": "node/13256187380"
    },
    {
      "type": "Feature",
      "properties": {
        "@id": "node/13256187384",
        "amenity": "toilets"
      },
      "geometry": {
        "type": "Point",
        "coordinates": [
          12.4885745,
          41.8928517
        ]
      },
      "id": "node/13256187384"
    },
    {
      "type": "Feature",
      "properties": {
        "@id": "node/13261450880",
        "amenity": "luggage_locker",
        "brand": "Happy Luggage",
        "contact:website": "https://happyluggagestorage.com/",
        "fee": "yes",
        "wheelchair": "limited"
      },
      "geometry": {
        "type": "Point",
        "coordinates": [
          12.492099,
          41.8951793
        ]
      },
      "id": "node/13261450880"
    },
    {
      "type": "Feature",
      "properties": {
        "@id": "node/13261450881",
        "access": "yes",
        "amenity": "toilets",
        "fee": "no"
      },
      "geometry": {
        "type": "Point",
        "coordinates": [
          12.4890619,
          41.8948123
        ]
      },
      "id": "node/13261450881"
    },
    {
      "type": "Feature",
      "properties": {
        "@id": "node/13261450882",
        "amenity": "fast_food"
      },
      "geometry": {
        "type": "Point",
        "coordinates": [
          12.4890893,
          41.8946467
        ]
      },
      "id": "node/13261450882"
    },
    {
      "type": "Feature",
      "properties": {
        "@id": "node/13261450884",
        "amenity": "luggage_locker",
        "brand": "Baglocker",
        "contact:website": "https://baglocker.com/",
        "fee": "yes",
        "self_service": "yes",
        "wheelchair": "limited"
      },
      "geometry": {
        "type": "Point",
        "coordinates": [
          12.4916457,
          41.8950796
        ]
      },
      "id": "node/13261450884"
    },
    {
      "type": "Feature",
      "properties": {
        "@id": "node/13261453679",
        "amenity": "restaurant",
        "name": "Da Robertino"
      },
      "geometry": {
        "type": "Point",
        "coordinates": [
          12.4912553,
          41.8964287
        ]
      },
      "id": "node/13261453679"
    },
    {
      "type": "Feature",
      "properties": {
        "@id": "node/13261731541",
        "bicycle:conditional": "yes @ Mo-Th 20:00-23:30; Fr 20:00-24:00; Sa 00:00-01:30, 05:30-24:00; Su 00:00-01:30, 05:30-23:30; PH 05:30-24:00",
        "entrance": "yes",
        "name": "Colosseo",
        "network": "Metropolitana di Roma",
        "note": "folding bikes always allowed, electric bikes with lead batteries not allowed",
        "railway": "subway_entrance",
        "wheelchair": "yes"
      },
      "geometry": {
        "type": "Point",
        "coordinates": [
          12.4915439,
          41.8913606
        ]
      },
      "id": "node/13261731541"
    },
    {
      "type": "Feature",
      "properties": {
        "@id": "node/13291265211",
        "amenity": "monastery",
        "community": "OFM",
        "community:gender": "male",
        "denomination": "roman_catholic",
        "name": "Convento francescano \"Santa Maria in Aracoeli\"",
        "religion": "christian"
      },
      "geometry": {
        "type": "Point",
        "coordinates": [
          12.4837364,
          41.8938417
        ]
      },
      "id": "node/13291265211"
    },
    {
      "type": "Feature",
      "properties": {
        "@id": "node/13324778271",
        "amenity": "police",
        "name": "Carabinieri Stazione Piazza Venezia",
        "operator": "Arma dei Carabinieri",
        "operator:short": "Carabinieri",
        "operator:wikidata": "Q54852"
      },
      "geometry": {
        "type": "Point",
        "coordinates": [
          12.4823656,
          41.8968748
        ]
      },
      "id": "node/13324778271"
    },
    {
      "type": "Feature",
      "properties": {
        "@id": "node/13324778273",
        "man_made": "tower"
      },
      "geometry": {
        "type": "Point",
        "coordinates": [
          12.4829909,
          41.8962195
        ]
      },
      "id": "node/13324778273"
    },
    {
      "type": "Feature",
      "properties": {
        "@id": "node/13324778274",
        "man_made": "tower"
      },
      "geometry": {
        "type": "Point",
        "coordinates": [
          12.4818509,
          41.8959639
        ]
      },
      "id": "node/13324778274"
    },
    {
      "type": "Feature",
      "properties": {
        "@id": "node/13333846301",
        "amenity": "restaurant",
        "cuisine": "italian_pizza"
      },
      "geometry": {
        "type": "Point",
        "coordinates": [
          12.4892962,
          41.8929299
        ]
      },
      "id": "node/13333846301"
    },
    {
      "type": "Feature",
      "properties": {
        "@id": "node/13335533037",
        "addr:city": "Roma",
        "addr:housenumber": "4",
        "addr:postcode": "00186",
        "addr:street": "Piazza di Santa Francesca Romana",
        "amenity": "monastery",
        "community": "OSB",
        "community:gender": "male",
        "contact:email": "monastero@abbaziasantamarianova.it",
        "contact:facebook": "SantaFrancescaRomanaRoma",
        "contact:phone": "+39 06 6795528",
        "denomination": "roman_catholic",
        "name": "Comunità Santa Maria Nova della Congregazione benedettina Olivetana",
        "religion": "christian"
      },
      "geometry": {
        "type": "Point",
        "coordinates": [
          12.4890392,
          41.8910548
        ]
      },
      "id": "node/13335533037"
    },
    {
      "type": "Feature",
      "properties": {
        "@id": "node/13345686465",
        "addr:city": "Roma",
        "addr:housenumber": "16",
        "addr:postcode": "00186",
        "addr:street": "Via del Velabro",
        "amenity": "restaurant",
        "cuisine": "italian",
        "name": "Apicio16",
        "phone": "+39 06 97619197",
        "website": "https://apicio16.it/",
        "website:menu": "https://apicio16.it/menu#"
      },
      "geometry": {
        "type": "Point",
        "coordinates": [
          12.4822481,
          41.8895304
        ]
      },
      "id": "node/13345686465"
    },
    {
      "type": "Feature",
      "properties": {
        "@id": "node/13372448605",
        "addr:housenumber": "113",
        "addr:street": "Via dei Serpenti",
        "amenity": "restaurant",
        "name": "Dar Bruttone Rione Monti"
      },
      "geometry": {
        "type": "Point",
        "coordinates": [
          12.4901578,
          41.8965483
        ]
      },
      "id": "node/13372448605"
    },
    {
      "type": "Feature",
      "properties": {
        "@id": "node/13382854673",
        "bicycle:conditional": "yes @ Mo-Th 20:00-23:30; Fr 20:00-24:00; Sa 00:00-01:30, 05:30-24:00; Su 00:00-01:30, 05:30-23:30; PH 05:30-24:00",
        "check_date": "2025-12-17",
        "level": "0",
        "network": "Metropolitana di Roma",
        "note": "folding bikes always allowed, electric bikes with lead batteries not allowed",
        "outdoor_seating": "no",
        "railway": "subway_entrance",
        "wheelchair": "no"
      },
      "geometry": {
        "type": "Point",
        "coordinates": [
          12.489605,
          41.8916173
        ]
      },
      "id": "node/13382854673"
    },
    {
      "type": "Feature",
      "properties": {
        "@id": "node/13385664030",
        "bicycle:conditional": "yes @ Mo-Th 20:00-23:30; Fr 20:00-24:00; Sa 00:00-01:30, 05:30-24:00; Su 00:00-01:30, 05:30-23:30; PH 05:30-24:00",
        "check_date": "2025-12-17",
        "level": "0",
        "network": "Metropolitana di Roma",
        "note": "folding bikes always allowed, electric bikes with lead batteries not allowed",
        "outdoor_seating": "no",
        "railway": "subway_entrance",
        "wheelchair": "no"
      },
      "geometry": {
        "type": "Point",
        "coordinates": [
          12.489948,
          41.8918898
        ]
      },
      "id": "node/13385664030"
    },
    {
      "type": "Feature",
      "properties": {
        "@id": "node/13385664065",
        "check_date": "2025-12-18",
        "information": "office",
        "name": "Centro Informazioni del Clivo di Acilio",
        "tourism": "information"
      },
      "geometry": {
        "type": "Point",
        "coordinates": [
          12.4901026,
          41.8918692
        ]
      },
      "id": "node/13385664065"
    },
    {
      "type": "Feature",
      "properties": {
        "@id": "node/13386979269",
        "addr:city": "Roma",
        "addr:postcode": "00153",
        "addr:street": "Piazza di Porta Capena",
        "information": "office",
        "name": "Sistema Musei Civici",
        "opening_hours": "Mar Sun[-1]-Oct Sun[-1]:09:30-19:00; Oct Sun[-1]-Mar Sun[-1]:09:30-16:00",
        "operator": "Sovrintendenza Capitolina ai Beni Culturali",
        "payment:bancomat": "yes",
        "payment:credit_cards": "yes",
        "source": "https://www.artribune.com/arti-visive/archeologia-arte-antica/2025/12/roma-casina-vignola-boccapaduli-infopoint-culturale/",
        "start_date": "2025-12-18",
        "tourism": "information",
        "website": "https://www.sovraintendenzaroma.it/content/casina-vignola-boccapaduli-0"
      },
      "geometry": {
        "type": "Point",
        "coordinates": [
          12.4897076,
          41.8849561
        ]
      },
      "id": "node/13386979269"
    },
    {
      "type": "Feature",
      "properties": {
        "@id": "node/13401519294",
        "addr:city": "Roma",
        "addr:country": "IT",
        "addr:housenumber": "252",
        "addr:postcode": "00184",
        "addr:street": "Via Cavour",
        "amenity": "cafe",
        "name": "Imperial bistrot"
      },
      "geometry": {
        "type": "Point",
        "coordinates": [
          12.4928537,
          41.894442
        ]
      },
      "id": "node/13401519294"
    },
    {
      "type": "Feature",
      "properties": {
        "@id": "node/13401558114",
        "addr:city": "Roma",
        "addr:country": "IT",
        "addr:housenumber": "235",
        "addr:postcode": "00184",
        "addr:street": "Via Cavour",
        "contact:facebook": "https://www.facebook.com/hotelcentrocavour",
        "email": "info@camereromacentro.it",
        "name": "Hotel Centro Cavour",
        "phone": "+39 06 90209081",
        "stars": "3",
        "tourism": "hotel",
        "website": "http://www.camereromacentro.it/"
      },
      "geometry": {
        "type": "Point",
        "coordinates": [
          12.4915566,
          41.8943443
        ]
      },
      "id": "node/13401558114"
    },
    {
      "type": "Feature",
      "properties": {
        "@id": "node/13431482108",
        "name": "Roma Giubileo 2025",
        "tourism": "information"
      },
      "geometry": {
        "type": "Point",
        "coordinates": [
          12.4821161,
          41.8955817
        ]
      },
      "id": "node/13431482108"
    },
    {
      "type": "Feature",
      "properties": {
        "@id": "node/13431482303",
        "name": "Palazzo Bonaparte",
        "tourism": "information"
      },
      "geometry": {
        "type": "Point",
        "coordinates": [
          12.4820372,
          41.89672
        ]
      },
      "id": "node/13431482303"
    },
    {
      "type": "Feature",
      "properties": {
        "@id": "node/13435802058",
        "name": "Venezia",
        "proposed:railway": "tram_stop",
        "railway": "proposed",
        "tram": "yes"
      },
      "geometry": {
        "type": "Point",
        "coordinates": [
          12.482812,
          41.8967801
        ]
      },
      "id": "node/13435802058"
    },
    {
      "type": "Feature",
      "properties": {
        "@id": "node/13435802059",
        "name": "Venezia",
        "proposed:railway": "tram_stop",
        "railway": "proposed",
        "tram": "yes"
      },
      "geometry": {
        "type": "Point",
        "coordinates": [
          12.4828038,
          41.8968219
        ]
      },
      "id": "node/13435802059"
    },
    {
      "type": "Feature",
      "properties": {
        "@id": "node/13435802060",
        "name": "Nazionale / XXIV Maggio",
        "proposed:railway": "tram_stop",
        "railway": "proposed",
        "tram": "yes"
      },
      "geometry": {
        "type": "Point",
        "coordinates": [
          12.4872334,
          41.8967802
        ]
      },
      "id": "node/13435802060"
    },
    {
      "type": "Feature",
      "properties": {
        "@id": "node/13435802061",
        "name": "Nazionale / XXIV Maggio",
        "proposed:railway": "tram_stop",
        "railway": "proposed",
        "tram": "yes"
      },
      "geometry": {
        "type": "Point",
        "coordinates": [
          12.4871991,
          41.8968088
        ]
      },
      "id": "node/13435802061"
    },
    {
      "type": "Feature",
      "properties": {
        "@id": "node/13460010340",
        "addr:city": "Roma",
        "addr:housenumber": "17",
        "addr:postcode": "00185",
        "addr:street": "Via Liberiana",
        "email": "info@domusliberius.com",
        "name": "Hotel Domus Liberius",
        "operator": "Rome Best Services Srl",
        "phone": "+39 333 703 0075",
        "ref:vatin": "IT12022221001",
        "tourism": "hotel",
        "website": "https://www.domusliberiusroma.com/"
      },
      "geometry": {
        "type": "Point",
        "coordinates": [
          12.4980233,
          41.8970513
        ]
      },
      "id": "node/13460010340"
    },
    {
      "type": "Feature",
      "properties": {
        "@id": "node/13505933601",
        "addr:housenumber": "110",
        "addr:postcode": "00184",
        "addr:street": "Via dei Serpenti",
        "amenity": "restaurant",
        "contact:facebook": "bzarhotelandco",
        "contact:instagram": "bzarhotels",
        "cuisine": "italian;local",
        "email": "info@bzarhotels.it",
        "name": "Osteria Olivia",
        "opening_hours": "Mo-Su 12:00-22:30",
        "phone": "+393425828879",
        "self_service": "no",
        "website": "https://bzarhotels.it/osteria-oliva/",
        "website:menu": "https://condominiomonti.com/osteriaoliva.html"
      },
      "geometry": {
        "type": "Point",
        "coordinates": [
          12.4902135,
          41.8964229
        ]
      },
      "id": "node/13505933601"
    },
    {
      "type": "Feature",
      "properties": {
        "@id": "node/13526023453",
        "amenity": "courthouse",
        "contact:website": "https://www.dgt.mef.gov.it/gt/la-corte-di-giustizia-tributaria?idpoi=PRM",
        "email": "corte.tributaria.rm@mef.gov.it",
        "fax": "+39 06 93835433",
        "name": "Corte di giustizia tributaria di Roma",
        "old_name": "Commissione tributaria provinciale di Roma",
        "phone": "+39 06 93835394"
      },
      "geometry": {
        "type": "Point",
        "coordinates": [
          12.4958065,
          41.8900954
        ]
      },
      "id": "node/13526023453"
    },
    {
      "type": "Feature",
      "properties": {
        "@id": "node/13526023454",
        "amenity": "courthouse",
        "contact:website": "https://www.dgt.mef.gov.it/gt/la-corte-di-giustizia-tributaria?idpoi=RRM",
        "email": "corte.tributaria.lazio@mef.gov.it",
        "fax": "+39 06 93835123",
        "name": "Corte di giustizia tributaria del Lazio",
        "old_name": "Commissione tributaria regionale del Lazio",
        "phone": "+39 06 93830631"
      },
      "geometry": {
        "type": "Point",
        "coordinates": [
          12.4958492,
          41.8900942
        ]
      },
      "id": "node/13526023454"
    },
    {
      "type": "Feature",
      "properties": {
        "@id": "node/13569210144",
        "addr:city": "Roma",
        "addr:housenumber": "9",
        "addr:postcode": "00184",
        "addr:street": "Via dei Serpenti",
        "amenity": "fast_food",
        "cuisine": "pasta",
        "diet:gluten_free": "yes",
        "drive_through": "no",
        "name": "Pasta in Corso Monti-Colosseo",
        "opening_hours": "Mo-Fr 07:00-22:30; Sa-Su 08:00-22:30",
        "outdoor_seating": "yes",
        "phone": "+39 0655200036",
        "takeaway": "yes",
        "website": "https://www.pastaincorso.it/",
        "website:menu": "https://www.pastaincorso.it/menu.html"
      },
      "geometry": {
        "type": "Point",
        "coordinates": [
          12.4904722,
          41.8953622
        ]
      },
      "id": "node/13569210144"
    },
    {
      "type": "Feature",
      "properties": {
        "@id": "node/13583299301",
        "amenity": "bar",
        "name": "Charity cafe - jazz club"
      },
      "geometry": {
        "type": "Point",
        "coordinates": [
          12.4914821,
          41.8966163
        ]
      },
      "id": "node/13583299301"
    },
    {
      "type": "Feature",
      "properties": {
        "@id": "node/13586942402",
        "addr:housenumber": "24",
        "addr:street": "Via Carlo Alberto",
        "name": "Ehi B&B",
        "tourism": "hotel"
      },
      "geometry": {
        "type": "Point",
        "coordinates": [
          12.5022233,
          41.8958996
        ]
      },
      "id": "node/13586942402"
    },
    {
      "type": "Feature",
      "properties": {
        "@id": "node/13707370147",
        "access": "yes",
        "archaeological_site": "nymphaeum",
        "description": "Originariamente l’ambiente era caratterizzato da una vasca semicircolare e da una parete ornata da nicchie e lesene riccamente decorate da un mosaico realizzato con conchiglie, tessere di pasta vitrea, frammenti di madreperla e smalto, pietre pomici e bre",
        "historic": "archaeological_site",
        "historic:civilization": "ancient_roman",
        "historic:period": "principate",
        "name": "Ninfeo degli Annibaldi",
        "opening_hours": "\"by appointment only\"",
        "source": "https://www.comune.roma.it/web/it/notizia/ninfeo-annibaldi-ambiente-nascosto-passi-colosseo.page"
      },
      "geometry": {
        "type": "Point",
        "coordinates": [
          12.4920286,
          41.8917191
        ]
      },
      "id": "node/13707370147"
    },
    {
      "type": "Feature",
      "properties": {
        "@id": "node/13708984102",
        "addr:housenumber": "19-23",
        "addr:postcode": "00186",
        "addr:street": "Via dei Cerchi",
        "amenity": "arts_centre",
        "check_date": "2026-04-05",
        "level": "0",
        "name": "Rhinoceros",
        "phone": "+393601034177",
        "website": "https://www.rhinocerosroma.com/"
      },
      "geometry": {
        "type": "Point",
        "coordinates": [
          12.4825363,
          41.889063
        ]
      },
      "id": "node/13708984102"
    },
    {
      "type": "Feature",
      "properties": {
        "@id": "node/13719510768",
        "amenity": "vending_machine",
        "vending": "parking_tickets"
      },
      "geometry": {
        "type": "Point",
        "coordinates": [
          12.4838594,
          41.8861366
        ]
      },
      "id": "node/13719510768"
    },
    {
      "type": "Feature",
      "properties": {
        "@id": "node/13719517874",
        "amenity": "waste_basket"
      },
      "geometry": {
        "type": "Point",
        "coordinates": [
          12.4860637,
          41.8847864
        ]
      },
      "id": "node/13719517874"
    },
    {
      "type": "Feature",
      "properties": {
        "@id": "node/13719533482",
        "amenity": "vending_machine",
        "vending": "parking_tickets"
      },
      "geometry": {
        "type": "Point",
        "coordinates": [
          12.4863046,
          41.884646
        ]
      },
      "id": "node/13719533482"
    },
    {
      "type": "Feature",
      "properties": {
        "@id": "node/13719535630",
        "amenity": "vending_machine",
        "vending": "parking_tickets"
      },
      "geometry": {
        "type": "Point",
        "coordinates": [
          12.4856595,
          41.8850458
        ]
      },
      "id": "node/13719535630"
    },
    {
      "type": "Feature",
      "properties": {
        "@id": "node/13783244172",
        "addr:city": "Roma",
        "addr:housenumber": "87",
        "addr:postcode": "00184",
        "addr:street": "Via Panisperna",
        "amenity": "bar",
        "mobile": "+39 392 4848772",
        "name": "Club Cabaret Voltaire Roma",
        "opening_hours": "Tu-Su 18:00-01:00",
        "website": "https://www.galleriacabaretvoltaire.it/"
      },
      "geometry": {
        "type": "Point",
        "coordinates": [
          12.4922904,
          41.89676
        ]
      },
      "id": "node/13783244172"
    },
    {
      "type": "Feature",
      "properties": {
        "@id": "node/13783244173",
        "amenity": "restaurant",
        "name": "Casa Monti Ristorante",
        "website": "https://www.casamontiroma.com/"
      },
      "geometry": {
        "type": "Point",
        "coordinates": [
          12.4923795,
          41.8966312
        ]
      },
      "id": "node/13783244173"
    },
    {
      "type": "Feature",
      "properties": {
        "@id": "node/13783244191",
        "addr:housenumber": "78/a",
        "addr:street": "Via del Boschetto",
        "amenity": "luggage_locker",
        "covered": "yes",
        "fee": "yes",
        "indoor": "yes",
        "name": "Vasco Luggage Storage",
        "opening_hours": "Mo-Su 09:00-19:00"
      },
      "geometry": {
        "type": "Point",
        "coordinates": [
          12.4907268,
          41.8965193
        ]
      },
      "id": "node/13783244191"
    },
    {
      "type": "Feature",
      "properties": {
        "@id": "node/13783244192",
        "amenity": "recycling",
        "recycling:glass_bottles": "yes",
        "recycling:organic": "yes",
        "recycling:paper": "yes",
        "recycling:plastic": "yes",
        "recycling:waste": "yes",
        "recycling_type": "container"
      },
      "geometry": {
        "type": "Point",
        "coordinates": [
          12.4908002,
          41.8944693
        ]
      },
      "id": "node/13783244192"
    },
    {
      "type": "Feature",
      "properties": {
        "@id": "node/13817257654",
        "tourism": "viewpoint"
      },
      "geometry": {
        "type": "Point",
        "coordinates": [
          12.4931779,
          41.8895884
        ]
      },
      "id": "node/13817257654"
    },
    {
      "type": "Feature",
      "properties": {
        "@id": "node/13830741810",
        "name": "Il Vittoriano, Monumento della Celebracione",
        "tourism": "information"
      },
      "geometry": {
        "type": "Point",
        "coordinates": [
          12.4843852,
          41.8950494
        ]
      },
      "id": "node/13830741810"
    },
    {
      "type": "Feature",
      "properties": {
        "@id": "node/13855682222",
        "natural": "tree"
      },
      "geometry": {
        "type": "Point",
        "coordinates": [
          12.4913408,
          41.8913154
        ]
      },
      "id": "node/13855682222"
    },
    {
      "type": "Feature",
      "properties": {
        "@id": "node/13855684831",
        "amenity": "waste_basket"
      },
      "geometry": {
        "type": "Point",
        "coordinates": [
          12.4905108,
          41.8914857
        ]
      },
      "id": "node/13855684831"
    },
    {
      "type": "Feature",
      "properties": {
        "@id": "node/13855715720",
        "amenity": "waste_basket"
      },
      "geometry": {
        "type": "Point",
        "coordinates": [
          12.4910103,
          41.8913312
        ]
      },
      "id": "node/13855715720"
    },
    {
      "type": "Feature",
      "properties": {
        "@id": "node/13855724361",
        "amenity": "waste_basket"
      },
      "geometry": {
        "type": "Point",
        "coordinates": [
          12.4914509,
          41.8913349
        ]
      },
      "id": "node/13855724361"
    },
    {
      "type": "Feature",
      "properties": {
        "@id": "node/13855738929",
        "amenity": "waste_basket"
      },
      "geometry": {
        "type": "Point",
        "coordinates": [
          12.490725,
          41.8914812
        ]
      },
      "id": "node/13855738929"
    },
    {
      "type": "Feature",
      "properties": {
        "@id": "node/13888753484",
        "amenity": "ice_cream",
        "name": "Terra"
      },
      "geometry": {
        "type": "Point",
        "coordinates": [
          12.4994687,
          41.8967203
        ]
      },
      "id": "node/13888753484"
    },
    {
      "type": "Feature",
      "properties": {
        "@id": "node/13888783248",
        "amenity": "waste_basket"
      },
      "geometry": {
        "type": "Point",
        "coordinates": [
          12.4968685,
          41.895102
        ]
      },
      "id": "node/13888783248"
    },
    {
      "type": "Feature",
      "properties": {
        "@id": "node/13888784260",
        "amenity": "vending_machine",
        "vending": "parking_tickets"
      },
      "geometry": {
        "type": "Point",
        "coordinates": [
          12.4956084,
          41.8951391
        ]
      },
      "id": "node/13888784260"
    },
    {
      "type": "Feature",
      "properties": {
        "@id": "node/13888833472",
        "amenity": "motorcycle_rental",
        "name": "Wheel Tour"
      },
      "geometry": {
        "type": "Point",
        "coordinates": [
          12.4985624,
          41.8956687
        ]
      },
      "id": "node/13888833472"
    },
    {
      "type": "Feature",
      "properties": {
        "@id": "node/13888871344",
        "man_made": "surveillance",
        "surveillance:type": "camera"
      },
      "geometry": {
        "type": "Point",
        "coordinates": [
          12.498928,
          41.8964428
        ]
      },
      "id": "node/13888871344"
    },
    {
      "type": "Feature",
      "properties": {
        "@id": "node/13888893405",
        "man_made": "surveillance",
        "surveillance:type": "camera"
      },
      "geometry": {
        "type": "Point",
        "coordinates": [
          12.4991951,
          41.8965651
        ]
      },
      "id": "node/13888893405"
    },
    {
      "type": "Feature",
      "properties": {
        "@id": "node/13888971704",
        "amenity": "fast_food",
        "cuisine": "kebab"
      },
      "geometry": {
        "type": "Point",
        "coordinates": [
          12.493392,
          41.8953587
        ]
      },
      "id": "node/13888971704"
    },
    {
      "type": "Feature",
      "properties": {
        "@id": "node/13889154120",
        "amenity": "vending_machine",
        "ref": "90011",
        "vending": "parking_tickets"
      },
      "geometry": {
        "type": "Point",
        "coordinates": [
          12.4918807,
          41.8922231
        ]
      },
      "id": "node/13889154120"
    },
    {
      "type": "Feature",
      "properties": {
        "@id": "node/13909781902",
        "addr:housenumber": "45",
        "addr:postcode": "00187",
        "addr:street": "Via Campania",
        "amenity": "restaurant",
        "name": "Terrazza Borghese"
      },
      "geometry": {
        "type": "Point",
        "coordinates": [
          12.4890915,
          41.8915031
        ]
      },
      "id": "node/13909781902"
    }
  ]
}